"","moduleLabels","moduleColors"
"ELMO2",0,"grey"
"RPS11",4,"yellow"
"PNMA1",3,"brown"
"ERCC5",0,"grey"
"ZHX3",0,"grey"
"APBB2",0,"grey"
"H2AZ2",0,"grey"
"DECR1",0,"grey"
"RPS18",4,"yellow"
"LMAN1",0,"grey"
"CHD8",2,"blue"
"SUMO1",4,"yellow"
"GP1BA",3,"brown"
"UQCR11",0,"grey"
"DDB1",9,"magenta"
"MYO9B",0,"grey"
"CRNKL1",2,"blue"
"XAB2",0,"grey"
"RTN1",3,"brown"
"DTNBP1",0,"grey"
"ZEB1",4,"yellow"
"MIER1",2,"blue"
"CHD9",3,"brown"
"ARID3C",5,"green"
"TOB2",0,"grey"
"INIP",1,"turquoise"
"BANK1",17,"grey60"
"IPO9",0,"grey"
"SORL1",2,"blue"
"NAT10",0,"grey"
"CHD1",2,"blue"
"SERPINF1",1,"turquoise"
"OR7A17",1,"turquoise"
"STK25",0,"grey"
"TAOK3",0,"grey"
"CDC25B",6,"red"
"BMP3",15,"midnightblue"
"USP6NL",0,"grey"
"TEK",0,"grey"
"SLC25A46",0,"grey"
"LARP7",1,"turquoise"
"PHF20",0,"grey"
"GTPBP1",0,"grey"
"RAB33B",1,"turquoise"
"ZNF83",1,"turquoise"
"GDPD5",5,"green"
"PDCD4",8,"pink"
"CEP350",2,"blue"
"CST7",0,"grey"
"OR10A2",1,"turquoise"
"SELL",2,"blue"
"CIAO1",1,"turquoise"
"ABR",0,"grey"
"STK17A",2,"blue"
"RIMBP3B",0,"grey"
"CD38",0,"grey"
"ZDHHC6",0,"grey"
"CTDSP2",3,"brown"
"RMND5B",1,"turquoise"
"CCNY",0,"grey"
"MAOA",0,"grey"
"GYPC",9,"magenta"
"H2BC21",3,"brown"
"RNF4",1,"turquoise"
"EMC1",1,"turquoise"
"HDAC7",0,"grey"
"GRB2",0,"grey"
"EIF1",1,"turquoise"
"FPGT",0,"grey"
"CHST15",2,"blue"
"GPN2",1,"turquoise"
"TRAPPC9",0,"grey"
"GCC2",2,"blue"
"KIAA0100",0,"grey"
"HS2ST1",2,"blue"
"CD82",1,"turquoise"
"PTP4A2",0,"grey"
"SEC14L1",2,"blue"
"METTL25",0,"grey"
"CHFR",6,"red"
"NDUFS4",0,"grey"
"COL18A1",6,"red"
"SMIM27",1,"turquoise"
"SF3B6",0,"grey"
"FUS",0,"grey"
"TF",6,"red"
"ASS1",6,"red"
"USP42",0,"grey"
"SEC23IP",0,"grey"
"UQCRC1",0,"grey"
"POLG",0,"grey"
"TFR2",6,"red"
"RICTOR",2,"blue"
"SNAPC1",1,"turquoise"
"GNA11",18,"lightgreen"
"UPF3A",0,"grey"
"CHST6",1,"turquoise"
"ZNF687",1,"turquoise"
"METTL21A",1,"turquoise"
"COX7A2",4,"yellow"
"PDP1",0,"grey"
"ASNSD1",0,"grey"
"FUT4",1,"turquoise"
"RP9",0,"grey"
"ARAP1",2,"blue"
"AGPS",0,"grey"
"UNG",1,"turquoise"
"GSTP1",4,"yellow"
"DCUN1D5",0,"grey"
"SLC9A3R1",0,"grey"
"CHMP7",0,"grey"
"WASHC3",0,"grey"
"REM2",8,"pink"
"FKBP4",0,"grey"
"ZNF350",0,"grey"
"BST1",1,"turquoise"
"UBE2W",2,"blue"
"FHL1",3,"brown"
"OSGEP",0,"grey"
"GATA1",3,"brown"
"SMC6",0,"grey"
"RPL4",4,"yellow"
"RBM6",0,"grey"
"CYSTM1",0,"grey"
"WAPL",0,"grey"
"KLF4",0,"grey"
"BTK",3,"brown"
"KRCC1",2,"blue"
"PRND",1,"turquoise"
"MOB1B",3,"brown"
"HUS1",1,"turquoise"
"DNAJC30",1,"turquoise"
"UIMC1",0,"grey"
"ZNF667",1,"turquoise"
"TFEC",0,"grey"
"ETFA",3,"brown"
"ZNF146",0,"grey"
"MIA2",0,"grey"
"KLHL6",1,"turquoise"
"ARGFX",1,"turquoise"
"CUL4B",1,"turquoise"
"AKIRIN1",1,"turquoise"
"DNAJC9",0,"grey"
"ZNF568",1,"turquoise"
"ITSN1",0,"grey"
"EHBP1L1",0,"grey"
"DCTN1",0,"grey"
"TNKS2",2,"blue"
"TMEM241",1,"turquoise"
"C1QBP",0,"grey"
"OSER1",0,"grey"
"TCP1",0,"grey"
"TMED7",2,"blue"
"PTCRA",3,"brown"
"PAWR",1,"turquoise"
"LDLR",0,"grey"
"ASTN2",1,"turquoise"
"TAB2",3,"brown"
"GPATCH8",0,"grey"
"TANC2",2,"blue"
"FAM161A",1,"turquoise"
"PGM1",6,"red"
"CPD",2,"blue"
"SNCAIP",1,"turquoise"
"HLA-DOA",0,"grey"
"PROSER3",1,"turquoise"
"DNAJB4",0,"grey"
"PECR",0,"grey"
"HSPA2",1,"turquoise"
"SERP1",4,"yellow"
"SYDE2",1,"turquoise"
"RAB5A",2,"blue"
"DCAF11",0,"grey"
"SUSD6",2,"blue"
"PLEKHM3",1,"turquoise"
"XAF1",1,"turquoise"
"ENKUR",3,"brown"
"ABCG8",1,"turquoise"
"ANKDD1A",1,"turquoise"
"DAND5",1,"turquoise"
"THOC7",0,"grey"
"TCTA",0,"grey"
"B2M",3,"brown"
"SEPHS1",0,"grey"
"GLIPR2",2,"blue"
"PLRG1",0,"grey"
"SPG7",1,"turquoise"
"PARD6G",1,"turquoise"
"GRPEL2",0,"grey"
"INPP5B",1,"turquoise"
"PPID",1,"turquoise"
"TRIM56",1,"turquoise"
"UBE2J1",2,"blue"
"SAFB2",0,"grey"
"KLRG1",0,"grey"
"E2F4",0,"grey"
"GYPA",9,"magenta"
"KIAA0232",2,"blue"
"ERCC8",1,"turquoise"
"GPX4",0,"grey"
"MSS51",1,"turquoise"
"GPR157",1,"turquoise"
"FAM199X",0,"grey"
"ALG9",1,"turquoise"
"BTBD10",0,"grey"
"RABGGTB",0,"grey"
"ANKRD40",1,"turquoise"
"CALCOCO2",1,"turquoise"
"SNCA",9,"magenta"
"SPATS2L",1,"turquoise"
"SLC48A1",1,"turquoise"
"ARHGAP26",2,"blue"
"CDK16",0,"grey"
"HRAS",0,"grey"
"BSDC1",0,"grey"
"PHF12",0,"grey"
"WSB1",0,"grey"
"PROS1",3,"brown"
"SOCS4",0,"grey"
"PSMB8",0,"grey"
"TBCCD1",1,"turquoise"
"AP2S1",0,"grey"
"VAT1",0,"grey"
"SHANK3",0,"grey"
"PCNX2",0,"grey"
"TUFM",0,"grey"
"THEG",10,"purple"
"TOMM22",0,"grey"
"SOCS3",2,"blue"
"MALL",1,"turquoise"
"MACIR",0,"grey"
"RUVBL2",0,"grey"
"CGRRF1",0,"grey"
"PEAK3",1,"turquoise"
"ISCA1",0,"grey"
"RPL27",4,"yellow"
"EPN1",1,"turquoise"
"VPS50",0,"grey"
"MFSD14B",2,"blue"
"RDH11",3,"brown"
"TRMT9B",1,"turquoise"
"AUH",0,"grey"
"MBD2",0,"grey"
"ABHD14B",8,"pink"
"PIGT",0,"grey"
"ALAS1",0,"grey"
"FOXO1",3,"brown"
"CRLF3",0,"grey"
"CCDC28A",0,"grey"
"NPHP3",1,"turquoise"
"PYURF",0,"grey"
"HMGXB4",0,"grey"
"ZC3H14",1,"turquoise"
"RBMXL1",0,"grey"
"CRTAP",0,"grey"
"DDX50",0,"grey"
"STYXL1",0,"grey"
"BLVRB",0,"grey"
"DMAC2",0,"grey"
"CCZ1B",8,"pink"
"BANF1",15,"midnightblue"
"HMBS",0,"grey"
"FAM13A",8,"pink"
"SLC25A24",0,"grey"
"ACER3",0,"grey"
"SLC25A15",1,"turquoise"
"MRO",1,"turquoise"
"TDP1",5,"green"
"RFK",0,"grey"
"ZFYVE9",1,"turquoise"
"GBA2",0,"grey"
"NDUFB3",0,"grey"
"HSD17B13",1,"turquoise"
"FMNL1",2,"blue"
"CHTOP",0,"grey"
"GNLY",0,"grey"
"ZNF165",19,"lightyellow"
"USP38",2,"blue"
"ARMCX3",3,"brown"
"ARHGDIB",0,"grey"
"AK1",1,"turquoise"
"DIPK2A",3,"brown"
"C4B",6,"red"
"FAM20B",0,"grey"
"HES2",1,"turquoise"
"INTS7",0,"grey"
"HNRNPH1",0,"grey"
"COX16",0,"grey"
"OGFRL1",2,"blue"
"PPP1R15A",1,"turquoise"
"MAN1A1",2,"blue"
"ALOX12",3,"brown"
"RB1CC1",2,"blue"
"EIF4E",3,"brown"
"SIGLEC15",1,"turquoise"
"ABHD5",2,"blue"
"EXOC4",0,"grey"
"HEATR5A",0,"grey"
"SLC29A4",1,"turquoise"
"URGCP",1,"turquoise"
"EMB",4,"yellow"
"TRAF6",0,"grey"
"LMNB1",13,"salmon"
"SHE",1,"turquoise"
"IFIT1B",9,"magenta"
"ENSG00000272772",0,"grey"
"PIK3C2B",1,"turquoise"
"USP15",2,"blue"
"PTGER2",0,"grey"
"SLC31A1",1,"turquoise"
"IFT172",1,"turquoise"
"GFOD1",1,"turquoise"
"COMMD1",4,"yellow"
"FOXN3",2,"blue"
"NTRK2",5,"green"
"MFGE8",1,"turquoise"
"PFKFB2",0,"grey"
"CYRIA",2,"blue"
"LCLAT1",1,"turquoise"
"PDLIM1",3,"brown"
"RNF126",0,"grey"
"CEP63",1,"turquoise"
"CLIC4",3,"brown"
"ALOX5AP",2,"blue"
"KLK7",1,"turquoise"
"BIRC6",2,"blue"
"RFT1",1,"turquoise"
"ELP6",1,"turquoise"
"TACC1",2,"blue"
"SAMHD1",0,"grey"
"EPC2",0,"grey"
"TUT4",0,"grey"
"SNX18",2,"blue"
"MDM2",1,"turquoise"
"CAPNS1",18,"lightgreen"
"KLHDC3",4,"yellow"
"EFHD2",0,"grey"
"NBEA",0,"grey"
"CLDN3",0,"grey"
"AKT2",0,"grey"
"EGFR",6,"red"
"ZDHHC3",0,"grey"
"CYB5B",0,"grey"
"TESPA1",0,"grey"
"NDRG1",0,"grey"
"CDHR4",1,"turquoise"
"FARP2",8,"pink"
"MAPKAPK3",0,"grey"
"PRKD2",0,"grey"
"ZFP36L1",2,"blue"
"CYSLTR1",2,"blue"
"CFAP54",1,"turquoise"
"PCNP",3,"brown"
"CREB1",2,"blue"
"NAA38",0,"grey"
"LNPK",0,"grey"
"C9orf57",1,"turquoise"
"LAT",3,"brown"
"KCNA3",3,"brown"
"ZHX2",0,"grey"
"CDT1",1,"turquoise"
"CD28",15,"midnightblue"
"ZNRF3",1,"turquoise"
"AGL",0,"grey"
"PSD4",1,"turquoise"
"CCNB1IP1",0,"grey"
"SKI",6,"red"
"SEC61G",1,"turquoise"
"ATXN7L3",0,"grey"
"SZT2",1,"turquoise"
"SINHCAF",0,"grey"
"PPP2R2A",0,"grey"
"EIF3J",0,"grey"
"SLC66A1",1,"turquoise"
"RTCA",1,"turquoise"
"TMEM52B",1,"turquoise"
"SCLT1",0,"grey"
"TAL1",3,"brown"
"ACSL1",2,"blue"
"ABCC5",0,"grey"
"ABL1",0,"grey"
"RBBP7",0,"grey"
"NCOR1",5,"green"
"CMTR1",0,"grey"
"TXNRD1",0,"grey"
"UBE2H",3,"brown"
"BRDT",1,"turquoise"
"SLC6A8",9,"magenta"
"CWC22",0,"grey"
"NRDC",2,"blue"
"PPP1CB",0,"grey"
"ARF5",4,"yellow"
"SLC24A4",1,"turquoise"
"CCT3",4,"yellow"
"SLC3A2",0,"grey"
"ZNF121",1,"turquoise"
"RAD50",0,"grey"
"IER5",0,"grey"
"MBTPS2",4,"yellow"
"FAM110D",1,"turquoise"
"NCL",4,"yellow"
"PSMD10",0,"grey"
"RASGRP3",1,"turquoise"
"MED21",0,"grey"
"SYT11",1,"turquoise"
"SPTBN2",1,"turquoise"
"BHLHE40",0,"grey"
"RNF111",2,"blue"
"IST1",0,"grey"
"P2RY10",0,"grey"
"DDX21",0,"grey"
"H4C4",4,"yellow"
"PEDS1",1,"turquoise"
"MTO1",1,"turquoise"
"ADAR",2,"blue"
"MPIG6B",3,"brown"
"P2RX1",3,"brown"
"HBM",0,"grey"
"TM9SF2",2,"blue"
"INHBE",1,"turquoise"
"HBB",9,"magenta"
"MED15",0,"grey"
"CASR",1,"turquoise"
"MTPN",3,"brown"
"IRF2",2,"blue"
"MT-CO1",17,"grey60"
"ATP5F1C",4,"yellow"
"SOX6",9,"magenta"
"TBC1D22A",0,"grey"
"NAB1",0,"grey"
"TSPAN18",3,"brown"
"PLG",6,"red"
"ZNF532",0,"grey"
"LBHD1",1,"turquoise"
"LAMTOR4",0,"grey"
"SLFN11",0,"grey"
"POLR2J3",1,"turquoise"
"NOL7",0,"grey"
"PANK2",1,"turquoise"
"H2AC16",0,"grey"
"ICAM3",0,"grey"
"TAF8",1,"turquoise"
"RNF139",0,"grey"
"ADAM8",2,"blue"
"MAN2B2",1,"turquoise"
"RGS12",1,"turquoise"
"PRRG3",8,"pink"
"RAPGEF5",4,"yellow"
"CHP1",1,"turquoise"
"ZCCHC2",2,"blue"
"ACAP2",2,"blue"
"PPP4R2",0,"grey"
"SIGLEC5",2,"blue"
"GUCD1",0,"grey"
"LRRN4CL",1,"turquoise"
"KIAA1586",0,"grey"
"SLC2A4RG",0,"grey"
"FBXL3",2,"blue"
"CA5B",1,"turquoise"
"MPHOSPH9",0,"grey"
"KIZ",0,"grey"
"GET3",0,"grey"
"FAM168A",0,"grey"
"TBC1D15",1,"turquoise"
"ZNF830",5,"green"
"MRPS21",0,"grey"
"NONO",0,"grey"
"ITCH",2,"blue"
"MGAT3",0,"grey"
"MBP",2,"blue"
"GTF2H2C",1,"turquoise"
"HELZ",0,"grey"
"MPEG1",2,"blue"
"DMD",1,"turquoise"
"NDUFA12",0,"grey"
"STAMBPL1",1,"turquoise"
"SRM",0,"grey"
"ANKRD33B",3,"brown"
"TMIE",0,"grey"
"SNX8",0,"grey"
"CHURC1",0,"grey"
"SELENON",0,"grey"
"HDAC1",0,"grey"
"FNDC3B",0,"grey"
"VMA21",1,"turquoise"
"CAV2",0,"grey"
"AREL1",0,"grey"
"DUS1L",0,"grey"
"KDM2B",0,"grey"
"NEK9",1,"turquoise"
"NEURL1B",0,"grey"
"ASF1A",0,"grey"
"TOMM40",1,"turquoise"
"TUBGCP5",0,"grey"
"IGSF6",2,"blue"
"BTD",1,"turquoise"
"SNRPB2",0,"grey"
"MBOAT7",2,"blue"
"ERICH1",0,"grey"
"RAB28",0,"grey"
"OR2M3",1,"turquoise"
"RPN2",0,"grey"
"CTSO",1,"turquoise"
"SFMBT1",0,"grey"
"C4BPA",6,"red"
"UPF2",0,"grey"
"SORBS3",0,"grey"
"ALB",6,"red"
"TERF1",1,"turquoise"
"KIF22",1,"turquoise"
"GSE1",3,"brown"
"NINJ1",0,"grey"
"ZNF703",0,"grey"
"UCP3",11,"greenyellow"
"MYL6B",8,"pink"
"STEEP1",1,"turquoise"
"TREM1",2,"blue"
"OST4",3,"brown"
"VAMP7",3,"brown"
"HLA-C",2,"blue"
"BBIP1",0,"grey"
"N4BP2L1",3,"brown"
"ELOB",0,"grey"
"SLIT2",0,"grey"
"HAUS3",1,"turquoise"
"RSF1",0,"grey"
"MYLK3",1,"turquoise"
"LONRF1",0,"grey"
"CCP110",0,"grey"
"C2orf88",3,"brown"
"DENND6B",1,"turquoise"
"STX6",0,"grey"
"CIDEB",0,"grey"
"PDK3",2,"blue"
"CASP4",2,"blue"
"KCNJ11",1,"turquoise"
"TPR",2,"blue"
"LYRM7",1,"turquoise"
"BRD3",0,"grey"
"SERPINA3",6,"red"
"FBXL4",3,"brown"
"UGT8",1,"turquoise"
"BMP2K",2,"blue"
"HINT1",1,"turquoise"
"H2BC3",0,"grey"
"CHCHD2",4,"yellow"
"RHOBTB1",3,"brown"
"RPL38",4,"yellow"
"KAZN",5,"green"
"AP2A2",1,"turquoise"
"ZBTB46",0,"grey"
"MAP7D1",13,"salmon"
"AOX1",6,"red"
"DTNA",1,"turquoise"
"TMOD3",1,"turquoise"
"EEA1",0,"grey"
"PLK5",1,"turquoise"
"IL1R1",0,"grey"
"KTN1",0,"grey"
"PHKB",15,"midnightblue"
"TBC1D8B",1,"turquoise"
"LAPTM4B",0,"grey"
"MRTFB",0,"grey"
"XPO7",9,"magenta"
"TRIM5",0,"grey"
"APOC1",6,"red"
"PARD6B",1,"turquoise"
"ARID1A",2,"blue"
"RCN2",1,"turquoise"
"STARD7",4,"yellow"
"JHY",1,"turquoise"
"SHMT2",0,"grey"
"UQCRH",4,"yellow"
"SDHA",0,"grey"
"ZNF280D",0,"grey"
"RCBTB2",2,"blue"
"VEGFB",0,"grey"
"KLRB1",4,"yellow"
"SAFB",0,"grey"
"NSUN4",1,"turquoise"
"RFX2",2,"blue"
"FANCD2",1,"turquoise"
"SENP5",1,"turquoise"
"LBR",2,"blue"
"IL2RG",2,"blue"
"KLF3",2,"blue"
"FZR1",0,"grey"
"GMPR2",0,"grey"
"ERGIC1",2,"blue"
"ERBB4",5,"green"
"MAP4",0,"grey"
"OR2T33",1,"turquoise"
"ORC3",17,"grey60"
"HIVEP1",0,"grey"
"DFFB",1,"turquoise"
"EIF4EBP2",0,"grey"
"IER2",0,"grey"
"AIFM1",5,"green"
"WWC2",0,"grey"
"EPB41L4A",1,"turquoise"
"MALT1",0,"grey"
"DENND11",0,"grey"
"ZNF783",1,"turquoise"
"ZNF85",19,"lightyellow"
"SLC25A37",9,"magenta"
"OR5AS1",1,"turquoise"
"SMARCC2",0,"grey"
"CCDC12",0,"grey"
"AMBRA1",0,"grey"
"USF2",0,"grey"
"DSP",6,"red"
"IRF2BP2",0,"grey"
"MSN",2,"blue"
"SMARCD1",0,"grey"
"ZNF347",1,"turquoise"
"GTF2E1",0,"grey"
"ATAD2B",3,"brown"
"ARHGAP17",0,"grey"
"SFPQ",0,"grey"
"BMPR1A",0,"grey"
"STAG2",2,"blue"
"MOB3C",3,"brown"
"LARS1",1,"turquoise"
"CD55",2,"blue"
"RPS23",4,"yellow"
"FBXO27",1,"turquoise"
"SMAD3",0,"grey"
"NUP93",0,"grey"
"ADGRG3",2,"blue"
"RMC1",0,"grey"
"CDK12",2,"blue"
"GALNT13",5,"green"
"NEDD4",0,"grey"
"NEK4",1,"turquoise"
"PRKAR2A",0,"grey"
"ATP6V0B",2,"blue"
"CEACAM8",1,"turquoise"
"SKP1",0,"grey"
"ZBTB38",0,"grey"
"FBLIM1",1,"turquoise"
"FYCO1",0,"grey"
"RAPH1",0,"grey"
"MINK1",0,"grey"
"SLC25A1",0,"grey"
"DOCK8",2,"blue"
"EZH2",0,"grey"
"RNASEK",0,"grey"
"ARMC1",0,"grey"
"ENSG00000258311",1,"turquoise"
"HBEGF",13,"salmon"
"PI4KA",0,"grey"
"POU2AF1",1,"turquoise"
"R3HDM4",9,"magenta"
"ACBD5",1,"turquoise"
"TIPARP",0,"grey"
"CCDC137",0,"grey"
"DNASE1L3",0,"grey"
"TRIM72",1,"turquoise"
"IPO8",0,"grey"
"MAP3K14",0,"grey"
"PIBF1",5,"green"
"ZNF117",1,"turquoise"
"TNFSF15",1,"turquoise"
"SECISBP2",0,"grey"
"GABRR2",1,"turquoise"
"URI1",8,"pink"
"PIK3C3",0,"grey"
"PAG1",2,"blue"
"GNG10",2,"blue"
"GPCPD1",2,"blue"
"ANKRD28",3,"brown"
"RAB14",3,"brown"
"GRK3",0,"grey"
"CDK2AP2",0,"grey"
"RIPPLY3",1,"turquoise"
"CXCR2",2,"blue"
"HDDC3",1,"turquoise"
"COMMD7",0,"grey"
"ARHGAP45",0,"grey"
"CXXC1",13,"salmon"
"DYNC1LI2",4,"yellow"
"GDI1",3,"brown"
"CCDC186",2,"blue"
"EFTUD2",0,"grey"
"HSPB11",1,"turquoise"
"MED10",0,"grey"
"FAM135A",0,"grey"
"ARHGAP4",0,"grey"
"EHMT2",0,"grey"
"STRIP2",1,"turquoise"
"COA5",1,"turquoise"
"WTIP",1,"turquoise"
"ERMP1",0,"grey"
"HACE1",0,"grey"
"SCD5",1,"turquoise"
"LSG1",0,"grey"
"MAL",0,"grey"
"SNU13",4,"yellow"
"WDR5B",1,"turquoise"
"ARMC8",3,"brown"
"RD3",1,"turquoise"
"SMC1A",0,"grey"
"TUSC2",0,"grey"
"ATP2C1",3,"brown"
"TMEM230",0,"grey"
"EGR1",2,"blue"
"SLC12A2",0,"grey"
"PSMC6",4,"yellow"
"PPP4R3B",0,"grey"
"STRADA",0,"grey"
"LLGL1",0,"grey"
"USP54",1,"turquoise"
"MTF1",0,"grey"
"SCUBE1",1,"turquoise"
"HUWE1",0,"grey"
"CDH17",14,"cyan"
"CD180",0,"grey"
"TMPO",0,"grey"
"RRAS2",0,"grey"
"SV2B",1,"turquoise"
"PPM1M",0,"grey"
"GP6",3,"brown"
"LEF1",0,"grey"
"TLNRD1",0,"grey"
"MAPK14",2,"blue"
"GTF2F2",0,"grey"
"H1-5",0,"grey"
"MOCS3",1,"turquoise"
"PPHLN1",0,"grey"
"RAPGEF1",0,"grey"
"MAP3K8",2,"blue"
"DLG4",1,"turquoise"
"NCCRP1",1,"turquoise"
"EFCAB14",0,"grey"
"CPSF3",0,"grey"
"YY1AP1",0,"grey"
"SULT1A1",1,"turquoise"
"HOGA1",1,"turquoise"
"OR2A5",1,"turquoise"
"ZNF516",2,"blue"
"GGPS1",0,"grey"
"MAP2K2",0,"grey"
"RNF19B",2,"blue"
"ANO2",4,"yellow"
"TLR8",2,"blue"
"PCDHA9",1,"turquoise"
"CARS2",0,"grey"
"RHAG",0,"grey"
"EXOC8",2,"blue"
"MAML3",3,"brown"
"SAMD1",0,"grey"
"LDHA",0,"grey"
"MRPL20",1,"turquoise"
"TTC5",1,"turquoise"
"XKR5",0,"grey"
"PPP2R5C",1,"turquoise"
"MPZL1",2,"blue"
"ARSB",1,"turquoise"
"SPIN4",0,"grey"
"ANKRD11",13,"salmon"
"CPM",1,"turquoise"
"SLC26A4",1,"turquoise"
"PLD5",0,"grey"
"GATD1",1,"turquoise"
"SIPA1L1",2,"blue"
"ATG4D",0,"grey"
"MTCH1",11,"greenyellow"
"HK1",9,"magenta"
"CDC26",0,"grey"
"MRPL35",0,"grey"
"TNKS",1,"turquoise"
"SLC30A4",1,"turquoise"
"ARHGEF18",0,"grey"
"ARRB1",3,"brown"
"EREG",1,"turquoise"
"MCAM",0,"grey"
"OR7C1",1,"turquoise"
"AQR",0,"grey"
"IPMK",2,"blue"
"CLMN",1,"turquoise"
"DENND5B",0,"grey"
"SSTR3",5,"green"
"RBL2",2,"blue"
"PYGO2",0,"grey"
"PPP1R10",0,"grey"
"CSE1L",0,"grey"
"TOM1",0,"grey"
"MRPL50",0,"grey"
"RCAN3",0,"grey"
"STYX",0,"grey"
"SGMS1",3,"brown"
"OPN1MW3",5,"green"
"RIOK3",9,"magenta"
"PPP1R12C",0,"grey"
"ATG9A",0,"grey"
"TMEM40",3,"brown"
"ELP3",0,"grey"
"ZNF787",0,"grey"
"MIGA1",1,"turquoise"
"PELI1",2,"blue"
"C8orf34",1,"turquoise"
"PPT1",2,"blue"
"SLC35C2",1,"turquoise"
"GNB2",0,"grey"
"ZNF724",1,"turquoise"
"NUP50",8,"pink"
"C7",1,"turquoise"
"ARRDC4",0,"grey"
"MTUS1",0,"grey"
"AKAP17A",0,"grey"
"LEMD3",2,"blue"
"PLEKHF2",3,"brown"
"PYM1",0,"grey"
"CNOT10",0,"grey"
"GTF3C2",1,"turquoise"
"MR1",1,"turquoise"
"ATL3",1,"turquoise"
"KPNA5",1,"turquoise"
"TCAIM",0,"grey"
"MIEF1",0,"grey"
"EGR3",0,"grey"
"OASL",0,"grey"
"IFRD1",2,"blue"
"WDFY1",0,"grey"
"ZNF267",2,"blue"
"ZBTB6",0,"grey"
"TXNIP",2,"blue"
"MARCHF7",2,"blue"
"RPL36AL",4,"yellow"
"HEBP2",2,"blue"
"RAP2B",0,"grey"
"CAMK2G",2,"blue"
"SRSF8",9,"magenta"
"HMGB2",0,"grey"
"KIF3B",0,"grey"
"MTMR9",0,"grey"
"POLR2D",1,"turquoise"
"TOPORS",2,"blue"
"TCEAL9",0,"grey"
"MVB12B",0,"grey"
"FXR1",4,"yellow"
"CASP3",3,"brown"
"FAM200B",0,"grey"
"FAAP20",0,"grey"
"ENTPD5",6,"red"
"CNOT9",0,"grey"
"ZNF461",1,"turquoise"
"PDIA5",0,"grey"
"TMEM67",0,"grey"
"WDR47",0,"grey"
"KCTD20",3,"brown"
"KLRF1",4,"yellow"
"AGO1",0,"grey"
"ITGAM",15,"midnightblue"
"WDR31",1,"turquoise"
"SKA3",0,"grey"
"RGS2",2,"blue"
"P3H4",1,"turquoise"
"PTMA",13,"salmon"
"NAPA",0,"grey"
"PIK3R4",0,"grey"
"CILK1",1,"turquoise"
"BTBD3",0,"grey"
"NDUFV3",1,"turquoise"
"PPP1R2",0,"grey"
"FOSL2",2,"blue"
"TUBA4A",3,"brown"
"EEF2",4,"yellow"
"RBM12",0,"grey"
"TMEM150C",1,"turquoise"
"DEDD",0,"grey"
"SCYL2",15,"midnightblue"
"PTPN1",0,"grey"
"SKAP1",0,"grey"
"SEPTIN5",3,"brown"
"PILRB",11,"greenyellow"
"IFITM3",0,"grey"
"SLU7",1,"turquoise"
"DSC3",1,"turquoise"
"UBE2S",0,"grey"
"SAP130",0,"grey"
"ANAPC11",0,"grey"
"NIFK",0,"grey"
"ATP6V1B2",2,"blue"
"CAPZA1",2,"blue"
"CDYL2",0,"grey"
"GLRX3",0,"grey"
"NUS1",0,"grey"
"PGRMC1",3,"brown"
"CHM",0,"grey"
"ZNF619",0,"grey"
"CCNL1",2,"blue"
"TOMM6",4,"yellow"
"B3GALNT1",1,"turquoise"
"GDAP2",1,"turquoise"
"COX6B1",0,"grey"
"LGMN",1,"turquoise"
"USP31",3,"brown"
"SDCBP",2,"blue"
"PYGL",2,"blue"
"NUBPL",0,"grey"
"SLC16A6",0,"grey"
"RIN3",5,"green"
"DIP2B",2,"blue"
"LY75",1,"turquoise"
"RREB1",6,"red"
"ENSG00000225528",0,"grey"
"SP1",2,"blue"
"TOX4",0,"grey"
"HSPA9",0,"grey"
"LSM5",0,"grey"
"ZBTB1",0,"grey"
"GTF2F1",13,"salmon"
"RPS15A",1,"turquoise"
"GINS4",1,"turquoise"
"MYO15A",1,"turquoise"
"GIMAP7",4,"yellow"
"ENSG00000275740",1,"turquoise"
"UTP3",0,"grey"
"CKLF",2,"blue"
"MBNL1",3,"brown"
"NUP160",0,"grey"
"NAXD",0,"grey"
"FGA",6,"red"
"SERPINB1",0,"grey"
"DHX57",0,"grey"
"ZNF766",1,"turquoise"
"TUT7",2,"blue"
"IQGAP1",2,"blue"
"FOS",2,"blue"
"ZNF226",5,"green"
"TUBB6",0,"grey"
"BAZ2A",5,"green"
"SECISBP2L",0,"grey"
"CT45A5",1,"turquoise"
"FLACC1",0,"grey"
"EPHA6",1,"turquoise"
"GUCY1B1",3,"brown"
"DIAPH1",3,"brown"
"CORO1A",4,"yellow"
"RRM2",0,"grey"
"OS9",2,"blue"
"COG5",0,"grey"
"SLC4A1AP",0,"grey"
"MRE11",1,"turquoise"
"COPS8",4,"yellow"
"NGLY1",0,"grey"
"MT-ND3",17,"grey60"
"NCBP2",4,"yellow"
"GPSM3",0,"grey"
"ASB6",1,"turquoise"
"SNX30",0,"grey"
"A1BG",1,"turquoise"
"C21orf62",1,"turquoise"
"FMO5",6,"red"
"CEBPG",0,"grey"
"TNFRSF1B",1,"turquoise"
"IQSEC1",2,"blue"
"RBM22",0,"grey"
"BAG2",1,"turquoise"
"PAQR5",7,"black"
"JAM2",1,"turquoise"
"SNRPN",0,"grey"
"GCFC2",0,"grey"
"LRRC40",0,"grey"
"FAM241A",1,"turquoise"
"MRPL49",1,"turquoise"
"SMU1",1,"turquoise"
"ISG20",0,"grey"
"CASZ1",0,"grey"
"POLR1D",0,"grey"
"GIN1",0,"grey"
"KRR1",0,"grey"
"CDKN2AIP",3,"brown"
"EPM2A",5,"green"
"FAH",0,"grey"
"DNTTIP1",0,"grey"
"SLC2A4",1,"turquoise"
"LYL1",0,"grey"
"ZNF34",1,"turquoise"
"METTL25B",0,"grey"
"FLRT2",1,"turquoise"
"WRN",0,"grey"
"NPIPB13",1,"turquoise"
"DZIP3",0,"grey"
"NOMO2",17,"grey60"
"RIT1",3,"brown"
"FAM210A",1,"turquoise"
"SCML1",5,"green"
"RHBDF2",1,"turquoise"
"FBXW11",0,"grey"
"AKT1S1",0,"grey"
"SLC12A5",0,"grey"
"NRIP3",1,"turquoise"
"TMX1",0,"grey"
"SAP30BP",0,"grey"
"WDR76",1,"turquoise"
"MEAF6",1,"turquoise"
"ZFAND3",1,"turquoise"
"DISP2",1,"turquoise"
"C18orf25",1,"turquoise"
"RANBP10",9,"magenta"
"CD96",0,"grey"
"RBMS3",0,"grey"
"TMEM128",0,"grey"
"CSNK1G3",4,"yellow"
"FAM162A",0,"grey"
"ARHGEF6",2,"blue"
"TGFBR2",2,"blue"
"IL33",4,"yellow"
"AMN",5,"green"
"DDX60L",2,"blue"
"CIB1",4,"yellow"
"ZNF680",0,"grey"
"MTRFR",1,"turquoise"
"CTNNAL1",0,"grey"
"CIT",0,"grey"
"HERC4",1,"turquoise"
"DRAP1",0,"grey"
"RGP1",0,"grey"
"ABRAXAS1",1,"turquoise"
"MYO1F",2,"blue"
"RAB11A",3,"brown"
"PLCD3",1,"turquoise"
"PTBP2",1,"turquoise"
"OGA",2,"blue"
"SETD7",1,"turquoise"
"VANGL1",3,"brown"
"CHAF1B",1,"turquoise"
"NDUFA3",1,"turquoise"
"KIAA1328",1,"turquoise"
"DESI2",0,"grey"
"SHARPIN",0,"grey"
"TTC23",1,"turquoise"
"UGP2",0,"grey"
"ANKIB1",0,"grey"
"CIRBP",0,"grey"
"SEC14L4",1,"turquoise"
"GPRIN3",0,"grey"
"PPM1F",1,"turquoise"
"TSR1",1,"turquoise"
"ZFHX3",0,"grey"
"PCSK5",0,"grey"
"HEMK1",1,"turquoise"
"SCRIB",0,"grey"
"RSRC2",0,"grey"
"CUX1",3,"brown"
"UNC119",0,"grey"
"TBCK",0,"grey"
"CDC42SE2",3,"brown"
"EIF2S2",0,"grey"
"CKAP5",0,"grey"
"RNF130",0,"grey"
"SMIM15",0,"grey"
"KYAT3",0,"grey"
"ANK3",1,"turquoise"
"QRSL1",1,"turquoise"
"CCL15",1,"turquoise"
"MORC2",0,"grey"
"DIS3L",1,"turquoise"
"KITLG",0,"grey"
"STRN4",1,"turquoise"
"HDGF",0,"grey"
"ENSG00000288681",2,"blue"
"SETX",2,"blue"
"DDR2",0,"grey"
"KCTD12",2,"blue"
"MAP4K4",13,"salmon"
"PAQR9",0,"grey"
"STX16",0,"grey"
"DLAT",0,"grey"
"KIF21B",0,"grey"
"FEZ2",0,"grey"
"CDC5L",0,"grey"
"IGIP",0,"grey"
"TMEM119",1,"turquoise"
"GNGT2",0,"grey"
"APLF",17,"grey60"
"WNK1",9,"magenta"
"GSDMD",0,"grey"
"PPA1",4,"yellow"
"ST7",3,"brown"
"ATCAY",1,"turquoise"
"TM4SF19",0,"grey"
"PDHB",0,"grey"
"ERN1",1,"turquoise"
"RFLNB",0,"grey"
"KRBOX4",1,"turquoise"
"FBXO32",0,"grey"
"PCDHGA6",1,"turquoise"
"CLPP",0,"grey"
"MTMR3",2,"blue"
"PAM16",1,"turquoise"
"ATP1B3",0,"grey"
"TRIM25",2,"blue"
"CRKL",0,"grey"
"GATM",6,"red"
"ANP32B",4,"yellow"
"RASA3",3,"brown"
"AP4E1",1,"turquoise"
"PGD",0,"grey"
"ITPRIP",2,"blue"
"ZNF133",1,"turquoise"
"H2BC15",1,"turquoise"
"DHX36",0,"grey"
"PHTF2",3,"brown"
"APPL1",0,"grey"
"RAB43",0,"grey"
"WAC",2,"blue"
"CDKAL1",1,"turquoise"
"DAPL1",1,"turquoise"
"VAV3",3,"brown"
"STXBP3",2,"blue"
"EIF3G",4,"yellow"
"NPC1",0,"grey"
"NPFFR1",1,"turquoise"
"H2AC20",0,"grey"
"ALDH9A1",0,"grey"
"ZNF600",1,"turquoise"
"SLC18B1",0,"grey"
"ZNF678",15,"midnightblue"
"PITPNB",0,"grey"
"RASSF1",0,"grey"
"ADD2",1,"turquoise"
"PKD2L2",1,"turquoise"
"LRP11",1,"turquoise"
"CDKL1",1,"turquoise"
"C11orf54",1,"turquoise"
"ATMIN",0,"grey"
"HCAR1",1,"turquoise"
"BTG3",1,"turquoise"
"PAK2",2,"blue"
"ATP2B1",2,"blue"
"ATF7IP2",0,"grey"
"SLC25A43",0,"grey"
"UBE2J2",0,"grey"
"VARS1",0,"grey"
"GNL2",0,"grey"
"KLHL24",1,"turquoise"
"CCDC88A",0,"grey"
"SGPP1",0,"grey"
"TRAPPC6B",0,"grey"
"ZNHIT6",0,"grey"
"BORCS8",1,"turquoise"
"RAB2A",0,"grey"
"PLCE1",1,"turquoise"
"DLG1",1,"turquoise"
"TFIP11",0,"grey"
"GSKIP",18,"lightgreen"
"PIGX",0,"grey"
"POLR2G",0,"grey"
"GRAP2",3,"brown"
"CNBP",1,"turquoise"
"HSPB1",0,"grey"
"IGF1",0,"grey"
"ITPK1",0,"grey"
"G3BP1",0,"grey"
"NT5DC1",0,"grey"
"POLK",0,"grey"
"RBM15",0,"grey"
"AMZ2",0,"grey"
"PAIP1",0,"grey"
"UBB",9,"magenta"
"TCF25",1,"turquoise"
"SLC38A5",9,"magenta"
"TOP3A",1,"turquoise"
"MINDY1",0,"grey"
"BBC3",0,"grey"
"PI4KB",0,"grey"
"OAZ2",2,"blue"
"FADS1",0,"grey"
"RHOT1",2,"blue"
"ARL4A",9,"magenta"
"USE1",1,"turquoise"
"PCGF3",0,"grey"
"HNMT",0,"grey"
"CYP2C19",1,"turquoise"
"APOBR",1,"turquoise"
"RWDD2A",1,"turquoise"
"PALLD",0,"grey"
"MAP3K20",0,"grey"
"KPNA2",0,"grey"
"TMCO3",1,"turquoise"
"KATNB1",0,"grey"
"GHR",6,"red"
"CCDC124",0,"grey"
"BCLAF1",2,"blue"
"GOLGA3",1,"turquoise"
"CLEC4E",2,"blue"
"MGAT4B",3,"brown"
"GLE1",0,"grey"
"SERPINB9",1,"turquoise"
"KNTC1",1,"turquoise"
"LAIR1",1,"turquoise"
"GTF3C3",0,"grey"
"LRRC8D",0,"grey"
"METTL2B",1,"turquoise"
"DNAJC5",0,"grey"
"ALDH2",1,"turquoise"
"CYRIB",2,"blue"
"C3",6,"red"
"EMP2",1,"turquoise"
"SRSF6",3,"brown"
"TRIM41",0,"grey"
"POLE3",4,"yellow"
"TRIM2",0,"grey"
"DGLUCY",0,"grey"
"NELFE",8,"pink"
"UBR3",2,"blue"
"DNM1",0,"grey"
"HYOU1",5,"green"
"ZNF25",0,"grey"
"USP7",2,"blue"
"HNRNPR",0,"grey"
"CARMIL1",0,"grey"
"SERPING1",6,"red"
"TPCN1",0,"grey"
"ADI1",1,"turquoise"
"SLC35D2",3,"brown"
"RACGAP1",0,"grey"
"PSMD3",0,"grey"
"RAB35",0,"grey"
"ERLIN2",1,"turquoise"
"FKRP",1,"turquoise"
"HLA-DRA",4,"yellow"
"NLRP10",1,"turquoise"
"NIPBL",2,"blue"
"ZNF331",1,"turquoise"
"HMGN4",0,"grey"
"EIF3M",1,"turquoise"
"ZNF24",3,"brown"
"MICU1",0,"grey"
"ESRRA",0,"grey"
"FUCA2",0,"grey"
"EBPL",1,"turquoise"
"GMFG",0,"grey"
"PIK3AP1",15,"midnightblue"
"MBD5",0,"grey"
"PHLDA1",1,"turquoise"
"USP19",0,"grey"
"INO80D",0,"grey"
"KDM5A",2,"blue"
"SUV39H2",0,"grey"
"TMEM87B",3,"brown"
"AFAP1L1",0,"grey"
"ZNF549",1,"turquoise"
"ZBTB18",2,"blue"
"LSM12",1,"turquoise"
"MFAP5",0,"grey"
"CST3",0,"grey"
"WDR6",0,"grey"
"CD300A",2,"blue"
"VASH1",0,"grey"
"DHX16",0,"grey"
"CRPPA",0,"grey"
"SMIM30",0,"grey"
"SLC35A5",2,"blue"
"MIS18BP1",0,"grey"
"ARL2BP",4,"yellow"
"CD99",3,"brown"
"GLA",3,"brown"
"CCDC18",0,"grey"
"LYSMD2",0,"grey"
"STK40",2,"blue"
"PIGP",1,"turquoise"
"TMED9",0,"grey"
"UGT2B4",6,"red"
"PJA2",2,"blue"
"MGST1",6,"red"
"PHF1",0,"grey"
"FUBP1",0,"grey"
"KIAA0586",1,"turquoise"
"IL27RA",8,"pink"
"AAMDC",1,"turquoise"
"NOTCH2NLC",2,"blue"
"STMP1",3,"brown"
"CBX6",0,"grey"
"ASH1L",2,"blue"
"SHFL",0,"grey"
"RBM38",9,"magenta"
"TTC21B",1,"turquoise"
"DGKD",3,"brown"
"HNRNPUL2",0,"grey"
"ANKRD52",0,"grey"
"FAM83H",0,"grey"
"OPA1",0,"grey"
"TMEM140",3,"brown"
"IFI16",13,"salmon"
"CSTA",4,"yellow"
"USP4",1,"turquoise"
"NUAK1",4,"yellow"
"RALGPS1",0,"grey"
"NCOA3",0,"grey"
"CCDC6",0,"grey"
"MTHFD1",1,"turquoise"
"ZNF107",2,"blue"
"ALDH6A1",1,"turquoise"
"GRWD1",0,"grey"
"BCKDK",0,"grey"
"CTSB",1,"turquoise"
"ZFP36",2,"blue"
"RILPL1",1,"turquoise"
"CYHR1",0,"grey"
"SIRT2",0,"grey"
"ZNF417",5,"green"
"PHYKPL",0,"grey"
"CHAMP1",1,"turquoise"
"C1orf198",3,"brown"
"PGAM1",0,"grey"
"MEIS1",3,"brown"
"FAM114A2",0,"grey"
"NEDD4L",0,"grey"
"HDGFL3",1,"turquoise"
"ERCC1",1,"turquoise"
"CREBBP",2,"blue"
"BVES",1,"turquoise"
"PARK7",4,"yellow"
"KCNG4",1,"turquoise"
"TUBA1A",2,"blue"
"SELP",3,"brown"
"RARS2",1,"turquoise"
"LRBA",3,"brown"
"MEMO1",0,"grey"
"NAPB",0,"grey"
"KRT8",1,"turquoise"
"TMIGD2",1,"turquoise"
"TCEANC",1,"turquoise"
"HYPK",1,"turquoise"
"ZNF157",1,"turquoise"
"SH3BGRL2",3,"brown"
"ASPSCR1",1,"turquoise"
"FDFT1",0,"grey"
"MYL10",1,"turquoise"
"PTGS2",2,"blue"
"BMP7",1,"turquoise"
"CCDC90B",0,"grey"
"SPIDR",0,"grey"
"UBE2D3",2,"blue"
"SLC25A34",1,"turquoise"
"ARFGEF2",0,"grey"
"REXO1",0,"grey"
"NELFCD",0,"grey"
"ZNF561",1,"turquoise"
"COX7B",1,"turquoise"
"ATP6V1A",2,"blue"
"TRAPPC5",1,"turquoise"
"ZNF362",0,"grey"
"ANKRD17",0,"grey"
"ADH1C",6,"red"
"TGIF2",0,"grey"
"DNMT3A",8,"pink"
"FCAR",1,"turquoise"
"MTLN",1,"turquoise"
"TRIM35",0,"grey"
"LRCH4",0,"grey"
"SMCHD1",2,"blue"
"UBE2Q2",4,"yellow"
"PGGT1B",1,"turquoise"
"CCNDBP1",0,"grey"
"KCNN3",1,"turquoise"
"GLOD4",0,"grey"
"DPY19L3",1,"turquoise"
"SCCPDH",0,"grey"
"ZNF790",1,"turquoise"
"PRMT1",1,"turquoise"
"ITIH3",6,"red"
"TEX10",0,"grey"
"DENND2A",1,"turquoise"
"PIM3",2,"blue"
"KAT8",1,"turquoise"
"SRRT",0,"grey"
"DMTF1",0,"grey"
"GRM1",5,"green"
"H1-10",6,"red"
"IBA57",1,"turquoise"
"ACOT9",1,"turquoise"
"PDE4D",3,"brown"
"GRTP1",1,"turquoise"
"ITGB8",1,"turquoise"
"THEM4",1,"turquoise"
"TRANK1",2,"blue"
"UBE2K",0,"grey"
"GXYLT2",1,"turquoise"
"SLC19A1",2,"blue"
"LIMS1",3,"brown"
"MFAP3L",3,"brown"
"PIK3CD",1,"turquoise"
"DERL2",0,"grey"
"TINAGL1",0,"grey"
"DCUN1D2",0,"grey"
"ARPC1A",4,"yellow"
"CHST2",0,"grey"
"RUFY1",3,"brown"
"TXNDC12",0,"grey"
"BLOC1S5",0,"grey"
"TMEM259",0,"grey"
"PTGIR",3,"brown"
"ART4",0,"grey"
"ZC3H12C",3,"brown"
"ACAA2",1,"turquoise"
"FCMR",0,"grey"
"PIGK",5,"green"
"DAG1",0,"grey"
"C19orf38",0,"grey"
"PLOD2",3,"brown"
"TTC27",17,"grey60"
"TSPAN2",2,"blue"
"PI3",2,"blue"
"ZFAND6",3,"brown"
"ARID2",3,"brown"
"FAM91A1",2,"blue"
"CALM2",0,"grey"
"LINC00672",1,"turquoise"
"BROX",2,"blue"
"ZBTB4",0,"grey"
"GNA13",3,"brown"
"BNIPL",1,"turquoise"
"HUNK",1,"turquoise"
"B4GALT4",0,"grey"
"CHD1L",3,"brown"
"FUT8",3,"brown"
"WWP1",0,"grey"
"STAT1",2,"blue"
"POLR2M",0,"grey"
"MRFAP1",0,"grey"
"SSBP2",1,"turquoise"
"NME4",0,"grey"
"CARD16",2,"blue"
"IRF2BPL",0,"grey"
"CHMP4C",1,"turquoise"
"WEE1",0,"grey"
"APOF",5,"green"
"SSR4",4,"yellow"
"BBX",0,"grey"
"PDE7B",0,"grey"
"MS4A3",4,"yellow"
"RERE",0,"grey"
"CYTH4",2,"blue"
"COMMD8",0,"grey"
"TRIP11",3,"brown"
"TMEM268",1,"turquoise"
"FKBP8",9,"magenta"
"POT1",0,"grey"
"KIAA1109",2,"blue"
"PTPRC",2,"blue"
"CCT7",4,"yellow"
"HRNR",0,"grey"
"ZFX",0,"grey"
"RAB24",0,"grey"
"SLA2",0,"grey"
"SDS",1,"turquoise"
"CCDC174",0,"grey"
"SLC25A40",0,"grey"
"IRAK1BP1",0,"grey"
"FOXD2",0,"grey"
"IFFO1",0,"grey"
"ADARB1",0,"grey"
"HEBP1",0,"grey"
"UBASH3B",0,"grey"
"DTX2",5,"green"
"RABIF",0,"grey"
"DYRK3",0,"grey"
"PFAS",1,"turquoise"
"HNRNPD",4,"yellow"
"RPLP0",4,"yellow"
"RBM34",1,"turquoise"
"MKNK2",0,"grey"
"U2AF2",0,"grey"
"SEC16A",2,"blue"
"CPLANE1",0,"grey"
"ZNF44",1,"turquoise"
"YWHAG",0,"grey"
"IGF2BP2",9,"magenta"
"UTP25",1,"turquoise"
"CCR6",1,"turquoise"
"NEK5",1,"turquoise"
"PUM2",2,"blue"
"ALG10B",0,"grey"
"PHC1",0,"grey"
"SYNE3",1,"turquoise"
"PPP3CB",0,"grey"
"ANGPTL4",1,"turquoise"
"EMC2",1,"turquoise"
"LSM14B",0,"grey"
"ACOT13",1,"turquoise"
"ZNF493",1,"turquoise"
"ELOA",0,"grey"
"NGEF",5,"green"
"FAM102A",0,"grey"
"SPPL2A",1,"turquoise"
"SFXN1",1,"turquoise"
"TBCE",1,"turquoise"
"MAPK1",2,"blue"
"ATP9A",3,"brown"
"CTRC",1,"turquoise"
"TRIM34",0,"grey"
"RNF216",0,"grey"
"SBF1",0,"grey"
"USP46",0,"grey"
"UGGT2",1,"turquoise"
"LILRB3",1,"turquoise"
"SPI1",2,"blue"
"DCAF6",0,"grey"
"SF3A1",13,"salmon"
"BLVRA",0,"grey"
"DAZAP2",2,"blue"
"IKBKB",0,"grey"
"FRG1",0,"grey"
"SDHAF2",0,"grey"
"ZNF706",15,"midnightblue"
"DOK1",0,"grey"
"PGAP1",1,"turquoise"
"FSCN1",0,"grey"
"TRIM66",0,"grey"
"SIRPA",2,"blue"
"RELCH",0,"grey"
"TYW5",1,"turquoise"
"SRD5A1",1,"turquoise"
"TASOR",0,"grey"
"PABIR3",5,"green"
"ZNF142",0,"grey"
"ANKHD1",2,"blue"
"VPS37A",0,"grey"
"BAZ2B",13,"salmon"
"BRD7",13,"salmon"
"GCOM1",3,"brown"
"NISCH",0,"grey"
"TAX1BP3",3,"brown"
"RPL34",4,"yellow"
"MARK2",2,"blue"
"AKAP12",0,"grey"
"CEP85L",0,"grey"
"ATF2",0,"grey"
"ARL6IP5",3,"brown"
"CCNT1",2,"blue"
"DYNLL1",17,"grey60"
"LIPG",8,"pink"
"PHACTR2",5,"green"
"DENND6A",0,"grey"
"MAPK8",0,"grey"
"CCDC38",1,"turquoise"
"RBBP8",0,"grey"
"DNAJC8",0,"grey"
"HDAC8",1,"turquoise"
"STARD4",0,"grey"
"ACVR1",3,"brown"
"KLB",1,"turquoise"
"ZFYVE28",8,"pink"
"NSUN6",0,"grey"
"CCDC91",5,"green"
"PSMB4",4,"yellow"
"XPNPEP3",1,"turquoise"
"SART1",0,"grey"
"CLEC17A",1,"turquoise"
"SPTA1",0,"grey"
"PCMTD1",3,"brown"
"MAPK13",1,"turquoise"
"GTF2B",0,"grey"
"GSPT1",9,"magenta"
"GUSB",0,"grey"
"EXTL3",1,"turquoise"
"TMEM97",1,"turquoise"
"SUZ12",2,"blue"
"PI4K2B",0,"grey"
"KRT18",6,"red"
"MRPS16",1,"turquoise"
"CDK5RAP3",0,"grey"
"YTHDF2",0,"grey"
"GGCX",1,"turquoise"
"ARPC4",0,"grey"
"EGLN2",0,"grey"
"ZFP2",1,"turquoise"
"CNIH4",0,"grey"
"HTATSF1",0,"grey"
"TTC22",1,"turquoise"
"CHCHD10",6,"red"
"DCPS",1,"turquoise"
"SH2D1B",4,"yellow"
"NUP107",5,"green"
"OSBPL9",0,"grey"
"PDE4B",2,"blue"
"PLIN5",14,"cyan"
"IDH3G",0,"grey"
"MAPRE2",0,"grey"
"ARFGAP3",0,"grey"
"IL1RN",2,"blue"
"KIF13A",2,"blue"
"TMEM14B",1,"turquoise"
"ADIPOR1",9,"magenta"
"GRINA",9,"magenta"
"CLIP4",1,"turquoise"
"TFPI",3,"brown"
"NACC1",0,"grey"
"CD209",1,"turquoise"
"DNTTIP2",1,"turquoise"
"CFAP107",1,"turquoise"
"TAF3",13,"salmon"
"LCP2",2,"blue"
"ABHD17B",0,"grey"
"MKI67",6,"red"
"GLS",0,"grey"
"KANK2",0,"grey"
"IL4R",0,"grey"
"SEC11A",4,"yellow"
"C18orf32",1,"turquoise"
"CLSPN",1,"turquoise"
"TM4SF1",4,"yellow"
"SMG7",0,"grey"
"EMILIN2",0,"grey"
"GINM1",1,"turquoise"
"ANKRD13A",2,"blue"
"VASP",0,"grey"
"C16orf87",1,"turquoise"
"SYPL1",0,"grey"
"COA8",1,"turquoise"
"SDE2",1,"turquoise"
"RPS27L",1,"turquoise"
"TATDN3",1,"turquoise"
"MCUR1",1,"turquoise"
"MIPOL1",1,"turquoise"
"OR51D1",0,"grey"
"LAMP2",2,"blue"
"CAT",0,"grey"
"ZNF746",2,"blue"
"ATXN1",2,"blue"
"CPOX",0,"grey"
"APH1B",2,"blue"
"CTNND1",6,"red"
"GABRG2",1,"turquoise"
"F5",2,"blue"
"SEMA4F",1,"turquoise"
"NUDCD3",0,"grey"
"GCNT3",1,"turquoise"
"CNDP1",1,"turquoise"
"N4BP1",2,"blue"
"SLC35F2",1,"turquoise"
"LCP1",2,"blue"
"IGBP1",0,"grey"
"DCAKD",1,"turquoise"
"PITRM1",0,"grey"
"RASSF8",0,"grey"
"GUK1",9,"magenta"
"ADM",2,"blue"
"FGD3",2,"blue"
"RHPN2",1,"turquoise"
"DOC2B",1,"turquoise"
"VPS72",0,"grey"
"SERF2",3,"brown"
"CD22",0,"grey"
"CD47",3,"brown"
"IMPDH1",0,"grey"
"PRKACA",0,"grey"
"ASXL1",0,"grey"
"ZNF620",1,"turquoise"
"WHAMM",1,"turquoise"
"USO1",0,"grey"
"NUDT4",1,"turquoise"
"LDB1",0,"grey"
"ABCC1",3,"brown"
"SHLD2",0,"grey"
"PCBP2",4,"yellow"
"NUP205",0,"grey"
"ACTA1",0,"grey"
"WDR83OS",0,"grey"
"AGXT",6,"red"
"MMADHC",0,"grey"
"PIP5K1B",0,"grey"
"RNF181",0,"grey"
"AFTPH",2,"blue"
"NHSL2",2,"blue"
"FCER1G",0,"grey"
"DDX39B",0,"grey"
"SNTB1",0,"grey"
"SLC24A3",3,"brown"
"TXNL4B",1,"turquoise"
"SNRNP200",5,"green"
"TSGA13",8,"pink"
"KLF13",7,"black"
"FAM117B",0,"grey"
"AP5S1",1,"turquoise"
"PFKFB4",2,"blue"
"LRRC57",1,"turquoise"
"RNF11",3,"brown"
"PAGR1",0,"grey"
"POLD3",0,"grey"
"RAB18",2,"blue"
"JDP2",0,"grey"
"MORF4L1",4,"yellow"
"TMEM184C",0,"grey"
"POU2F1",0,"grey"
"CNNM2",1,"turquoise"
"ZC3H15",0,"grey"
"ELK3",3,"brown"
"GALNT1",2,"blue"
"SBNO1",2,"blue"
"ARCN1",0,"grey"
"PLEKHA5",1,"turquoise"
"TREML1",3,"brown"
"SEC24A",0,"grey"
"HIGD2A",4,"yellow"
"TTLL5",0,"grey"
"SGK3",0,"grey"
"INO80",0,"grey"
"ASB9",0,"grey"
"KICS2",1,"turquoise"
"TRAFD1",0,"grey"
"PEAR1",3,"brown"
"PGS1",2,"blue"
"HAP1",1,"turquoise"
"ACTG1",18,"lightgreen"
"HAVCR2",1,"turquoise"
"KRBOX5",0,"grey"
"LACTB",1,"turquoise"
"LPCAT1",2,"blue"
"CRYBG1",2,"blue"
"SYT15B",1,"turquoise"
"RBM28",1,"turquoise"
"HNRNPA1",4,"yellow"
"GIGYF1",11,"greenyellow"
"BCAS3",1,"turquoise"
"POLA2",1,"turquoise"
"ZC3H12B",1,"turquoise"
"RANBP9",3,"brown"
"EVL",0,"grey"
"PYCARD",0,"grey"
"ACSL4",2,"blue"
"TMEM176B",6,"red"
"RGPD6",0,"grey"
"SCO1",1,"turquoise"
"COMT",1,"turquoise"
"PDLIM5",1,"turquoise"
"GPR108",0,"grey"
"EFCAB11",1,"turquoise"
"LETMD1",4,"yellow"
"STT3B",0,"grey"
"TMEM63A",3,"brown"
"PITPNM1",0,"grey"
"TRIM68",1,"turquoise"
"MCTP1",1,"turquoise"
"FAM50A",0,"grey"
"RNASEH1",0,"grey"
"WLS",2,"blue"
"ERVK3-1",0,"grey"
"SMNDC1",0,"grey"
"CLPB",1,"turquoise"
"SLC30A9",0,"grey"
"CCDC25",0,"grey"
"OTUD1",2,"blue"
"YIF1B",1,"turquoise"
"NBN",8,"pink"
"ZSCAN18",0,"grey"
"JPT1",0,"grey"
"RAC1",3,"brown"
"MOB2",0,"grey"
"NFE2",3,"brown"
"GTF2A1",3,"brown"
"AGFG1",2,"blue"
"TC2N",3,"brown"
"S100P",0,"grey"
"MATR3",4,"yellow"
"CA13",0,"grey"
"DCK",0,"grey"
"SLC6A4",0,"grey"
"MID1IP1",1,"turquoise"
"ENSG00000260342",0,"grey"
"DOCK2",2,"blue"
"TUG1",2,"blue"
"NUP214",0,"grey"
"GOLM1",1,"turquoise"
"DPYSL2",4,"yellow"
"SDCCAG8",1,"turquoise"
"SYNPO2",1,"turquoise"
"GK",2,"blue"
"DNAJB1",0,"grey"
"CHID1",0,"grey"
"IKZF5",5,"green"
"GIMAP8",0,"grey"
"LMNTD1",1,"turquoise"
"NR2F1",0,"grey"
"GNAI2",1,"turquoise"
"METTL8",1,"turquoise"
"SLC39A7",0,"grey"
"FBXO8",0,"grey"
"ILF2",0,"grey"
"NSD2",1,"turquoise"
"ZNF506",1,"turquoise"
"NOM1",1,"turquoise"
"PSMA3",0,"grey"
"H3C10",3,"brown"
"ASCC3",0,"grey"
"LYRM1",0,"grey"
"CGAS",1,"turquoise"
"DNAJC22",1,"turquoise"
"TMEM18",0,"grey"
"ARHGAP30",0,"grey"
"PAIP2",3,"brown"
"ACAT1",6,"red"
"AARS1",0,"grey"
"CSGALNACT2",2,"blue"
"SEPTIN1",0,"grey"
"PHKA2",2,"blue"
"CARD11",0,"grey"
"RSL24D1",4,"yellow"
"MPP7",2,"blue"
"ZC3H7A",3,"brown"
"ST3GAL1",0,"grey"
"KLF16",0,"grey"
"HIF3A",1,"turquoise"
"MAPKAP1",0,"grey"
"SRPRA",0,"grey"
"FRRS1L",0,"grey"
"GREB1",1,"turquoise"
"REEP3",0,"grey"
"LMBRD1",2,"blue"
"LDLRAD4",0,"grey"
"PRPF19",0,"grey"
"SLC25A16",1,"turquoise"
"RPA2",0,"grey"
"MXD4",5,"green"
"TNFSF10",2,"blue"
"SMARCB1",0,"grey"
"BPNT2",1,"turquoise"
"DTX3L",1,"turquoise"
"ULK1",0,"grey"
"TAS1R3",5,"green"
"SLC2A3",2,"blue"
"ARID3A",1,"turquoise"
"WDR43",0,"grey"
"GNG5",0,"grey"
"ACOX1",1,"turquoise"
"KIF5B",2,"blue"
"NUP153",2,"blue"
"CSDE1",0,"grey"
"CLPTM1",0,"grey"
"TTYH3",3,"brown"
"ZNF665",1,"turquoise"
"TLR6",2,"blue"
"GPI",1,"turquoise"
"AGPAT3",0,"grey"
"ADORA2A",0,"grey"
"SPDYE10",1,"turquoise"
"CAMK2D",0,"grey"
"RPS27A",4,"yellow"
"MEAK7",1,"turquoise"
"SWT1",0,"grey"
"RAB11FIP2",0,"grey"
"TSC2",0,"grey"
"CPSF7",2,"blue"
"PTPRB",1,"turquoise"
"SIPA1L2",2,"blue"
"SPTAN1",4,"yellow"
"ACTR1A",0,"grey"
"TMEM44",1,"turquoise"
"BBS10",5,"green"
"PRDM4",0,"grey"
"IRF6",1,"turquoise"
"PSMG2",4,"yellow"
"ZNF407",2,"blue"
"PPIG",0,"grey"
"RPSA",4,"yellow"
"NIBAN1",13,"salmon"
"MT-CYB",17,"grey60"
"PARP14",2,"blue"
"METTL15",0,"grey"
"RPS8",4,"yellow"
"FOXJ2",0,"grey"
"ZNF343",1,"turquoise"
"FBXO33",2,"blue"
"UHMK1",0,"grey"
"TADA3",1,"turquoise"
"ZCCHC24",0,"grey"
"BICRAL",2,"blue"
"IFIT2",2,"blue"
"TIGD1",1,"turquoise"
"NR3C1",2,"blue"
"NPAP1",1,"turquoise"
"CORO1B",0,"grey"
"PARP11",1,"turquoise"
"MAP2K6",0,"grey"
"BORCS5",1,"turquoise"
"AGO4",2,"blue"
"MT-ATP8",17,"grey60"
"YY1",0,"grey"
"AASDHPPT",0,"grey"
"ANAPC7",0,"grey"
"MCM3",0,"grey"
"FAM110A",3,"brown"
"NBPF20",0,"grey"
"RALGAPA2",2,"blue"
"CBLB",0,"grey"
"FAF1",1,"turquoise"
"CDK6",0,"grey"
"NPRL3",9,"magenta"
"CSK",0,"grey"
"SNAP25",1,"turquoise"
"IFT22",1,"turquoise"
"TMTC3",0,"grey"
"LCK",0,"grey"
"AKTIP",0,"grey"
"FURIN",9,"magenta"
"RHNO1",1,"turquoise"
"SMIM12",1,"turquoise"
"GAS2L3",1,"turquoise"
"PDE8A",4,"yellow"
"GMIP",0,"grey"
"SF3A2",0,"grey"
"RHBDD2",0,"grey"
"PPP1R3B",2,"blue"
"LPCAT2",2,"blue"
"FGFR2",1,"turquoise"
"BTBD2",0,"grey"
"LMO2",0,"grey"
"ACRBP",3,"brown"
"PTK7",1,"turquoise"
"TWF2",0,"grey"
"DDX60",2,"blue"
"CYC1",0,"grey"
"RPL22",4,"yellow"
"MORN3",1,"turquoise"
"CHUK",0,"grey"
"CCDC134",1,"turquoise"
"DENND4B",0,"grey"
"RAB33A",5,"green"
"AK9",0,"grey"
"PEX7",1,"turquoise"
"RPS26",0,"grey"
"TTC39C",0,"grey"
"ZNF234",1,"turquoise"
"CYP7B1",1,"turquoise"
"ALDH1B1",1,"turquoise"
"MT-ND4",17,"grey60"
"SLC44A1",3,"brown"
"AP5M1",0,"grey"
"ZC3HAV1L",0,"grey"
"PARP6",0,"grey"
"SULT2A1",1,"turquoise"
"TMC1",1,"turquoise"
"GAMT",1,"turquoise"
"DRAM1",3,"brown"
"TSPAN33",3,"brown"
"MIDN",2,"blue"
"CYP2E1",6,"red"
"ACO1",1,"turquoise"
"IQCG",1,"turquoise"
"MEGF9",2,"blue"
"PLEKHA1",1,"turquoise"
"NR6A1",1,"turquoise"
"SNUPN",1,"turquoise"
"OSTM1",0,"grey"
"CLCN7",0,"grey"
"NAPEPLD",8,"pink"
"STRAP",0,"grey"
"RRBP1",13,"salmon"
"MAT2B",0,"grey"
"MTMR10",2,"blue"
"CSNK1D",2,"blue"
"ZNF599",1,"turquoise"
"PER2",0,"grey"
"ARFGAP2",0,"grey"
"FAM118A",1,"turquoise"
"TAF4",0,"grey"
"NDUFB6",0,"grey"
"RETREG2",1,"turquoise"
"GABPB1",0,"grey"
"HPGD",0,"grey"
"JCAD",4,"yellow"
"CXXC5",0,"grey"
"TP53BP1",0,"grey"
"TADA2A",1,"turquoise"
"AMACR",0,"grey"
"SMIM19",0,"grey"
"VPS13A",3,"brown"
"PRPF38B",5,"green"
"OSBPL6",1,"turquoise"
"PFDN5",4,"yellow"
"CMTM6",2,"blue"
"RP2",2,"blue"
"SEMA4B",0,"grey"
"NIPAL2",0,"grey"
"TYRO3",1,"turquoise"
"FANCF",0,"grey"
"CSNK1A1",2,"blue"
"LONP2",1,"turquoise"
"CCNC",0,"grey"
"UBAP1",0,"grey"
"MAP3K1",2,"blue"
"ANKRD9",1,"turquoise"
"CPPED1",2,"blue"
"GAB2",2,"blue"
"AZU1",1,"turquoise"
"DIS3",0,"grey"
"SPATS2",1,"turquoise"
"COA1",0,"grey"
"ZNF829",1,"turquoise"
"EFCAB3",5,"green"
"ZNF813",1,"turquoise"
"HEG1",0,"grey"
"PSMC1",0,"grey"
"CEP95",0,"grey"
"MAZ",6,"red"
"PIN4",1,"turquoise"
"ACADS",8,"pink"
"MKRN2",0,"grey"
"GALNT4",0,"grey"
"PSME4",9,"magenta"
"TFG",0,"grey"
"ANXA5",0,"grey"
"PCNX1",2,"blue"
"ENSG00000196826",1,"turquoise"
"GPR26",0,"grey"
"FOXK1",0,"grey"
"H2AC15",0,"grey"
"UBE2G2",0,"grey"
"ADGRG6",15,"midnightblue"
"PARP1",0,"grey"
"DDX55",1,"turquoise"
"RPS15",4,"yellow"
"FERMT2",0,"grey"
"C2CD5",0,"grey"
"GCNA",1,"turquoise"
"CEP57L1",1,"turquoise"
"DEFA3",0,"grey"
"CD34",0,"grey"
"PRKCSH",0,"grey"
"HLA-F",0,"grey"
"SELENOK",0,"grey"
"TBC1D4",0,"grey"
"GLUD1",6,"red"
"RNF207",1,"turquoise"
"SREK1IP1",0,"grey"
"MYLIP",2,"blue"
"PHIP",2,"blue"
"SCAPER",0,"grey"
"ADSS2",0,"grey"
"NIP7",1,"turquoise"
"TMEM158",3,"brown"
"RARA",13,"salmon"
"BDH1",1,"turquoise"
"ANKRD16",1,"turquoise"
"CARM1",9,"magenta"
"SS18",1,"turquoise"
"IKZF2",0,"grey"
"MYD88",0,"grey"
"PML",0,"grey"
"CBFB",0,"grey"
"DPP3",5,"green"
"DAB2",3,"brown"
"ZNF276",0,"grey"
"LRP6",0,"grey"
"SERPINH1",0,"grey"
"TLE1",5,"green"
"CD244",0,"grey"
"ZDHHC15",0,"grey"
"MGLL",3,"brown"
"LSM6",0,"grey"
"MLLT1",0,"grey"
"TNFSF4",3,"brown"
"COPS5",0,"grey"
"TPM4",1,"turquoise"
"ACADSB",1,"turquoise"
"HERPUD1",1,"turquoise"
"BCL2L11",2,"blue"
"CEP78",0,"grey"
"CPEB2",7,"black"
"BPTF",0,"grey"
"LRRK1",1,"turquoise"
"RPL21",4,"yellow"
"JKAMP",3,"brown"
"MLLT6",1,"turquoise"
"ADAMTS1",0,"grey"
"RAP1B",3,"brown"
"P2RY6",1,"turquoise"
"TRIM21",0,"grey"
"NLRC5",0,"grey"
"PCF11",15,"midnightblue"
"AK4",6,"red"
"TAT",6,"red"
"TBCA",0,"grey"
"FNBP4",0,"grey"
"C12orf43",1,"turquoise"
"CBL",2,"blue"
"PGA3",1,"turquoise"
"GALK2",0,"grey"
"DCAF15",0,"grey"
"MYO19",0,"grey"
"RAB3B",1,"turquoise"
"REEP5",2,"blue"
"FADD",0,"grey"
"ZNF844",1,"turquoise"
"ABI1",3,"brown"
"ZNF286A",1,"turquoise"
"ENY2",0,"grey"
"TNFSF13B",2,"blue"
"DENND3",2,"blue"
"CMPK1",3,"brown"
"LRRC74B",1,"turquoise"
"SSH1",1,"turquoise"
"ENSA",0,"grey"
"GNAQ",3,"brown"
"CKAP2",0,"grey"
"PPP2R1A",0,"grey"
"ANKRD62",1,"turquoise"
"HNRNPM",0,"grey"
"TET2",2,"blue"
"HK2",2,"blue"
"ELOVL6",1,"turquoise"
"EPHX1",6,"red"
"RASSF2",2,"blue"
"AIMP1",1,"turquoise"
"DNAJC2",1,"turquoise"
"AVPR1A",0,"grey"
"ERO1A",1,"turquoise"
"TNFAIP8",1,"turquoise"
"CALCRL",4,"yellow"
"ZNF674",1,"turquoise"
"HECTD3",0,"grey"
"LGALS9",0,"grey"
"SCARB2",1,"turquoise"
"USP34",2,"blue"
"SLC16A3",1,"turquoise"
"APLP2",2,"blue"
"ITIH2",6,"red"
"MICAL3",0,"grey"
"PRR5L",0,"grey"
"HDAC2",1,"turquoise"
"CA2",3,"brown"
"RANBP17",0,"grey"
"TIMMDC1",4,"yellow"
"MPZL3",1,"turquoise"
"HSP90B1",6,"red"
"GPR146",0,"grey"
"SPC25",1,"turquoise"
"STEAP2",1,"turquoise"
"VAMP3",0,"grey"
"EIF3C",0,"grey"
"TCIRG1",2,"blue"
"PARL",4,"yellow"
"TMEM231",1,"turquoise"
"GRN",2,"blue"
"HSH2D",1,"turquoise"
"SCAMP1",0,"grey"
"BANP",1,"turquoise"
"ADCY6",5,"green"
"CYP51A1",1,"turquoise"
"ANPEP",2,"blue"
"SIGLEC10",1,"turquoise"
"SNX3",9,"magenta"
"ASB18",1,"turquoise"
"DST",6,"red"
"GLRX5",9,"magenta"
"CAB39",2,"blue"
"MSH2",0,"grey"
"PIP4K2C",0,"grey"
"CYLD",2,"blue"
"WTAP",2,"blue"
"PET100",0,"grey"
"MGAT4A",15,"midnightblue"
"TSC22D4",0,"grey"
"CHRM2",0,"grey"
"CCNH",0,"grey"
"RRM1",0,"grey"
"CTDSPL",3,"brown"
"SKIDA1",1,"turquoise"
"TSPAN9",3,"brown"
"THUMPD1",3,"brown"
"CMBL",1,"turquoise"
"SRSF2",0,"grey"
"RAB30",3,"brown"
"OSBPL11",2,"blue"
"H4C14",0,"grey"
"GNB5",1,"turquoise"
"VCL",3,"brown"
"FYTTD1",1,"turquoise"
"C11orf1",1,"turquoise"
"HFE",1,"turquoise"
"CCDC88C",0,"grey"
"IRGQ",1,"turquoise"
"AKAP5",1,"turquoise"
"DTL",0,"grey"
"LPAR6",0,"grey"
"RSAD2",0,"grey"
"CRTC3",0,"grey"
"LRRFIP2",0,"grey"
"INTS4",1,"turquoise"
"TTN",0,"grey"
"RGS6",3,"brown"
"PLLP",1,"turquoise"
"ZNF525",0,"grey"
"ZNF93",0,"grey"
"TMEM219",18,"lightgreen"
"BCCIP",4,"yellow"
"ETFBKMT",1,"turquoise"
"ILKAP",0,"grey"
"HBS1L",0,"grey"
"TMEM30A",2,"blue"
"CRK",0,"grey"
"PDS5A",0,"grey"
"BRPF3",15,"midnightblue"
"NEDD9",0,"grey"
"PSMD13",0,"grey"
"CDK19",2,"blue"
"BTBD7",0,"grey"
"GSTO1",3,"brown"
"MAD2L1BP",0,"grey"
"PLPP5",1,"turquoise"
"PPP2R3C",0,"grey"
"COX11",0,"grey"
"FAM217B",15,"midnightblue"
"NPTN",3,"brown"
"UPP1",0,"grey"
"ZNHIT3",1,"turquoise"
"SNRPD3",1,"turquoise"
"UNC93B1",0,"grey"
"SPCS2",0,"grey"
"H4C3",4,"yellow"
"PRKAB1",1,"turquoise"
"RTL4",1,"turquoise"
"SIK3",2,"blue"
"PFN1",18,"lightgreen"
"ZNF654",0,"grey"
"SS18L1",0,"grey"
"TIMM21",0,"grey"
"ITGB3",3,"brown"
"TCEA3",6,"red"
"H2BC10",4,"yellow"
"CLIP1",0,"grey"
"NUDT5",0,"grey"
"UBP1",0,"grey"
"TTPAL",1,"turquoise"
"RBM27",0,"grey"
"ANAPC15",1,"turquoise"
"SUPT6H",0,"grey"
"GSK3A",1,"turquoise"
"ELL2",0,"grey"
"CEMIP2",2,"blue"
"TMEM199",0,"grey"
"GPR89A",0,"grey"
"ZNF770",0,"grey"
"TRPC4AP",8,"pink"
"EIF4G2",3,"brown"
"ZNF385A",0,"grey"
"RPF1",0,"grey"
"NUDT15",1,"turquoise"
"CEPT1",0,"grey"
"ZNFX1",1,"turquoise"
"TDRD1",1,"turquoise"
"CCDC92",3,"brown"
"ETNK1",0,"grey"
"CEP44",1,"turquoise"
"B3GALNT2",1,"turquoise"
"EPS15L1",0,"grey"
"BCAT1",0,"grey"
"ING1",1,"turquoise"
"ARL17A",1,"turquoise"
"ETV6",3,"brown"
"MED22",1,"turquoise"
"TMSB4X",3,"brown"
"CD300E",0,"grey"
"ETFRF1",0,"grey"
"CEBPB",2,"blue"
"ZNF398",0,"grey"
"LRCH3",1,"turquoise"
"HMGA1",0,"grey"
"CAPN7",0,"grey"
"NANOS1",1,"turquoise"
"IRAK4",1,"turquoise"
"PARD3",3,"brown"
"NRG1",1,"turquoise"
"TBC1D9",0,"grey"
"ZNF557",1,"turquoise"
"DDX41",0,"grey"
"UBE2D2",4,"yellow"
"PSMB10",0,"grey"
"GABARAPL2",9,"magenta"
"DGCR2",2,"blue"
"MARVELD2",1,"turquoise"
"VSIG10",0,"grey"
"UNC45A",0,"grey"
"GIT2",2,"blue"
"CASK",1,"turquoise"
"NCAPG",5,"green"
"TIFA",2,"blue"
"FDPS",0,"grey"
"NANS",0,"grey"
"ANO6",3,"brown"
"PRKCA",0,"grey"
"GGA2",1,"turquoise"
"CCDC115",0,"grey"
"TTC1",0,"grey"
"TNS2",0,"grey"
"MAD2L2",0,"grey"
"HIPK1",2,"blue"
"CLN3",1,"turquoise"
"TUBB1",3,"brown"
"KAT6B",1,"turquoise"
"RUBCN",1,"turquoise"
"SEC22A",1,"turquoise"
"KIAA0825",0,"grey"
"NUSAP1",0,"grey"
"LANCL1",0,"grey"
"C15orf40",1,"turquoise"
"SNX17",4,"yellow"
"HBG1",0,"grey"
"PSME3IP1",0,"grey"
"SMCR8",1,"turquoise"
"RPS6KB1",1,"turquoise"
"DNAJC19",0,"grey"
"TOP1",0,"grey"
"RNF169",2,"blue"
"MPST",5,"green"
"DPM2",0,"grey"
"PLPBP",4,"yellow"
"FARP1",0,"grey"
"DPY30",0,"grey"
"TUBD1",0,"grey"
"GNL3",0,"grey"
"ATF6B",0,"grey"
"BTG2",2,"blue"
"ECHS1",6,"red"
"VPS4A",0,"grey"
"NCF4",2,"blue"
"RAB1B",3,"brown"
"MSL1",2,"blue"
"SCAF8",0,"grey"
"SIRPB2",1,"turquoise"
"CHORDC1",0,"grey"
"SLC2A5",1,"turquoise"
"C2orf49",0,"grey"
"DDX5",2,"blue"
"ANAPC4",0,"grey"
"ZSWIM1",1,"turquoise"
"TMX4",1,"turquoise"
"LRMDA",1,"turquoise"
"ERV3-1",2,"blue"
"AQP9",2,"blue"
"SLC15A2",1,"turquoise"
"MMS22L",1,"turquoise"
"MREG",1,"turquoise"
"PDLIM2",0,"grey"
"GSTCD",1,"turquoise"
"FBH1",0,"grey"
"SRPK1",2,"blue"
"PTCD3",0,"grey"
"NFIA",0,"grey"
"LEP",1,"turquoise"
"MAPKAPK2",0,"grey"
"LHFPL2",3,"brown"
"NMNAT1",1,"turquoise"
"DIP2A",0,"grey"
"ACTR8",0,"grey"
"PTPN22",4,"yellow"
"WDR89",0,"grey"
"LUZP1",0,"grey"
"EIF4G3",3,"brown"
"C5AR1",2,"blue"
"ZNF623",1,"turquoise"
"A2M",6,"red"
"PHLDB3",1,"turquoise"
"TRIQK",3,"brown"
"GRPEL1",0,"grey"
"LMNB2",0,"grey"
"ROCK2",3,"brown"
"SNX16",0,"grey"
"ANXA3",2,"blue"
"CCDC66",0,"grey"
"EED",0,"grey"
"ATL2",1,"turquoise"
"HES1",0,"grey"
"CLC",0,"grey"
"DNAAF10",1,"turquoise"
"RAPGEF6",13,"salmon"
"RBM10",0,"grey"
"MFF",0,"grey"
"NOA1",0,"grey"
"EXOC3",0,"grey"
"NCOR2",6,"red"
"TNFRSF9",1,"turquoise"
"MFSD8",0,"grey"
"TIAL1",1,"turquoise"
"CORO2A",1,"turquoise"
"APOE",6,"red"
"ST8SIA4",2,"blue"
"F2RL1",2,"blue"
"CCAR1",0,"grey"
"KLHL36",0,"grey"
"OPHN1",1,"turquoise"
"DESI1",1,"turquoise"
"MARF1",9,"magenta"
"GAS2L1",3,"brown"
"RFX3",0,"grey"
"COPS4",0,"grey"
"BCL2",0,"grey"
"MYO15B",0,"grey"
"PLCL2",0,"grey"
"WDFY2",0,"grey"
"ZNF284",1,"turquoise"
"DUSP5",0,"grey"
"TNXB",0,"grey"
"CNOT1",0,"grey"
"ZBTB11",2,"blue"
"B3GALT5",1,"turquoise"
"EXOC2",0,"grey"
"IRS1",3,"brown"
"SAMM50",0,"grey"
"CDC42EP3",2,"blue"
"MFN2",0,"grey"
"RHOH",0,"grey"
"NUCB1",0,"grey"
"ZSCAN32",0,"grey"
"ARL16",1,"turquoise"
"TLCD2",1,"turquoise"
"FAM204A",0,"grey"
"MYO5C",1,"turquoise"
"MAPK10",8,"pink"
"DAPP1",3,"brown"
"ATF7",0,"grey"
"PRR27",1,"turquoise"
"NFIL3",2,"blue"
"TM6SF1",3,"brown"
"CIITA",1,"turquoise"
"FANCC",1,"turquoise"
"CMTM3",0,"grey"
"FAM234A",1,"turquoise"
"SELENOP",6,"red"
"KRT222",5,"green"
"UBE2L6",0,"grey"
"MED14",0,"grey"
"HP1BP3",1,"turquoise"
"H2BC11",3,"brown"
"KLHL7",0,"grey"
"XPC",0,"grey"
"AGTPBP1",2,"blue"
"ALDH1L2",1,"turquoise"
"NOP58",0,"grey"
"PCSK6",8,"pink"
"STAT5A",0,"grey"
"PTPN2",0,"grey"
"LONRF2",1,"turquoise"
"SF3A3",0,"grey"
"HCFC1",0,"grey"
"SLC3A1",1,"turquoise"
"AHNAK",0,"grey"
"CFAP92",1,"turquoise"
"KIF14",0,"grey"
"HEATR5B",0,"grey"
"DUSP18",0,"grey"
"AHR",0,"grey"
"ATP6V1C1",2,"blue"
"RTCB",0,"grey"
"COQ10B",2,"blue"
"PSMF1",0,"grey"
"SORBS2",0,"grey"
"NFE2L2",1,"turquoise"
"SH3PXD2A",6,"red"
"OPA3",1,"turquoise"
"TRAF7",0,"grey"
"MILR1",1,"turquoise"
"HS1BP3",0,"grey"
"TNFAIP6",2,"blue"
"CCT4",4,"yellow"
"NDUFA13",4,"yellow"
"CD151",1,"turquoise"
"CYP19A1",12,"tan"
"MRPL41",0,"grey"
"HRH2",2,"blue"
"MTMR6",2,"blue"
"TNRC18",0,"grey"
"OMD",1,"turquoise"
"SVIL",2,"blue"
"OAS1",0,"grey"
"PHB2",4,"yellow"
"WARS1",0,"grey"
"NDRG2",0,"grey"
"ERMAP",0,"grey"
"CPVL",2,"blue"
"TRAM2",0,"grey"
"TLK1",3,"brown"
"MTMR12",0,"grey"
"ZNF384",0,"grey"
"FAM177A1",1,"turquoise"
"PROSER2",3,"brown"
"RPN1",2,"blue"
"EIF3D",4,"yellow"
"HPS1",0,"grey"
"MPC2",0,"grey"
"RNF7",1,"turquoise"
"KCTD13",1,"turquoise"
"KLHL28",2,"blue"
"XKR9",1,"turquoise"
"FBXL20",1,"turquoise"
"SLC38A9",0,"grey"
"SH2B1",1,"turquoise"
"RBM7",0,"grey"
"POLR1A",1,"turquoise"
"TMPRSS4",1,"turquoise"
"TAF9",0,"grey"
"BOLA2-SMG1P6",0,"grey"
"TERF2",1,"turquoise"
"TNFRSF1A",2,"blue"
"ACADVL",6,"red"
"GTF2H5",1,"turquoise"
"ZBTB8OS",1,"turquoise"
"HCAR2",2,"blue"
"ZNF710",0,"grey"
"GPR174",0,"grey"
"ATP6V0A2",1,"turquoise"
"KIAA0319L",0,"grey"
"SDHD",1,"turquoise"
"DAGLB",0,"grey"
"PPFIBP1",1,"turquoise"
"BCL7A",1,"turquoise"
"RMDN3",0,"grey"
"MICA",1,"turquoise"
"FIS1",0,"grey"
"IGLL5",0,"grey"
"FOXN2",2,"blue"
"NT5E",0,"grey"
"CD83",0,"grey"
"IL18",0,"grey"
"NOTCH2",2,"blue"
"SULF2",2,"blue"
"CD93",2,"blue"
"CEP164",0,"grey"
"ZNF136",1,"turquoise"
"MGP",0,"grey"
"CCDC144A",1,"turquoise"
"SMS",0,"grey"
"VIRMA",0,"grey"
"NUB1",0,"grey"
"GCH1",4,"yellow"
"CPA4",1,"turquoise"
"CUL3",2,"blue"
"HMBOX1",1,"turquoise"
"PODXL",0,"grey"
"ITK",0,"grey"
"FBXL5",2,"blue"
"ITGB2",2,"blue"
"UQCRQ",1,"turquoise"
"TMEM263",0,"grey"
"KAT5",0,"grey"
"ERH",4,"yellow"
"PARVB",1,"turquoise"
"GIMAP6",4,"yellow"
"CAVIN2",3,"brown"
"NSUN5",0,"grey"
"SF3B5",4,"yellow"
"ZNF713",1,"turquoise"
"TRMT2B",1,"turquoise"
"MYC",0,"grey"
"SLC37A1",0,"grey"
"SUPT16H",0,"grey"
"DTWD2",1,"turquoise"
"IL10RB",1,"turquoise"
"ARHGAP10",17,"grey60"
"OR6C4",1,"turquoise"
"VCP",1,"turquoise"
"GPR160",0,"grey"
"THEMIS2",2,"blue"
"APOBEC3F",1,"turquoise"
"GPD1L",0,"grey"
"VPS37B",1,"turquoise"
"MOSMO",8,"pink"
"ATG3",0,"grey"
"ADAMTS17",1,"turquoise"
"NDUFV2",0,"grey"
"KLHDC2",0,"grey"
"GBP4",0,"grey"
"PKP2",1,"turquoise"
"SFXN3",1,"turquoise"
"NCOA6",1,"turquoise"
"PPP4R1",2,"blue"
"MAN1A2",0,"grey"
"UPF1",0,"grey"
"SNW1",0,"grey"
"IL18RAP",2,"blue"
"RPP30",1,"turquoise"
"CDC40",0,"grey"
"SLAMF6",0,"grey"
"SETD3",4,"yellow"
"FHIP2A",2,"blue"
"ELK4",4,"yellow"
"TRIM6",1,"turquoise"
"ZNF846",1,"turquoise"
"SMURF2",1,"turquoise"
"EBP",8,"pink"
"TOR1A",0,"grey"
"TRPV1",1,"turquoise"
"GPBP1",2,"blue"
"AVL9",1,"turquoise"
"MAGEA10",1,"turquoise"
"CC2D1B",1,"turquoise"
"PABPN1",0,"grey"
"SLC25A30",0,"grey"
"QSOX2",0,"grey"
"PHAX",1,"turquoise"
"STK24",3,"brown"
"STK10",0,"grey"
"ARMT1",0,"grey"
"ABCD3",0,"grey"
"PARVG",0,"grey"
"FIG4",0,"grey"
"FAM3C",0,"grey"
"DCTN4",3,"brown"
"EIF2AK2",1,"turquoise"
"AP1S3",1,"turquoise"
"PAM",0,"grey"
"NUTF2",0,"grey"
"CITED2",0,"grey"
"GRAMD1B",0,"grey"
"PCED1B",0,"grey"
"SIAH2",9,"magenta"
"H2AZ1",0,"grey"
"KMT2D",2,"blue"
"WDR70",0,"grey"
"ZFAND1",3,"brown"
"KIAA0408",1,"turquoise"
"F13A1",3,"brown"
"XPO6",2,"blue"
"FMR1",2,"blue"
"DUSP3",0,"grey"
"ANKMY1",0,"grey"
"BBS9",4,"yellow"
"UNC119B",0,"grey"
"C9orf72",2,"blue"
"ZPR1",1,"turquoise"
"ERCC4",1,"turquoise"
"HAUS1",0,"grey"
"RAD23A",0,"grey"
"C9orf153",1,"turquoise"
"SCAMP4",1,"turquoise"
"GHITM",0,"grey"
"SP110",1,"turquoise"
"WDR33",1,"turquoise"
"CEP290",0,"grey"
"GOLGA8Q",1,"turquoise"
"TLR10",0,"grey"
"CHD7",0,"grey"
"GP1BB",3,"brown"
"SHQ1",0,"grey"
"API5",0,"grey"
"FAM117A",9,"magenta"
"DYNC1LI1",2,"blue"
"FASTKD5",0,"grey"
"BIVM",0,"grey"
"RAB2B",1,"turquoise"
"ZC3H8",1,"turquoise"
"ZMAT1",1,"turquoise"
"APPL2",0,"grey"
"EEF1D",0,"grey"
"RAB6A",3,"brown"
"PAPOLG",1,"turquoise"
"ITPRID2",3,"brown"
"BCR",0,"grey"
"PUS3",1,"turquoise"
"ZNF317",0,"grey"
"CHD2",0,"grey"
"FZD5",6,"red"
"ZSCAN21",1,"turquoise"
"TRAPPC11",0,"grey"
"PRC1",6,"red"
"TRAK2",4,"yellow"
"DBI",4,"yellow"
"UFD1",0,"grey"
"RPS6KA4",0,"grey"
"TGFBRAP1",1,"turquoise"
"CNTN1",1,"turquoise"
"TMEM181",0,"grey"
"MINPP1",0,"grey"
"HOXC10",17,"grey60"
"ITPKB",0,"grey"
"CLPTM1L",0,"grey"
"ATP6V0C",9,"magenta"
"TTC39B",1,"turquoise"
"PRPF8",0,"grey"
"TMC5",7,"black"
"FKBP3",0,"grey"
"PLEKHB2",1,"turquoise"
"RTRAF",0,"grey"
"ZNF544",1,"turquoise"
"RPL18A",4,"yellow"
"TCERG1",0,"grey"
"SMIM26",14,"cyan"
"RPRD1A",0,"grey"
"TMEM251",1,"turquoise"
"CPEB4",2,"blue"
"BCKDHA",0,"grey"
"RPL3",4,"yellow"
"THBS1",3,"brown"
"SNAPC5",0,"grey"
"EIF4ENIF1",0,"grey"
"LY6G6F",3,"brown"
"TMPRSS7",1,"turquoise"
"SWSAP1",1,"turquoise"
"DAXX",0,"grey"
"ELMO1",0,"grey"
"MPLKIP",1,"turquoise"
"TAF11",0,"grey"
"TRIOBP",0,"grey"
"CABIN1",0,"grey"
"NCOA1",2,"blue"
"CHEK2",0,"grey"
"GCN1",0,"grey"
"CD247",0,"grey"
"TGS1",0,"grey"
"SYF2",0,"grey"
"MCM4",0,"grey"
"PKHD1L1",3,"brown"
"IFT88",0,"grey"
"CEP192",0,"grey"
"RAB32",3,"brown"
"RPL9",4,"yellow"
"SLC24A1",0,"grey"
"ARHGAP5",0,"grey"
"ATXN1L",0,"grey"
"SLC9A4",1,"turquoise"
"PTPN6",0,"grey"
"BAHD1",0,"grey"
"CACNB2",8,"pink"
"RHOQ",2,"blue"
"MAP3K4",0,"grey"
"TASL",0,"grey"
"GNG11",3,"brown"
"CLCN3",3,"brown"
"NABP1",2,"blue"
"GPAM",6,"red"
"ESYT2",0,"grey"
"TENT2",0,"grey"
"SLAMF7",0,"grey"
"INTS2",0,"grey"
"PPP2CA",0,"grey"
"ENSG00000268083",0,"grey"
"LRP12",3,"brown"
"MECOM",0,"grey"
"POLH",1,"turquoise"
"FILIP1L",0,"grey"
"RASGRP4",0,"grey"
"DGKA",1,"turquoise"
"NADK",2,"blue"
"CCDC194",1,"turquoise"
"ATP6AP2",2,"blue"
"ABHD10",0,"grey"
"NPIPB4",11,"greenyellow"
"UBE2A",0,"grey"
"HERC5",2,"blue"
"RBM41",0,"grey"
"SHPK",1,"turquoise"
"PPP6R3",0,"grey"
"RNH1",0,"grey"
"CCDC163",1,"turquoise"
"OSBP2",9,"magenta"
"KBTBD2",2,"blue"
"MYL9",3,"brown"
"PBXIP1",11,"greenyellow"
"RTBDN",1,"turquoise"
"RAB11FIP5",0,"grey"
"NCK1",0,"grey"
"CDKN1A",3,"brown"
"ZNF550",1,"turquoise"
"MIS12",0,"grey"
"OR8H2",1,"turquoise"
"LIPC",1,"turquoise"
"PAK4",1,"turquoise"
"RNF10",9,"magenta"
"ZNF567",1,"turquoise"
"ZNF660",1,"turquoise"
"CENPB",0,"grey"
"CCDC71L",3,"brown"
"TBRG1",0,"grey"
"FAXDC2",0,"grey"
"CSTB",0,"grey"
"HILPDA",1,"turquoise"
"CENPI",1,"turquoise"
"GTF2E2",0,"grey"
"ZNF737",1,"turquoise"
"FPR2",2,"blue"
"FZD3",1,"turquoise"
"AKAP8",0,"grey"
"SOCS5",0,"grey"
"CFDP1",0,"grey"
"RNMT",0,"grey"
"ZHX1",0,"grey"
"FOSB",0,"grey"
"CENPK",1,"turquoise"
"SLC27A2",5,"green"
"TMEM135",1,"turquoise"
"ZNF789",1,"turquoise"
"UPF3B",0,"grey"
"RPL23A",4,"yellow"
"TCF23",1,"turquoise"
"UBE2V1",0,"grey"
"POLD1",5,"green"
"DMWD",0,"grey"
"CALD1",0,"grey"
"AIG1",1,"turquoise"
"POM121C",0,"grey"
"PYGO1",1,"turquoise"
"CNNM3",1,"turquoise"
"ALAS2",9,"magenta"
"WRNIP1",3,"brown"
"MRPL23",0,"grey"
"PSMA6",4,"yellow"
"ALMS1",0,"grey"
"DCN",1,"turquoise"
"SUCLG2",4,"yellow"
"AMPD2",2,"blue"
"IFNAR2",1,"turquoise"
"CYB5A",1,"turquoise"
"FAM240B",1,"turquoise"
"NRBF2",2,"blue"
"KCTD3",0,"grey"
"PCNX3",0,"grey"
"SLC30A3",0,"grey"
"NXPE3",1,"turquoise"
"IFRD2",0,"grey"
"PYCR2",3,"brown"
"TMLHE",0,"grey"
"ABCA5",0,"grey"
"BICRA",0,"grey"
"NDUFS3",1,"turquoise"
"WDR3",1,"turquoise"
"TTC33",3,"brown"
"ALG1",1,"turquoise"
"TBC1D23",0,"grey"
"MAP2K3",9,"magenta"
"ATXN2L",0,"grey"
"SCAP",0,"grey"
"ZNF486",1,"turquoise"
"PRCC",0,"grey"
"CCDC126",0,"grey"
"ZNF675",1,"turquoise"
"SMAP2",2,"blue"
"CALCOCO1",0,"grey"
"CWF19L2",0,"grey"
"BRAF",0,"grey"
"AAK1",1,"turquoise"
"PEBP1",6,"red"
"COL1A2",0,"grey"
"RMND1",1,"turquoise"
"UBR4",6,"red"
"PROCR",1,"turquoise"
"PASK",0,"grey"
"ZNF776",1,"turquoise"
"GULP1",0,"grey"
"RBM48",1,"turquoise"
"H1-4",0,"grey"
"ALPL",2,"blue"
"ABLIM1",3,"brown"
"MAST3",0,"grey"
"RHBDD1",3,"brown"
"RYBP",3,"brown"
"TTC26",1,"turquoise"
"ZNF22",4,"yellow"
"ISCA2",1,"turquoise"
"PNP",0,"grey"
"C15orf61",1,"turquoise"
"PIGM",1,"turquoise"
"ACTR2",2,"blue"
"HMGB1",3,"brown"
"RAP1GDS1",0,"grey"
"KARS1",0,"grey"
"DBNL",0,"grey"
"ZNF554",1,"turquoise"
"RAE1",0,"grey"
"TNIK",3,"brown"
"TVP23C",14,"cyan"
"RYK",0,"grey"
"SOX7",0,"grey"
"BID",2,"blue"
"NUFIP2",2,"blue"
"ZDHHC2",0,"grey"
"MBNL2",0,"grey"
"ADD3",3,"brown"
"NUBP2",1,"turquoise"
"CAPN3",1,"turquoise"
"RECQL",0,"grey"
"AP1G1",2,"blue"
"CTNNBL1",0,"grey"
"ECHDC1",0,"grey"
"SMARCC1",0,"grey"
"GNAI3",1,"turquoise"
"NAXE",1,"turquoise"
"CD4",0,"grey"
"IRF1",1,"turquoise"
"PTPRE",2,"blue"
"ENSG00000289346",1,"turquoise"
"DOP1B",1,"turquoise"
"PTK2B",0,"grey"
"PLAAT4",4,"yellow"
"SOX4",8,"pink"
"TSPAN3",1,"turquoise"
"SH2D1A",4,"yellow"
"USP20",0,"grey"
"DUSP22",0,"grey"
"MCRS1",0,"grey"
"PKD1",5,"green"
"JAM3",3,"brown"
"LAPTM4A",2,"blue"
"MYOM1",3,"brown"
"PHKG2",1,"turquoise"
"DIAPH2",0,"grey"
"CLN8",1,"turquoise"
"CRYZL1",1,"turquoise"
"PTPN12",3,"brown"
"CIB2",0,"grey"
"HRK",1,"turquoise"
"MAML2",0,"grey"
"COG6",0,"grey"
"NFATC1",0,"grey"
"SCYL1",0,"grey"
"SCOC",4,"yellow"
"CTDSPL2",0,"grey"
"NAPG",0,"grey"
"RHD",1,"turquoise"
"PLCG1",0,"grey"
"ANKRD10",3,"brown"
"SLC16A7",0,"grey"
"TAGLN2",0,"grey"
"MDH1",1,"turquoise"
"RBM33",2,"blue"
"DPH3",0,"grey"
"THYN1",0,"grey"
"SEPTIN6",0,"grey"
"KATNAL1",1,"turquoise"
"PGRMC2",0,"grey"
"UBE2I",0,"grey"
"ATP11A",2,"blue"
"ARL5B",2,"blue"
"SLC25A5",4,"yellow"
"MYO1C",0,"grey"
"FAS",1,"turquoise"
"KIFAP3",3,"brown"
"BTN3A2",0,"grey"
"CNKSR3",1,"turquoise"
"CSTF3",1,"turquoise"
"PRKCI",0,"grey"
"ZNF574",0,"grey"
"VWA8",0,"grey"
"DRAXIN",1,"turquoise"
"RPL12",4,"yellow"
"COMMD2",0,"grey"
"WIZ",1,"turquoise"
"SPRYD4",1,"turquoise"
"COPA",0,"grey"
"KIF11",0,"grey"
"ZNF175",1,"turquoise"
"SLC40A1",3,"brown"
"TRMT112",4,"yellow"
"OR7D4",1,"turquoise"
"CD36",3,"brown"
"KIAA1143",0,"grey"
"DCAF12",9,"magenta"
"ANAPC13",0,"grey"
"SLCO3A1",2,"blue"
"FANCL",0,"grey"
"SH3GLB1",2,"blue"
"KBTBD6",0,"grey"
"SUPT5H",0,"grey"
"XRCC6",4,"yellow"
"FAM133B",0,"grey"
"KCTD18",0,"grey"
"C12orf76",3,"brown"
"SOS2",2,"blue"
"USP16",0,"grey"
"ABO",1,"turquoise"
"TRAF3",1,"turquoise"
"GALNT5",8,"pink"
"ALG14",1,"turquoise"
"WDR75",0,"grey"
"TEX261",0,"grey"
"ZFAND4",0,"grey"
"SNRPA",11,"greenyellow"
"FCRL3",0,"grey"
"PRDX1",0,"grey"
"FGB",6,"red"
"NACC2",2,"blue"
"COX17",0,"grey"
"TMCC2",0,"grey"
"TCF12",0,"grey"
"ZNF721",0,"grey"
"SNRPF",0,"grey"
"ZNF641",0,"grey"
"EMG1",0,"grey"
"PRRG4",1,"turquoise"
"HIRA",0,"grey"
"MYNN",0,"grey"
"AEBP2",1,"turquoise"
"TBXA2R",1,"turquoise"
"PCDHB11",1,"turquoise"
"RNF144A",1,"turquoise"
"PRKCD",0,"grey"
"NDUFB4",4,"yellow"
"ANTXR2",2,"blue"
"MYO10",0,"grey"
"PEX1",0,"grey"
"RBM19",0,"grey"
"TAPBP",1,"turquoise"
"RUNX1",0,"grey"
"MID1",0,"grey"
"DBF4",0,"grey"
"TSHZ2",0,"grey"
"RIPK2",0,"grey"
"PPTC7",2,"blue"
"STON2",3,"brown"
"CSTF2T",0,"grey"
"SNX31",1,"turquoise"
"IREB2",0,"grey"
"GRSF1",0,"grey"
"PDCD7",1,"turquoise"
"NAA16",0,"grey"
"MAGT1",1,"turquoise"
"MS4A6A",0,"grey"
"FTL",0,"grey"
"DYRK2",0,"grey"
"ARIH2",1,"turquoise"
"TERB1",1,"turquoise"
"PROSER1",0,"grey"
"CDKN2D",3,"brown"
"STUB1",0,"grey"
"RASA4",0,"grey"
"DYNLL2",3,"brown"
"PRR14L",0,"grey"
"CCNL2",0,"grey"
"CDC42SE1",2,"blue"
"EIF2S3",0,"grey"
"AP2A1",9,"magenta"
"TBC1D2B",0,"grey"
"NAA20",0,"grey"
"GSN",0,"grey"
"SMARCA5",2,"blue"
"PLEKHG3",1,"turquoise"
"DGKZ",0,"grey"
"SENP6",2,"blue"
"AKR7A2",0,"grey"
"H4C5",4,"yellow"
"LARP1",0,"grey"
"SRBD1",0,"grey"
"SLC1A2",1,"turquoise"
"MPO",0,"grey"
"KLK2",1,"turquoise"
"VIM",18,"lightgreen"
"SUMO3",1,"turquoise"
"NAA50",1,"turquoise"
"SMIM7",0,"grey"
"TMEM209",1,"turquoise"
"SAMD9L",2,"blue"
"ABCE1",4,"yellow"
"ADAMTS4",1,"turquoise"
"MAN1C1",1,"turquoise"
"HELZ2",0,"grey"
"COX20",0,"grey"
"CACUL1",1,"turquoise"
"HSPA6",2,"blue"
"PHC2",2,"blue"
"LIN7A",2,"blue"
"SVOP",0,"grey"
"TRIM26",0,"grey"
"GID4",11,"greenyellow"
"ORAI1",0,"grey"
"ZNF578",1,"turquoise"
"APAF1",1,"turquoise"
"NEK1",0,"grey"
"UBA3",0,"grey"
"TNK2",0,"grey"
"IFNGR2",1,"turquoise"
"ITPR1",3,"brown"
"CEP83",1,"turquoise"
"TBC1D20",1,"turquoise"
"DDAH2",0,"grey"
"SHPRH",0,"grey"
"STX7",2,"blue"
"ATXN3",1,"turquoise"
"TRIM27",0,"grey"
"ADO",0,"grey"
"RNF187",0,"grey"
"GBP2",2,"blue"
"MRC2",5,"green"
"MTARC1",1,"turquoise"
"C1orf52",0,"grey"
"GRK2",0,"grey"
"LRPPRC",0,"grey"
"NDUFAF7",1,"turquoise"
"TM4SF18",4,"yellow"
"TMEM169",1,"turquoise"
"SNX2",0,"grey"
"RBX1",17,"grey60"
"ANKRD54",1,"turquoise"
"TSNAX",0,"grey"
"MYO18A",1,"turquoise"
"ZBTB7A",0,"grey"
"MTSS2",0,"grey"
"ATM",1,"turquoise"
"GARRE1",0,"grey"
"PRRC2C",2,"blue"
"BLOC1S3",1,"turquoise"
"RNFT2",1,"turquoise"
"NDFIP2",5,"green"
"USP45",0,"grey"
"TNS1",9,"magenta"
"CD9",3,"brown"
"SRGN",2,"blue"
"CASP7",0,"grey"
"USP53",0,"grey"
"VMAC",1,"turquoise"
"MCRIP1",1,"turquoise"
"TMEM106A",1,"turquoise"
"CDC20",6,"red"
"ACSL5",6,"red"
"C1orf87",8,"pink"
"CBWD5",2,"blue"
"LYPLA2",0,"grey"
"SLC35B3",5,"green"
"SLC4A7",0,"grey"
"GART",0,"grey"
"THOP1",0,"grey"
"PBOV1",1,"turquoise"
"PTPA",1,"turquoise"
"GREM1",1,"turquoise"
"QPCT",2,"blue"
"SUN2",11,"greenyellow"
"UTP23",0,"grey"
"PRKAG2",0,"grey"
"WASF3",3,"brown"
"DRG1",0,"grey"
"SPCS1",0,"grey"
"SRP19",1,"turquoise"
"MFSD1",3,"brown"
"RNF138",0,"grey"
"DYNLRB1",17,"grey60"
"AIF1",2,"blue"
"MAP4K5",3,"brown"
"LASP1",1,"turquoise"
"PLAA",0,"grey"
"VPS35L",0,"grey"
"ARHGAP23",8,"pink"
"MCL1",2,"blue"
"EHBP1",0,"grey"
"PRNP",0,"grey"
"TLE5",4,"yellow"
"ASGR1",6,"red"
"PTBP1",0,"grey"
"USP37",0,"grey"
"LIMS4",0,"grey"
"HEATR1",0,"grey"
"PSME1",0,"grey"
"NAA35",1,"turquoise"
"TMEM154",2,"blue"
"MTX3",1,"turquoise"
"SF1",0,"grey"
"NUP210",0,"grey"
"RAB11B",0,"grey"
"ITGB3BP",0,"grey"
"PPAN",0,"grey"
"YWHAB",2,"blue"
"ACAP1",0,"grey"
"CNEP1R1",11,"greenyellow"
"SLC7A2",6,"red"
"CLK1",2,"blue"
"TNFAIP1",0,"grey"
"VDR",1,"turquoise"
"PSMA2",8,"pink"
"RTN4",2,"blue"
"FOXP4",1,"turquoise"
"MFSD2B",0,"grey"
"RPL26",4,"yellow"
"GNL3L",1,"turquoise"
"UHRF1BP1",3,"brown"
"SGPP2",0,"grey"
"CD163",0,"grey"
"GIMAP2",4,"yellow"
"CD37",4,"yellow"
"PRKAR2B",3,"brown"
"TBL1X",2,"blue"
"GPR65",0,"grey"
"FUT1",1,"turquoise"
"DFFA",1,"turquoise"
"NOCT",1,"turquoise"
"OSTC",0,"grey"
"WDR11",0,"grey"
"CMTM2",2,"blue"
"NT5C3A",3,"brown"
"EZH1",0,"grey"
"CD59",0,"grey"
"CDK9",0,"grey"
"ERP29",0,"grey"
"TTR",6,"red"
"DDIT4",0,"grey"
"BST2",0,"grey"
"CYP1A2",1,"turquoise"
"SH3BP5L",0,"grey"
"SERINC5",8,"pink"
"MRPL3",4,"yellow"
"POMP",0,"grey"
"INPP4B",0,"grey"
"GMPPB",1,"turquoise"
"EAPP",0,"grey"
"AHSA1",0,"grey"
"NME2",4,"yellow"
"GPR183",0,"grey"
"HIVEP2",2,"blue"
"SUMO2",1,"turquoise"
"TASOR2",0,"grey"
"TXK",0,"grey"
"HACD3",0,"grey"
"ORC2",0,"grey"
"SNRPA1",0,"grey"
"KIF6",1,"turquoise"
"SLC5A5",1,"turquoise"
"IL12RB2",1,"turquoise"
"ZNF354B",10,"purple"
"UBL3",2,"blue"
"PIK3CG",2,"blue"
"NLN",1,"turquoise"
"BCORL1",0,"grey"
"HNRNPF",0,"grey"
"COL28A1",1,"turquoise"
"LRATD2",1,"turquoise"
"TFDP1",9,"magenta"
"GTPBP4",0,"grey"
"TUBGCP2",15,"midnightblue"
"S1PR1",4,"yellow"
"CIC",2,"blue"
"TNPO3",0,"grey"
"IRGM",0,"grey"
"HTT",0,"grey"
"TRAPPC8",5,"green"
"DCUN1D1",9,"magenta"
"KDM4C",0,"grey"
"DAB2IP",0,"grey"
"TSR2",1,"turquoise"
"CYB5R1",3,"brown"
"TPGS2",0,"grey"
"RAB3D",1,"turquoise"
"ERBB3",1,"turquoise"
"DCUN1D4",0,"grey"
"SDC1",6,"red"
"ATP6V1H",0,"grey"
"SYK",2,"blue"
"HNRNPDL",0,"grey"
"NUP58",2,"blue"
"H2BC6",0,"grey"
"TDG",0,"grey"
"MRPS5",1,"turquoise"
"TDRD12",1,"turquoise"
"OGFOD3",1,"turquoise"
"XPO1",0,"grey"
"LDAF1",0,"grey"
"NEMF",2,"blue"
"CLU",6,"red"
"RPS12",4,"yellow"
"PABPC4",0,"grey"
"SNTN",1,"turquoise"
"CXCL12",0,"grey"
"ABCB10",0,"grey"
"ENDOD1",3,"brown"
"IDI1",2,"blue"
"KCTD6",8,"pink"
"DEFB105A",1,"turquoise"
"ZDHHC5",2,"blue"
"COMMD10",4,"yellow"
"KLHL12",0,"grey"
"ARAP2",4,"yellow"
"NR5A2",1,"turquoise"
"EHD3",3,"brown"
"FAR1",2,"blue"
"CAPRIN2",0,"grey"
"ODAPH",1,"turquoise"
"SF3B1",2,"blue"
"IPO7",4,"yellow"
"ALDH1A1",6,"red"
"PIP4P2",3,"brown"
"HELLS",1,"turquoise"
"RNASEL",8,"pink"
"TNS4",1,"turquoise"
"NAV1",0,"grey"
"RAMAC",0,"grey"
"RETREG3",0,"grey"
"TM2D2",3,"brown"
"SMIM36",1,"turquoise"
"FAM32A",0,"grey"
"ANK1",9,"magenta"
"WASHC2A",0,"grey"
"PPM1L",3,"brown"
"MMUT",0,"grey"
"SETDB2",4,"yellow"
"MON2",0,"grey"
"HNF4A",6,"red"
"FAM185A",0,"grey"
"TNFRSF10B",1,"turquoise"
"RABEP1",0,"grey"
"CTDSP1",0,"grey"
"FAM98C",13,"salmon"
"DBN1",0,"grey"
"ACAD10",1,"turquoise"
"RPS19",4,"yellow"
"SMIM14",1,"turquoise"
"OTUD5",0,"grey"
"SLC41A2",0,"grey"
"KHSRP",0,"grey"
"IBTK",4,"yellow"
"FBL",4,"yellow"
"H3-7",0,"grey"
"CAMK1D",1,"turquoise"
"KMT2A",0,"grey"
"GDI2",4,"yellow"
"MLF2",0,"grey"
"CEBPA",6,"red"
"AFMID",1,"turquoise"
"C2CD2",0,"grey"
"S100A10",4,"yellow"
"COX5B",4,"yellow"
"RRP12",0,"grey"
"SUPT20H",2,"blue"
"ARID3B",3,"brown"
"CD3G",1,"turquoise"
"MRS2",0,"grey"
"PPAT",5,"green"
"NIPA1",0,"grey"
"DPP8",2,"blue"
"IL7R",1,"turquoise"
"ZFP64",1,"turquoise"
"TLR4",2,"blue"
"RAB12",8,"pink"
"DDX51",1,"turquoise"
"ZNF517",1,"turquoise"
"PPP2R5D",0,"grey"
"ZNF587",1,"turquoise"
"DOCK5",8,"pink"
"DSEL",1,"turquoise"
"MLH3",3,"brown"
"DPEP2",11,"greenyellow"
"COPB1",2,"blue"
"TMOD1",9,"magenta"
"PRELID1",4,"yellow"
"HLA-DMA",0,"grey"
"PHF13",0,"grey"
"MARK4",0,"grey"
"ENSG00000285982",0,"grey"
"MBD3",1,"turquoise"
"SLC35A3",1,"turquoise"
"AMOTL1",0,"grey"
"CLEC16A",0,"grey"
"PAICS",1,"turquoise"
"MMD",3,"brown"
"NIT2",1,"turquoise"
"SERPINB10",0,"grey"
"ATP5F1B",4,"yellow"
"WSB2",0,"grey"
"CACYBP",0,"grey"
"JAK1",2,"blue"
"MT-CO2",17,"grey60"
"GPD2",3,"brown"
"CDV3",13,"salmon"
"GALNT11",0,"grey"
"FLOT1",0,"grey"
"MMP25",2,"blue"
"TOR1AIP2",1,"turquoise"
"CHST5",1,"turquoise"
"LYRM4",1,"turquoise"
"HIPK2",3,"brown"
"GPANK1",1,"turquoise"
"ZMIZ1",2,"blue"
"DAP",0,"grey"
"DDX58",2,"blue"
"AKT1",0,"grey"
"CDC34",9,"magenta"
"RNF125",1,"turquoise"
"MFSD13A",1,"turquoise"
"RRM2B",2,"blue"
"COL6A3",0,"grey"
"GNPAT",0,"grey"
"HSD17B12",0,"grey"
"SUDS3",0,"grey"
"H1-0",6,"red"
"CYP2B6",0,"grey"
"STIMATE",0,"grey"
"POLR2C",0,"grey"
"HPX",6,"red"
"ANKRD27",0,"grey"
"EIF3K",0,"grey"
"HPS5",0,"grey"
"SLFN5",0,"grey"
"ANTKMT",5,"green"
"PPIE",0,"grey"
"SREK1",0,"grey"
"GP5",1,"turquoise"
"PGLS",0,"grey"
"BSND",1,"turquoise"
"ANKRD34A",0,"grey"
"LCN2",0,"grey"
"SV2C",1,"turquoise"
"ZNF490",1,"turquoise"
"CBX5",1,"turquoise"
"PPP2R5E",0,"grey"
"ASB7",0,"grey"
"SFT2D1",2,"blue"
"DERL1",0,"grey"
"MOAP1",0,"grey"
"PLEKHM2",0,"grey"
"MIEF2",1,"turquoise"
"SEPHS2",0,"grey"
"PRICKLE1",0,"grey"
"KHDRBS1",0,"grey"
"BRD3OS",1,"turquoise"
"PPP1R18",0,"grey"
"PSEN1",2,"blue"
"PLA2G4B",1,"turquoise"
"DNAJC24",1,"turquoise"
"RFX7",0,"grey"
"MEX3C",0,"grey"
"PDIA4",6,"red"
"CASP2",0,"grey"
"SERBP1",4,"yellow"
"TESC",0,"grey"
"YTHDC1",0,"grey"
"JUN",0,"grey"
"AGMAT",1,"turquoise"
"ATAD5",0,"grey"
"STK38",2,"blue"
"RBP1",1,"turquoise"
"CA6",1,"turquoise"
"CEP57",0,"grey"
"AR",6,"red"
"EPB41L5",0,"grey"
"POLR3D",1,"turquoise"
"E2F3",3,"brown"
"FGD6",0,"grey"
"TMF1",2,"blue"
"RPS6KC1",0,"grey"
"DAAM1",3,"brown"
"SCML4",0,"grey"
"TNFRSF10D",0,"grey"
"INPP5A",3,"brown"
"ATG14",1,"turquoise"
"TRAF3IP1",0,"grey"
"SMARCE1",0,"grey"
"VRK1",0,"grey"
"ARHGAP27",5,"green"
"RNF44",2,"blue"
"EMSY",0,"grey"
"DPYSL3",4,"yellow"
"APP",3,"brown"
"CMTM7",0,"grey"
"SLC16A10",5,"green"
"KBTBD7",2,"blue"
"PTGIS",1,"turquoise"
"KRT23",2,"blue"
"PNKD",0,"grey"
"UBC",18,"lightgreen"
"ATRN",6,"red"
"TINCR",1,"turquoise"
"RANGAP1",6,"red"
"PDE12",1,"turquoise"
"NADK2",1,"turquoise"
"ATP5MC3",4,"yellow"
"UTP20",0,"grey"
"MMGT1",0,"grey"
"PDF",1,"turquoise"
"ANKRD36B",0,"grey"
"ZNF785",1,"turquoise"
"MPL",1,"turquoise"
"GLTP",1,"turquoise"
"C9orf78",0,"grey"
"ADAM12",12,"tan"
"PAK1",13,"salmon"
"ADCY7",2,"blue"
"SIDT1",0,"grey"
"DCAF5",0,"grey"
"C1RL",1,"turquoise"
"TLN1",3,"brown"
"MITF",3,"brown"
"NSMCE4A",0,"grey"
"FNBP1L",3,"brown"
"SLC33A1",1,"turquoise"
"TRIM33",2,"blue"
"TMCC3",2,"blue"
"FBXO42",0,"grey"
"RNF14",0,"grey"
"RAB3IP",0,"grey"
"SLC4A8",1,"turquoise"
"COX6C",0,"grey"
"NSMCE2",0,"grey"
"CASTOR2",1,"turquoise"
"SLC13A1",0,"grey"
"ARF6",4,"yellow"
"HMGN1",0,"grey"
"ZNF718",0,"grey"
"CXADR",1,"turquoise"
"TSC22D1",3,"brown"
"PUF60",0,"grey"
"SHC1",1,"turquoise"
"TANGO2",1,"turquoise"
"HOOK3",1,"turquoise"
"S1PR2",1,"turquoise"
"LIMS2",0,"grey"
"CLCC1",1,"turquoise"
"PIK3R5",2,"blue"
"CDC14A",0,"grey"
"KRT1",0,"grey"
"INTS6",1,"turquoise"
"SMC3",0,"grey"
"GSS",1,"turquoise"
"ANLN",0,"grey"
"SSTR2",1,"turquoise"
"CHRNA5",1,"turquoise"
"ALDH3A2",0,"grey"
"CLEC1B",3,"brown"
"ADGRE3",2,"blue"
"MT-ND4L",17,"grey60"
"PPIL4",0,"grey"
"A2ML1",1,"turquoise"
"TRUB2",1,"turquoise"
"ZNF280C",1,"turquoise"
"PF4",3,"brown"
"QDPR",0,"grey"
"SLC38A10",0,"grey"
"SIPA1",0,"grey"
"BTN3A1",2,"blue"
"THAP12",4,"yellow"
"FABP5",4,"yellow"
"SORT1",2,"blue"
"PLIN2",6,"red"
"YWHAQ",4,"yellow"
"SPPL3",3,"brown"
"ENOSF1",1,"turquoise"
"TMEM120B",1,"turquoise"
"RPLP1",4,"yellow"
"ALCAM",2,"blue"
"ABHD2",2,"blue"
"DENND1A",0,"grey"
"QPRT",1,"turquoise"
"TRAM1",3,"brown"
"ATP1B4",1,"turquoise"
"UBXN4",0,"grey"
"H2AC8",4,"yellow"
"ADAM19",2,"blue"
"CCT8",4,"yellow"
"POGZ",1,"turquoise"
"ZZEF1",2,"blue"
"RANBP6",0,"grey"
"LDHB",4,"yellow"
"RAB5B",1,"turquoise"
"CRIPT",1,"turquoise"
"NDUFA2",0,"grey"
"TRIP12",0,"grey"
"KCNE3",0,"grey"
"PLD6",1,"turquoise"
"NKAIN3",1,"turquoise"
"RASSF5",2,"blue"
"ATAD3B",1,"turquoise"
"PRXL2C",1,"turquoise"
"IKZF3",1,"turquoise"
"SEC11C",0,"grey"
"TMEM14C",0,"grey"
"EZR",0,"grey"
"HINT3",1,"turquoise"
"ARIH1",1,"turquoise"
"RPL32",4,"yellow"
"IGFL4",1,"turquoise"
"WDR62",1,"turquoise"
"ATP5PD",4,"yellow"
"KIF2A",3,"brown"
"PABIR2",3,"brown"
"ZCCHC9",1,"turquoise"
"ARL6IP6",0,"grey"
"TENT5C",9,"magenta"
"RARB",1,"turquoise"
"UBXN7",0,"grey"
"ZNF320",1,"turquoise"
"PICALM",2,"blue"
"CNOT6",0,"grey"
"DHX15",0,"grey"
"TCF4",0,"grey"
"FXN",1,"turquoise"
"PAEP",1,"turquoise"
"SPG11",2,"blue"
"KCNJ13",5,"green"
"NOC3L",0,"grey"
"TIAM1",0,"grey"
"PBX1",3,"brown"
"UBL7",0,"grey"
"SYTL1",0,"grey"
"FAM126B",1,"turquoise"
"GGA1",1,"turquoise"
"VAMP4",0,"grey"
"BCAP29",1,"turquoise"
"ZNF275",0,"grey"
"NEK6",2,"blue"
"HEXIM1",0,"grey"
"KLHL9",0,"grey"
"ENSG00000282988",0,"grey"
"MED18",1,"turquoise"
"ECE1",0,"grey"
"BCL2L15",1,"turquoise"
"SNN",3,"brown"
"C6orf62",2,"blue"
"ASAP2",3,"brown"
"YIPF6",9,"magenta"
"PROX1",6,"red"
"MAP3K7CL",3,"brown"
"SSRP1",13,"salmon"
"ASXL2",2,"blue"
"GC",6,"red"
"IER3",0,"grey"
"KCTD10",1,"turquoise"
"CSRP1",0,"grey"
"MOSPD1",0,"grey"
"TMEM170A",1,"turquoise"
"RAD1",1,"turquoise"
"NFRKB",0,"grey"
"DDX39A",0,"grey"
"VTI1A",0,"grey"
"REXO5",14,"cyan"
"ASAP1",3,"brown"
"GVQW3",1,"turquoise"
"IKBKG",0,"grey"
"AMMECR1",0,"grey"
"SEC13",0,"grey"
"HAGH",1,"turquoise"
"EGF",3,"brown"
"VSIG1",1,"turquoise"
"NCAPD3",0,"grey"
"BRCC3",0,"grey"
"AGO2",2,"blue"
"RPS10-NUDT3",8,"pink"
"RBM26",0,"grey"
"AP4M1",1,"turquoise"
"DNAJC16",0,"grey"
"SNX13",2,"blue"
"CSPP1",0,"grey"
"LRRC56",1,"turquoise"
"THY1",1,"turquoise"
"TBC1D8",0,"grey"
"SLC50A1",1,"turquoise"
"SVIP",0,"grey"
"MARVELD3",1,"turquoise"
"CRCP",1,"turquoise"
"ABHD17A",0,"grey"
"MED25",0,"grey"
"FDX1",0,"grey"
"IL13RA1",2,"blue"
"EIF2B2",0,"grey"
"WIPI2",0,"grey"
"RANBP1",11,"greenyellow"
"CSNK2B",0,"grey"
"WBP11",0,"grey"
"TEX2",0,"grey"
"GALNT2",0,"grey"
"STK3",0,"grey"
"REPS2",2,"blue"
"FAM78A",0,"grey"
"FCGR3A",2,"blue"
"VEZT",0,"grey"
"CCNK",2,"blue"
"CD200",0,"grey"
"ORMDL1",11,"greenyellow"
"GFUS",0,"grey"
"C1GALT1",1,"turquoise"
"ZNF468",1,"turquoise"
"USP11",0,"grey"
"IMPA2",0,"grey"
"PRKDC",2,"blue"
"MSR1",0,"grey"
"PDCD6IP",2,"blue"
"ZNF740",0,"grey"
"ATXN2",0,"grey"
"NET1",4,"yellow"
"LGALS12",0,"grey"
"IK",0,"grey"
"GCNT2",0,"grey"
"SURF4",6,"red"
"PIGBOS1",1,"turquoise"
"BCAS2",0,"grey"
"ACE2",1,"turquoise"
"DNA2",0,"grey"
"IRS2",2,"blue"
"SIK2",1,"turquoise"
"RPL17",4,"yellow"
"ZNF514",0,"grey"
"ZKSCAN1",1,"turquoise"
"FASTKD2",1,"turquoise"
"KCNMB3",1,"turquoise"
"GNG2",0,"grey"
"MDH2",0,"grey"
"BCL6",2,"blue"
"TXNL4A",0,"grey"
"POR",6,"red"
"SREBF2",0,"grey"
"TRUB1",0,"grey"
"UXT",4,"yellow"
"SLC31A2",2,"blue"
"ALG11",0,"grey"
"ZNF780B",1,"turquoise"
"APEX1",0,"grey"
"CEP68",0,"grey"
"MRPL11",0,"grey"
"VPS53",1,"turquoise"
"UBE2L3",0,"grey"
"NATD1",0,"grey"
"ATP6V1E1",0,"grey"
"SCART1",1,"turquoise"
"SAR1A",0,"grey"
"C3orf70",1,"turquoise"
"MCTP2",2,"blue"
"BIRC2",9,"magenta"
"NLGN3",1,"turquoise"
"SLC9A3R2",4,"yellow"
"TIMP1",3,"brown"
"TPST2",1,"turquoise"
"MAVS",1,"turquoise"
"PWWP2A",0,"grey"
"SMG1",2,"blue"
"PIP5K1C",13,"salmon"
"POU2F2",0,"grey"
"TSPAN14",1,"turquoise"
"NAA40",0,"grey"
"NUDT16",0,"grey"
"PDK4",0,"grey"
"NNMT",0,"grey"
"ERGIC3",4,"yellow"
"TARBP1",0,"grey"
"FBXO30",0,"grey"
"COLEC12",1,"turquoise"
"SLC2A1",0,"grey"
"RPH3A",0,"grey"
"CWC25",1,"turquoise"
"ATP2A3",3,"brown"
"ZIK1",0,"grey"
"RECQL5",0,"grey"
"SMAP1",0,"grey"
"FGD2",0,"grey"
"P2RY14",2,"blue"
"PPP1CA",0,"grey"
"ZNF33B",0,"grey"
"NAP1L1",3,"brown"
"PTDSS1",1,"turquoise"
"GLCCI1",0,"grey"
"CCR4",1,"turquoise"
"COX6A1",0,"grey"
"CD14",2,"blue"
"ABCC9",1,"turquoise"
"SNAP29",0,"grey"
"HMGCR",0,"grey"
"IFT74",0,"grey"
"CNTROB",0,"grey"
"ZNF548",1,"turquoise"
"NANOGP8",1,"turquoise"
"HERC1",0,"grey"
"INPP5K",0,"grey"
"EMCN",0,"grey"
"BLNK",0,"grey"
"COPB2",1,"turquoise"
"UBR1",0,"grey"
"CDC27",9,"magenta"
"COPS6",4,"yellow"
"MCCC1",1,"turquoise"
"ZNF664",3,"brown"
"SOGA1",1,"turquoise"
"SRCAP",0,"grey"
"KDM5B",1,"turquoise"
"BPGM",9,"magenta"
"HMOX1",0,"grey"
"PRR13",2,"blue"
"FAM126A",0,"grey"
"FLT1",0,"grey"
"FEM1C",2,"blue"
"TMED3",1,"turquoise"
"EXT1",0,"grey"
"RCOR1",2,"blue"
"SMAD2",1,"turquoise"
"TMEM68",1,"turquoise"
"ADA2",1,"turquoise"
"PPIH",1,"turquoise"
"CENPE",7,"black"
"MYL12B",0,"grey"
"METTL14",1,"turquoise"
"SLC2A14",1,"turquoise"
"PCDHA5",0,"grey"
"PIGH",0,"grey"
"CCDC125",1,"turquoise"
"SSBP3",0,"grey"
"RIPOR1",0,"grey"
"FOXC2",0,"grey"
"PCLAF",0,"grey"
"TEP1",0,"grey"
"KIDINS220",1,"turquoise"
"TSC1",0,"grey"
"OARD1",0,"grey"
"NARF",0,"grey"
"UTP18",0,"grey"
"ZNF793",1,"turquoise"
"RHOU",0,"grey"
"PDCL",1,"turquoise"
"DMXL2",2,"blue"
"SEM1",1,"turquoise"
"EID1",4,"yellow"
"RBM14",0,"grey"
"SPTY2D1",1,"turquoise"
"CD99L2",0,"grey"
"ATG2A",0,"grey"
"ICMT",1,"turquoise"
"SEC24B",2,"blue"
"LINS1",1,"turquoise"
"POLL",0,"grey"
"TMED8",0,"grey"
"GPAT4",0,"grey"
"ZNF268",1,"turquoise"
"CMC2",0,"grey"
"MYLK",0,"grey"
"SH3BP5",1,"turquoise"
"OR2L2",1,"turquoise"
"AKAP6",1,"turquoise"
"LBX2",0,"grey"
"ACSBG1",1,"turquoise"
"POLR2F",0,"grey"
"MCM7",0,"grey"
"CSGALNACT1",0,"grey"
"TRIM52",1,"turquoise"
"PRPF31",0,"grey"
"PDGFA",3,"brown"
"NOP53",0,"grey"
"METTL2A",1,"turquoise"
"PIGQ",1,"turquoise"
"GBP1",2,"blue"
"WDR7",0,"grey"
"BLCAP",0,"grey"
"SFI1",0,"grey"
"HLA-DPB1",4,"yellow"
"MGAT4C",1,"turquoise"
"CTSE",0,"grey"
"ARFIP1",2,"blue"
"EVI2B",2,"blue"
"SLC25A11",0,"grey"
"EHD4",0,"grey"
"SYNCRIP",0,"grey"
"H4-16",4,"yellow"
"ZNF426",1,"turquoise"
"MED13",2,"blue"
"GOLGA2",0,"grey"
"F2R",3,"brown"
"SMIM31",1,"turquoise"
"MAP2K7",0,"grey"
"AFDN",6,"red"
"FCGR3B",2,"blue"
"SP2",1,"turquoise"
"DNAJC21",0,"grey"
"PDE7A",1,"turquoise"
"PMAIP1",0,"grey"
"ZCCHC17",0,"grey"
"SLC25A20",0,"grey"
"RSBN1",2,"blue"
"RALGPS2",0,"grey"
"RGL2",0,"grey"
"ARPC1B",0,"grey"
"PIGY",0,"grey"
"DNM2",0,"grey"
"GLDC",1,"turquoise"
"EHMT1",1,"turquoise"
"CEP19",1,"turquoise"
"WWC3",2,"blue"
"SELENOI",0,"grey"
"CAMK4",0,"grey"
"CLPX",1,"turquoise"
"MT-ND5",17,"grey60"
"PSMD4",0,"grey"
"SLC29A1",0,"grey"
"GLRX",0,"grey"
"SHOC2",0,"grey"
"MRPL27",0,"grey"
"FBXW7",0,"grey"
"RBFOX2",8,"pink"
"TIMELESS",0,"grey"
"DDX10",1,"turquoise"
"SLC25A36",0,"grey"
"ZNF507",0,"grey"
"TMED10",1,"turquoise"
"RAB11FIP1",2,"blue"
"ZNF26",1,"turquoise"
"RPA3",8,"pink"
"PHF8",0,"grey"
"ZNF396",1,"turquoise"
"CDK11B",0,"grey"
"DNAJB2",0,"grey"
"LUC7L3",11,"greenyellow"
"SNF8",0,"grey"
"HTR1D",1,"turquoise"
"HAT1",0,"grey"
"RC3H2",3,"brown"
"OAZ3",1,"turquoise"
"PKIA",0,"grey"
"SEC62",9,"magenta"
"ZNF143",0,"grey"
"SBDS",0,"grey"
"ENO1",18,"lightgreen"
"TIPRL",0,"grey"
"TPTE",17,"grey60"
"AKAP8L",0,"grey"
"UBE2Z",0,"grey"
"ZNF106",0,"grey"
"ISOC1",0,"grey"
"SLC39A8",0,"grey"
"FFAR2",2,"blue"
"LHFPL5",1,"turquoise"
"TMEM123",2,"blue"
"TP53",1,"turquoise"
"CCDC69",0,"grey"
"RAPGEF2",2,"blue"
"PPP6C",0,"grey"
"ZNF560",5,"green"
"OTUB1",0,"grey"
"SMIM5",3,"brown"
"PRPSAP2",0,"grey"
"GDE1",0,"grey"
"ZNF438",2,"blue"
"SH3BGRL3",3,"brown"
"PSMC5",0,"grey"
"ZNF564",0,"grey"
"NLRP1",0,"grey"
"FNTA",0,"grey"
"SUCO",2,"blue"
"PPIP5K2",1,"turquoise"
"GTF2I",2,"blue"
"DGKE",0,"grey"
"RPS6KA1",0,"grey"
"PTPRM",0,"grey"
"MRPS15",0,"grey"
"MARS1",0,"grey"
"KDM1B",2,"blue"
"GORASP2",0,"grey"
"UBE2D4",5,"green"
"H2AC12",4,"yellow"
"ZC3H4",0,"grey"
"RPL37A",4,"yellow"
"CPS1",6,"red"
"ALG5",1,"turquoise"
"S100PBP",1,"turquoise"
"DOK2",0,"grey"
"CFLAR",1,"turquoise"
"WDR48",0,"grey"
"PCDHGB6",1,"turquoise"
"ACACB",6,"red"
"FAM210B",9,"magenta"
"TRAK1",0,"grey"
"AGPAT5",8,"pink"
"CTDNEP1",0,"grey"
"PREPL",0,"grey"
"RABGAP1L",3,"brown"
"EIF4H",7,"black"
"FCGR1A",2,"blue"
"DLC1",4,"yellow"
"ETFB",1,"turquoise"
"IFIH1",2,"blue"
"WDR37",0,"grey"
"SEMA4A",2,"blue"
"RPL8",4,"yellow"
"RBM39",1,"turquoise"
"TIMM23B",1,"turquoise"
"NFXL1",2,"blue"
"ERI3",0,"grey"
"MRPL42",1,"turquoise"
"WFDC8",1,"turquoise"
"HDGFL2",0,"grey"
"IL1B",2,"blue"
"HAX1",0,"grey"
"CTSA",3,"brown"
"ELP2",0,"grey"
"C5orf22",0,"grey"
"RNF8",0,"grey"
"SLCO5A1",1,"turquoise"
"ATP8B3",1,"turquoise"
"LARP4",0,"grey"
"ZMPSTE24",2,"blue"
"TMEM107",11,"greenyellow"
"MTIF2",0,"grey"
"EXOC7",0,"grey"
"TXN2",0,"grey"
"MPRIP",0,"grey"
"TRAPPC3",0,"grey"
"TAF15",4,"yellow"
"IDE",0,"grey"
"CERS6",0,"grey"
"TLCD5",1,"turquoise"
"ZNF91",0,"grey"
"LPIN1",0,"grey"
"MKRN1",9,"magenta"
"ANXA7",0,"grey"
"WDR13",1,"turquoise"
"PMP22",1,"turquoise"
"COMMD9",1,"turquoise"
"GPX1",3,"brown"
"RBIS",0,"grey"
"SNAPC3",1,"turquoise"
"GNA12",0,"grey"
"MAP1LC3B2",0,"grey"
"LIMK1",0,"grey"
"B4GALT5",2,"blue"
"TRMT1L",0,"grey"
"AKAP11",0,"grey"
"MCMBP",2,"blue"
"BCL10",2,"blue"
"GLB1",0,"grey"
"EPHA10",1,"turquoise"
"MOCS2",4,"yellow"
"USP28",0,"grey"
"CYBRD1",0,"grey"
"PARP9",2,"blue"
"CDA",0,"grey"
"CHRNG",0,"grey"
"OR14J1",1,"turquoise"
"CYFIP2",0,"grey"
"MAP3K11",0,"grey"
"SCAF4",0,"grey"
"CLASRP",0,"grey"
"HACD2",0,"grey"
"AMIGO2",3,"brown"
"RALBP1",1,"turquoise"
"EVPL",1,"turquoise"
"ITIH4",6,"red"
"PIM2",0,"grey"
"SLC17A5",0,"grey"
"PIPOX",8,"pink"
"INSIG1",3,"brown"
"ENSG00000285458",1,"turquoise"
"REPIN1",0,"grey"
"CAPZB",0,"grey"
"YPEL3",0,"grey"
"CYP1B1",0,"grey"
"XYLT1",0,"grey"
"PIP4P1",0,"grey"
"ZNF440",1,"turquoise"
"BRWD1",2,"blue"
"RUBCNL",1,"turquoise"
"PPIP5K1",1,"turquoise"
"GOLPH3L",0,"grey"
"MRNIP",1,"turquoise"
"SLFN12L",1,"turquoise"
"RLF",2,"blue"
"BLOC1S4",0,"grey"
"RRN3",4,"yellow"
"HMCES",0,"grey"
"PDE6A",0,"grey"
"NBAS",3,"brown"
"SPIB",1,"turquoise"
"TBCB",1,"turquoise"
"DHCR24",6,"red"
"MEF2D",3,"brown"
"VAMP8",4,"yellow"
"ANKRA2",0,"grey"
"PANX1",3,"brown"
"RCBTB1",0,"grey"
"FGL2",2,"blue"
"WASL",0,"grey"
"CEP70",0,"grey"
"CYBA",0,"grey"
"ARHGAP11A",1,"turquoise"
"AFF1",2,"blue"
"ANXA1",4,"yellow"
"FRMD3",3,"brown"
"C1R",6,"red"
"SUSD5",1,"turquoise"
"SENP1",0,"grey"
"UTP4",0,"grey"
"UGGT1",1,"turquoise"
"PLCB2",2,"blue"
"TMEM204",0,"grey"
"TXNDC15",1,"turquoise"
"HLTF",0,"grey"
"NDUFA6",3,"brown"
"HMG20B",0,"grey"
"PTRHD1",0,"grey"
"RO60",1,"turquoise"
"ZNF843",1,"turquoise"
"NOSIP",0,"grey"
"TRIM23",0,"grey"
"ARL1",0,"grey"
"SSH2",2,"blue"
"CDK5RAP2",0,"grey"
"AK3",6,"red"
"NANOG",1,"turquoise"
"CEP135",1,"turquoise"
"TRIM22",2,"blue"
"SAMD3",4,"yellow"
"FASN",6,"red"
"RAB3GAP1",0,"grey"
"MAB21L3",1,"turquoise"
"MRI1",1,"turquoise"
"BASP1",2,"blue"
"STAM",2,"blue"
"TCAF1",0,"grey"
"TBK1",0,"grey"
"STX2",0,"grey"
"RPL29",4,"yellow"
"MPPE1",1,"turquoise"
"SLC44A2",3,"brown"
"SQSTM1",6,"red"
"CCL4L2",0,"grey"
"LRRC8C",0,"grey"
"NMRK1",10,"purple"
"MAN2A2",0,"grey"
"GABPB2",1,"turquoise"
"PTPN11",0,"grey"
"ATF3",0,"grey"
"ZNF397",1,"turquoise"
"KIAA1958",1,"turquoise"
"DDX47",4,"yellow"
"BTG1",2,"blue"
"APOC3",6,"red"
"CNOT4",0,"grey"
"APEH",0,"grey"
"PCYT1A",2,"blue"
"LGALS1",4,"yellow"
"CASP10",0,"grey"
"YJU2B",0,"grey"
"PCMT1",3,"brown"
"HDAC5",0,"grey"
"SGPL1",0,"grey"
"GON4L",0,"grey"
"AFG3L2",0,"grey"
"C5orf15",0,"grey"
"TGFBR3L",1,"turquoise"
"UBA7",0,"grey"
"GRIPAP1",0,"grey"
"USP49",1,"turquoise"
"BTRC",0,"grey"
"YEATS2",0,"grey"
"FGG",6,"red"
"JTB",0,"grey"
"PQBP1",0,"grey"
"CLEC2B",2,"blue"
"REST",0,"grey"
"SLC8A3",3,"brown"
"MRPL47",0,"grey"
"COPG1",0,"grey"
"STOML1",1,"turquoise"
"USP24",0,"grey"
"TENT4B",0,"grey"
"MACO1",0,"grey"
"HSD17B4",6,"red"
"IDH2",0,"grey"
"AICDA",1,"turquoise"
"QARS1",4,"yellow"
"MEF2A",2,"blue"
"NOP2",0,"grey"
"ZNF836",1,"turquoise"
"RNF215",1,"turquoise"
"SPOPL",2,"blue"
"SLC4A3",13,"salmon"
"ENSG00000269825",1,"turquoise"
"RPS3",4,"yellow"
"RAI14",0,"grey"
"FKBP14",1,"turquoise"
"SGCB",1,"turquoise"
"ATP5MJ",0,"grey"
"FRAT1",0,"grey"
"APMAP",2,"blue"
"CFAP97D1",1,"turquoise"
"ARHGEF2",0,"grey"
"BNIP2",3,"brown"
"DHX30",0,"grey"
"ERAP1",0,"grey"
"CCNG2",2,"blue"
"PSPN",1,"turquoise"
"PPP2R1B",0,"grey"
"CNN3",4,"yellow"
"MMAB",11,"greenyellow"
"RHOA",0,"grey"
"SLC1A5",9,"magenta"
"GFI1B",0,"grey"
"HCAR3",2,"blue"
"C11orf58",0,"grey"
"SUN1",0,"grey"
"ASB3",1,"turquoise"
"ZNF527",1,"turquoise"
"TRIM55",13,"salmon"
"TTBK2",0,"grey"
"ZNF771",1,"turquoise"
"SCRG1",1,"turquoise"
"ZDHHC24",1,"turquoise"
"DNAJC3",2,"blue"
"LITAF",2,"blue"
"ZNF410",0,"grey"
"SIMC1",1,"turquoise"
"ZW10",0,"grey"
"OR56A4",1,"turquoise"
"MPC1",0,"grey"
"HECTD4",9,"magenta"
"ELOVL7",3,"brown"
"PPP3CC",0,"grey"
"NKG7",4,"yellow"
"EMP1",0,"grey"
"ACTR6",0,"grey"
"CHCHD7",0,"grey"
"COG2",0,"grey"
"ARHGAP28",1,"turquoise"
"FAM222B",0,"grey"
"RPS2",4,"yellow"
"C17orf75",1,"turquoise"
"DELE1",0,"grey"
"SNRPE",4,"yellow"
"CARD6",1,"turquoise"
"C4orf19",1,"turquoise"
"MTHFD2",1,"turquoise"
"SS18L2",1,"turquoise"
"OAS3",1,"turquoise"
"VPS39",0,"grey"
"STARD3",0,"grey"
"LIMA1",0,"grey"
"KLLN",1,"turquoise"
"MORF4L2",0,"grey"
"MTFMT",1,"turquoise"
"PRKAB2",0,"grey"
"INF2",3,"brown"
"DEFB124",5,"green"
"KLRK1",4,"yellow"
"LYST",2,"blue"
"UBE2M",0,"grey"
"ZNF281",2,"blue"
"KIF20B",0,"grey"
"ST8SIA1",1,"turquoise"
"ANKRD46",0,"grey"
"H3C4",0,"grey"
"ZYX",3,"brown"
"SYNRG",1,"turquoise"
"SIRPB1",2,"blue"
"GATAD1",1,"turquoise"
"TMC8",11,"greenyellow"
"HIGD1A",5,"green"
"NEU3",1,"turquoise"
"BZW1",0,"grey"
"ZNF221",1,"turquoise"
"GDAP1",1,"turquoise"
"RBBP4",1,"turquoise"
"PRKAR1A",3,"brown"
"PTGES3L",1,"turquoise"
"S1PR4",0,"grey"
"MPP1",9,"magenta"
"STARD3NL",0,"grey"
"CD2AP",0,"grey"
"CCL20",15,"midnightblue"
"ZFP30",1,"turquoise"
"SMN2",0,"grey"
"CTBP1",0,"grey"
"STXBP5",2,"blue"
"POMK",1,"turquoise"
"IHO1",1,"turquoise"
"NSL1",1,"turquoise"
"ASCC2",9,"magenta"
"PSENEN",0,"grey"
"KBTBD11",0,"grey"
"MEGF8",0,"grey"
"CCSAP",0,"grey"
"GALC",2,"blue"
"CAMLG",0,"grey"
"TREML4",1,"turquoise"
"RGCC",0,"grey"
"KANSL1",2,"blue"
"VWF",0,"grey"
"VTN",6,"red"
"BAD",0,"grey"
"PDS5B",2,"blue"
"SEPTIN9",0,"grey"
"ZNF644",0,"grey"
"SH3GLB2",0,"grey"
"SCAI",1,"turquoise"
"GABARAPL1",0,"grey"
"LAT2",1,"turquoise"
"SUGP1",0,"grey"
"LIG4",1,"turquoise"
"NSD3",0,"grey"
"SLC12A9",0,"grey"
"H3C11",4,"yellow"
"RNF168",1,"turquoise"
"ISG20L2",1,"turquoise"
"KIAA2026",0,"grey"
"TNFAIP8L1",1,"turquoise"
"PGAP6",0,"grey"
"SLC52A3",1,"turquoise"
"UBXN2B",2,"blue"
"PRDX5",0,"grey"
"CDHR3",0,"grey"
"MED6",1,"turquoise"
"TXNDC5",6,"red"
"CD46",2,"blue"
"DEF6",0,"grey"
"NXF1",11,"greenyellow"
"RPH3AL",1,"turquoise"
"SEPTIN2",3,"brown"
"TRERF1",2,"blue"
"SEC22B",0,"grey"
"ZNF653",0,"grey"
"GID8",0,"grey"
"H3C8",4,"yellow"
"EPC1",0,"grey"
"TES",0,"grey"
"KAT6A",2,"blue"
"RAB36",1,"turquoise"
"PNPLA8",2,"blue"
"GOPC",0,"grey"
"POLR3C",0,"grey"
"HAUS8",1,"turquoise"
"RPS6KB2",0,"grey"
"ATP5ME",13,"salmon"
"ADRM1",0,"grey"
"RAB31",3,"brown"
"DCAF16",1,"turquoise"
"SLC35E2B",0,"grey"
"OR2M4",1,"turquoise"
"PRRC1",0,"grey"
"AIMP2",1,"turquoise"
"TMEM184B",2,"blue"
"ARNTL",2,"blue"
"PUS10",1,"turquoise"
"SNTB2",1,"turquoise"
"KPNA1",2,"blue"
"TMEM41B",1,"turquoise"
"AGAP2",0,"grey"
"S100A11",2,"blue"
"DOT1L",0,"grey"
"CLTC",2,"blue"
"EFHC2",3,"brown"
"SRP9",4,"yellow"
"ZNF521",15,"midnightblue"
"RPRD2",0,"grey"
"CHMP4B",0,"grey"
"NFAM1",1,"turquoise"
"CCDC93",0,"grey"
"RAN",4,"yellow"
"H2AC4",0,"grey"
"LMTK2",2,"blue"
"UFC1",0,"grey"
"EEF1A1",4,"yellow"
"KDM3B",2,"blue"
"INTS3",0,"grey"
"C1orf109",0,"grey"
"TRPM4",1,"turquoise"
"ZNF558",1,"turquoise"
"LTB4R",0,"grey"
"FAM186A",1,"turquoise"
"LRRC47",0,"grey"
"ACSS2",0,"grey"
"KIAA0040",13,"salmon"
"OR2G6",1,"turquoise"
"ITGA4",2,"blue"
"DNAJC6",9,"magenta"
"CLOCK",0,"grey"
"SLC35A4",0,"grey"
"NSUN2",0,"grey"
"LGALSL",3,"brown"
"OR2AT4",1,"turquoise"
"KIFC3",0,"grey"
"PHF5A",0,"grey"
"ZNF329",1,"turquoise"
"TAX1BP1",2,"blue"
"ZDHHC18",5,"green"
"TMBIM4",2,"blue"
"NMUR1",1,"turquoise"
"ST3GAL2",1,"turquoise"
"HPD",6,"red"
"SMYD4",1,"turquoise"
"HMGN5",0,"grey"
"TMEM45B",14,"cyan"
"DENND5A",2,"blue"
"CNNM1",0,"grey"
"NUP98",1,"turquoise"
"RMI1",0,"grey"
"IKBIP",0,"grey"
"RNF220",0,"grey"
"PTPRS",0,"grey"
"OR51A2",5,"green"
"DOCK9",0,"grey"
"ITGB1BP1",4,"yellow"
"BRAP",0,"grey"
"SESN3",9,"magenta"
"ZC3H7B",0,"grey"
"ZYG11B",1,"turquoise"
"RFC2",1,"turquoise"
"DVL3",1,"turquoise"
"KRIT1",0,"grey"
"SCFD2",3,"brown"
"RORA",0,"grey"
"PIAS2",0,"grey"
"ANKEF1",1,"turquoise"
"CRX",1,"turquoise"
"TBC1D13",0,"grey"
"PLK2",4,"yellow"
"ARHGAP9",2,"blue"
"EIF1B",9,"magenta"
"PRIM1",1,"turquoise"
"ACAD9",1,"turquoise"
"RBP4",6,"red"
"METTL9",0,"grey"
"SP100",2,"blue"
"CPSF1",0,"grey"
"S100A4",4,"yellow"
"NUP188",0,"grey"
"RPS20",4,"yellow"
"ADM2",0,"grey"
"DDRGK1",0,"grey"
"STARD10",1,"turquoise"
"KLF8",1,"turquoise"
"EPB41L2",4,"yellow"
"JMJD6",0,"grey"
"PPM1B",0,"grey"
"GZMA",4,"yellow"
"AAMP",0,"grey"
"MBD6",0,"grey"
"FMNL3",0,"grey"
"TRIM13",1,"turquoise"
"CACNG8",1,"turquoise"
"SRSF10",0,"grey"
"TSEN2",1,"turquoise"
"TSPO",0,"grey"
"SYMPK",1,"turquoise"
"RTTN",0,"grey"
"TBPL1",3,"brown"
"ARRDC3",2,"blue"
"STX12",0,"grey"
"IFIT5",2,"blue"
"HPCAL1",0,"grey"
"CDH1",6,"red"
"KIAA1671",0,"grey"
"SAP18",4,"yellow"
"OR7G2",1,"turquoise"
"CREG1",9,"magenta"
"IFIT1",2,"blue"
"JUNB",2,"blue"
"SERPINB6",1,"turquoise"
"SYS1",0,"grey"
"H6PD",1,"turquoise"
"DOCK10",0,"grey"
"IRF5",0,"grey"
"TMEM245",0,"grey"
"SRSF1",0,"grey"
"CNTNAP3",1,"turquoise"
"RAB29",1,"turquoise"
"ACTR1B",0,"grey"
"EEF1E1",0,"grey"
"LAMTOR1",3,"brown"
"ESF1",4,"yellow"
"ANAPC16",1,"turquoise"
"MRPL2",0,"grey"
"METRNL",0,"grey"
"ZNF346",0,"grey"
"NCR1",0,"grey"
"CD52",4,"yellow"
"AP4S1",1,"turquoise"
"UBA52",0,"grey"
"RIPK1",0,"grey"
"CPNE3",0,"grey"
"ANKRD50",0,"grey"
"CXCL9",0,"grey"
"H4C15",0,"grey"
"EIF2A",4,"yellow"
"CRBN",0,"grey"
"NCBP1",0,"grey"
"FGFR1OP2",5,"green"
"SLC9A1",0,"grey"
"LTF",0,"grey"
"DNAJB9",0,"grey"
"MRPS27",1,"turquoise"
"WBP2",3,"brown"
"PRPF18",0,"grey"
"TMEM138",1,"turquoise"
"TMEM131",5,"green"
"ST6GAL2",1,"turquoise"
"KIF1C",0,"grey"
"PAPSS1",0,"grey"
"ELF2",2,"blue"
"SLX4IP",1,"turquoise"
"OGFR",11,"greenyellow"
"KIF15",0,"grey"
"MS4A4E",0,"grey"
"MINDY2",1,"turquoise"
"PADI2",2,"blue"
"UBXN1",0,"grey"
"LNX2",0,"grey"
"ERP44",0,"grey"
"METTL7A",1,"turquoise"
"HIF1AN",1,"turquoise"
"NSA2",13,"salmon"
"EIF4E3",2,"blue"
"SLC46A1",1,"turquoise"
"NEDD8",4,"yellow"
"ABHD11",1,"turquoise"
"INPP5D",2,"blue"
"PAIP2B",0,"grey"
"HJURP",1,"turquoise"
"KLHDC10",0,"grey"
"MAT1A",6,"red"
"KCNC4",1,"turquoise"
"CALM3",3,"brown"
"RGS9",5,"green"
"ACIN1",0,"grey"
"CEP41",1,"turquoise"
"MS4A7",0,"grey"
"IPO11",0,"grey"
"HAUS5",1,"turquoise"
"ZC3H11A",0,"grey"
"RNASEH2A",1,"turquoise"
"TXNDC11",0,"grey"
"MAP1B",0,"grey"
"NVL",0,"grey"
"LTO1",1,"turquoise"
"NUP54",0,"grey"
"STAT2",0,"grey"
"PTAFR",2,"blue"
"RNF40",0,"grey"
"TM7SF3",1,"turquoise"
"CHRD",5,"green"
"PLEKHA8",0,"grey"
"NCALD",0,"grey"
"GXYLT1",0,"grey"
"MTSS1",3,"brown"
"ADH1B",6,"red"
"DLD",15,"midnightblue"
"PPFIA1",2,"blue"
"DNAJB12",0,"grey"
"RPS7",4,"yellow"
"MORN4",1,"turquoise"
"MARCHF3",0,"grey"
"JAK3",1,"turquoise"
"ARFGEF1",1,"turquoise"
"CXCL5",3,"brown"
"RHOBTB3",12,"tan"
"RGS10",3,"brown"
"HMX3",1,"turquoise"
"CHERP",0,"grey"
"PTPN3",0,"grey"
"TMEM258",0,"grey"
"PLD3",0,"grey"
"FOXP1",0,"grey"
"POFUT1",1,"turquoise"
"MYO1G",0,"grey"
"FAM114A1",0,"grey"
"TJP2",0,"grey"
"SERINC1",2,"blue"
"SLC9A8",2,"blue"
"PEX19",0,"grey"
"PSMD7",0,"grey"
"TM2D1",1,"turquoise"
"PPP1R3C",6,"red"
"TTC17",0,"grey"
"ELP1",0,"grey"
"ORC6",1,"turquoise"
"ZNF253",1,"turquoise"
"HIVEP3",0,"grey"
"ZNF736",0,"grey"
"SYVN1",0,"grey"
"CALHM6",4,"yellow"
"EEF1AKMT2",0,"grey"
"SMARCA2",2,"blue"
"ZNF791",1,"turquoise"
"P4HB",6,"red"
"F11R",1,"turquoise"
"FAM193B",0,"grey"
"PSMB1",4,"yellow"
"TXN",0,"grey"
"EXOSC6",1,"turquoise"
"ACTA2",0,"grey"
"ATP6V1D",0,"grey"
"PTGS1",3,"brown"
"CARD19",3,"brown"
"RNF157",1,"turquoise"
"UBE3C",0,"grey"
"LRP2BP",1,"turquoise"
"PDSS2",1,"turquoise"
"ATE1",1,"turquoise"
"SNRNP27",0,"grey"
"ARAF",0,"grey"
"KLF10",0,"grey"
"NUP43",1,"turquoise"
"NMD3",0,"grey"
"PHOSPHO1",9,"magenta"
"LARP4B",2,"blue"
"VPS13C",2,"blue"
"METTL3",0,"grey"
"ANXA4",0,"grey"
"CA1",9,"magenta"
"DCP1B",0,"grey"
"CEP112",0,"grey"
"ATP2A2",3,"brown"
"ATIC",0,"grey"
"NPL",2,"blue"
"UEVLD",1,"turquoise"
"GAB1",2,"blue"
"C3orf38",0,"grey"
"SCAF11",2,"blue"
"UBE2Q1",0,"grey"
"ZMYM6",0,"grey"
"PXK",3,"brown"
"TADA2B",1,"turquoise"
"DENND2D",4,"yellow"
"BAX",1,"turquoise"
"CP",6,"red"
"RPL37",4,"yellow"
"NCOA4",3,"brown"
"LRRC14",8,"pink"
"GALNT16",1,"turquoise"
"GORASP1",0,"grey"
"FCHO2",2,"blue"
"AHSP",0,"grey"
"SRF",0,"grey"
"TUBB4A",1,"turquoise"
"PGPEP1",1,"turquoise"
"SIN3B",1,"turquoise"
"JCHAIN",0,"grey"
"ANXA11",2,"blue"
"CSF2RB",2,"blue"
"IFI44",0,"grey"
"PPWD1",0,"grey"
"DNAJC13",2,"blue"
"PAH",6,"red"
"PTCH2",7,"black"
"USP3",0,"grey"
"DCLRE1C",1,"turquoise"
"FRMD4B",1,"turquoise"
"XPO5",0,"grey"
"EXOC6",2,"blue"
"RPS27",4,"yellow"
"MSRB1",0,"grey"
"CLMP",1,"turquoise"
"FSTL1",3,"brown"
"SLMAP",0,"grey"
"HAUS2",1,"turquoise"
"SAMD4A",0,"grey"
"FAM219A",0,"grey"
"GCSH",1,"turquoise"
"CLK4",2,"blue"
"ZNF799",1,"turquoise"
"CXCR4",2,"blue"
"IRAK1",0,"grey"
"TMSB10",0,"grey"
"ESYT1",6,"red"
"CCNI",0,"grey"
"EP300",2,"blue"
"KCNA6",8,"pink"
"CDK14",2,"blue"
"ERG",4,"yellow"
"PARN",0,"grey"
"SOD2",1,"turquoise"
"CYTH1",0,"grey"
"PNPT1",1,"turquoise"
"SEMA4D",2,"blue"
"AGPAT1",3,"brown"
"MAP3K3",2,"blue"
"MAX",3,"brown"
"CAPS",1,"turquoise"
"OSBPL8",2,"blue"
"PPCS",0,"grey"
"SCYL3",1,"turquoise"
"TCEANC2",1,"turquoise"
"C20orf27",0,"grey"
"RPS6KA5",1,"turquoise"
"FAHD1",0,"grey"
"CMPK2",0,"grey"
"BRCA1",1,"turquoise"
"SLC12A4",5,"green"
"SLK",2,"blue"
"BAZ1B",0,"grey"
"SLCO2B1",6,"red"
"LRGUK",8,"pink"
"TERF2IP",0,"grey"
"COL1A1",0,"grey"
"GRK5",3,"brown"
"AP1S2",17,"grey60"
"ACBD3",0,"grey"
"PRDM2",0,"grey"
"SEL1L3",0,"grey"
"SMYD3",0,"grey"
"WDR45",1,"turquoise"
"ARHGEF9",1,"turquoise"
"C2CD3",0,"grey"
"BUD31",0,"grey"
"FBXO11",2,"blue"
"PSMG4",1,"turquoise"
"CDK8",0,"grey"
"PPP1R3D",2,"blue"
"TPM3",1,"turquoise"
"EPB42",9,"magenta"
"CDK1",0,"grey"
"POLR2B",0,"grey"
"RPS28",4,"yellow"
"CBLL1",0,"grey"
"SETDB1",0,"grey"
"GCLM",0,"grey"
"CPEB3",0,"grey"
"PPM1A",3,"brown"
"INTS1",0,"grey"
"CAMTA1",3,"brown"
"SAMSN1",0,"grey"
"THADA",1,"turquoise"
"ID1",4,"yellow"
"TAF12",0,"grey"
"PIK3CB",3,"brown"
"TBC1D17",1,"turquoise"
"COX8A",4,"yellow"
"PRORP",0,"grey"
"ZNF534",1,"turquoise"
"DNAL4",5,"green"
"MTMR14",0,"grey"
"TMEM59",1,"turquoise"
"SNX6",2,"blue"
"DDX18",4,"yellow"
"TMEM104",0,"grey"
"LRRC8A",0,"grey"
"CAPN1",3,"brown"
"DDHD2",0,"grey"
"PPBP",3,"brown"
"ZBED1",0,"grey"
"ANKRD49",0,"grey"
"BTF3",4,"yellow"
"QKI",2,"blue"
"KDM6A",2,"blue"
"MAN2B1",0,"grey"
"OFD1",0,"grey"
"CGA",0,"grey"
"KDM4B",0,"grey"
"GNG12",0,"grey"
"UBN2",0,"grey"
"UFL1",0,"grey"
"CD53",2,"blue"
"UQCRHL",1,"turquoise"
"WASHC5",0,"grey"
"PCCB",1,"turquoise"
"COMMD5",0,"grey"
"ARHGAP15",2,"blue"
"HDHD2",0,"grey"
"ANKLE2",0,"grey"
"GNB4",0,"grey"
"OSBP",0,"grey"
"NBPF3",0,"grey"
"DOCK11",2,"blue"
"PRR5",1,"turquoise"
"RPRD1B",0,"grey"
"ADRA1A",1,"turquoise"
"ASAH1",3,"brown"
"GIPR",1,"turquoise"
"AHI1",1,"turquoise"
"NADSYN1",0,"grey"
"PSMD5",0,"grey"
"HK3",0,"grey"
"RSU1",3,"brown"
"MAD2L1",1,"turquoise"
"EIF4A3",0,"grey"
"CHMP2B",2,"blue"
"IRAG2",2,"blue"
"RPS21",4,"yellow"
"ACO2",0,"grey"
"CAMSAP1",0,"grey"
"ARID5A",0,"grey"
"PALM2AKAP2",0,"grey"
"UBE2N",1,"turquoise"
"LMO4",0,"grey"
"HDAC3",0,"grey"
"HP",6,"red"
"MRPL57",1,"turquoise"
"OLFML2A",1,"turquoise"
"HAPLN4",1,"turquoise"
"GOT2",0,"grey"
"NFYC",0,"grey"
"KIN",1,"turquoise"
"PLSCR4",0,"grey"
"EXOC1",0,"grey"
"ZNF738",1,"turquoise"
"PDAP1",0,"grey"
"MANF",0,"grey"
"EIF4E2",0,"grey"
"TTC13",0,"grey"
"TSTD3",1,"turquoise"
"FHDC1",4,"yellow"
"VRK2",0,"grey"
"RDX",0,"grey"
"JUND",0,"grey"
"CHRNB1",1,"turquoise"
"MRTO4",1,"turquoise"
"TTC3",0,"grey"
"NDUFB8",4,"yellow"
"TMEM248",0,"grey"
"R3HDM2",1,"turquoise"
"C5",6,"red"
"ANKRD26",0,"grey"
"PREX2",1,"turquoise"
"SCRN1",0,"grey"
"NUGGC",1,"turquoise"
"DDI2",0,"grey"
"KIAA0930",1,"turquoise"
"ZMYM5",0,"grey"
"ZNF586",0,"grey"
"DEFA1B",0,"grey"
"ZNF726",1,"turquoise"
"TANK",0,"grey"
"RCAN1",0,"grey"
"LIMD2",0,"grey"
"JAK2",2,"blue"
"TM9SF4",2,"blue"
"TSHZ1",0,"grey"
"ZNF264",1,"turquoise"
"BICD1",0,"grey"
"METTL5",0,"grey"
"CASP1",2,"blue"
"ICA1L",1,"turquoise"
"APOA2",6,"red"
"KALRN",0,"grey"
"SECTM1",2,"blue"
"IFNAR1",1,"turquoise"
"LAMTOR5",0,"grey"
"RAB11FIP4",0,"grey"
"TALDO1",2,"blue"
"KMT5A",0,"grey"
"EIF5A",0,"grey"
"NEGR1",1,"turquoise"
"EHD2",1,"turquoise"
"YTHDC2",0,"grey"
"NCF1",0,"grey"
"IQANK1",1,"turquoise"
"NUP133",0,"grey"
"NPIPB5",0,"grey"
"HNRNPK",3,"brown"
"ELF1",3,"brown"
"TCFL5",1,"turquoise"
"ENSG00000288796",3,"brown"
"ICE1",0,"grey"
"NCK2",3,"brown"
"OXA1L",0,"grey"
"ZSCAN12",1,"turquoise"
"PSMD12",0,"grey"
"NFAT5",2,"blue"
"TAF1D",0,"grey"
"SRGAP2C",0,"grey"
"CCAR2",0,"grey"
"DVL1",0,"grey"
"FBXO3",0,"grey"
"TYMS",0,"grey"
"PEF1",0,"grey"
"NOL4L",0,"grey"
"MCM5",0,"grey"
"PTP4A3",0,"grey"
"GEMIN6",1,"turquoise"
"ARSK",1,"turquoise"
"RBP7",0,"grey"
"MAP2K4",2,"blue"
"EPB41L3",0,"grey"
"ZNF480",0,"grey"
"SRRD",1,"turquoise"
"NYAP1",8,"pink"
"APOL1",1,"turquoise"
"PPP6R2",0,"grey"
"AIF1L",4,"yellow"
"ZBTB41",5,"green"
"AHCTF1",2,"blue"
"ITGA2",0,"grey"
"MME",2,"blue"
"MAST4",0,"grey"
"CCDC14",0,"grey"
"KCTD2",0,"grey"
"WDR26",9,"magenta"
"ARSA",8,"pink"
"UNKL",5,"green"
"CCNA2",0,"grey"
"ARID1B",1,"turquoise"
"MT-ND6",17,"grey60"
"WDPCP",1,"turquoise"
"MAGI1",0,"grey"
"NIPA2",0,"grey"
"TSTD1",0,"grey"
"PCYT1B",1,"turquoise"
"EIF3H",5,"green"
"SLC25A39",9,"magenta"
"KIF1B",1,"turquoise"
"C6orf120",0,"grey"
"MRPL37",0,"grey"
"PSMA5",0,"grey"
"RESF1",2,"blue"
"AMPD3",0,"grey"
"PIAS1",2,"blue"
"FBXO7",9,"magenta"
"TMEM134",1,"turquoise"
"ZNF3",1,"turquoise"
"LRRFIP1",2,"blue"
"CNOT2",1,"turquoise"
"ABI3",0,"grey"
"ALDH5A1",0,"grey"
"FKTN",0,"grey"
"TK2",0,"grey"
"TRIM16",1,"turquoise"
"STMN1",0,"grey"
"GALNT10",1,"turquoise"
"PRELID2",1,"turquoise"
"STK39",0,"grey"
"CKS2",0,"grey"
"XKR3",5,"green"
"CR1",2,"blue"
"RPS6KA2",0,"grey"
"MRPL22",0,"grey"
"GADD45B",0,"grey"
"ZNF287",1,"turquoise"
"TCTN3",1,"turquoise"
"FBRS",0,"grey"
"FPR1",2,"blue"
"ADGRG1",1,"turquoise"
"PTCD2",1,"turquoise"
"CFAP418",1,"turquoise"
"NDE1",1,"turquoise"
"ANXA2",4,"yellow"
"HLCS",5,"green"
"MCF2L",1,"turquoise"
"FH",6,"red"
"TBC1D24",1,"turquoise"
"DGCR8",0,"grey"
"GSR",0,"grey"
"H2BC12",4,"yellow"
"PAQR7",1,"turquoise"
"PDCD6",0,"grey"
"BRI3BP",1,"turquoise"
"PLBD2",1,"turquoise"
"SLC12A7",6,"red"
"FCGR2A",2,"blue"
"OCEL1",1,"turquoise"
"ATP11B",2,"blue"
"FBXO34",0,"grey"
"RPE",0,"grey"
"TMBIM1",3,"brown"
"F2RL2",1,"turquoise"
"MRAS",5,"green"
"SLC35F5",1,"turquoise"
"CBWD1",11,"greenyellow"
"AXL",1,"turquoise"
"PNPLA3",0,"grey"
"CD276",1,"turquoise"
"DUSP28",1,"turquoise"
"CSNK1E",1,"turquoise"
"SRP14",4,"yellow"
"CCDC117",5,"green"
"C6orf89",0,"grey"
"CR1L",0,"grey"
"RNF31",0,"grey"
"UBN1",2,"blue"
"ESAM",3,"brown"
"CTNNA1",0,"grey"
"CBX4",0,"grey"
"SH3TC2",3,"brown"
"PXMP4",1,"turquoise"
"RNF167",0,"grey"
"ETV3",0,"grey"
"OR8H1",1,"turquoise"
"WDFY3",2,"blue"
"DPM1",0,"grey"
"LRP1",6,"red"
"ANKH",9,"magenta"
"THUMPD3",1,"turquoise"
"POLR1B",1,"turquoise"
"RAD9B",1,"turquoise"
"ARL17B",1,"turquoise"
"PADI4",1,"turquoise"
"NLK",3,"brown"
"SDF4",6,"red"
"TAP2",2,"blue"
"GNAI1",1,"turquoise"
"VPS4B",1,"turquoise"
"GALNT6",1,"turquoise"
"SESN1",0,"grey"
"GBE1",0,"grey"
"CLASP1",0,"grey"
"RASGEF1B",0,"grey"
"ACOT11",1,"turquoise"
"BBOF1",0,"grey"
"PLGLB2",1,"turquoise"
"AFAP1",3,"brown"
"TMX3",0,"grey"
"SEC22C",0,"grey"
"RNF146",0,"grey"
"EMC10",1,"turquoise"
"WDR74",7,"black"
"PURA",0,"grey"
"DNPEP",1,"turquoise"
"ERBB2",0,"grey"
"GTF2IRD2B",1,"turquoise"
"FANCM",0,"grey"
"RPS3A",4,"yellow"
"LGALS3",1,"turquoise"
"MXRA7",1,"turquoise"
"GLT8D1",1,"turquoise"
"CFL2",0,"grey"
"UPB1",1,"turquoise"
"DHX38",0,"grey"
"BTBD1",0,"grey"
"ABCF1",0,"grey"
"RBSN",1,"turquoise"
"FCF1",1,"turquoise"
"LRRC49",1,"turquoise"
"SMARCA4",0,"grey"
"LRP8",1,"turquoise"
"ZBTB21",0,"grey"
"ZDHHC20",2,"blue"
"PALMD",0,"grey"
"TMEM43",2,"blue"
"TTL",1,"turquoise"
"STAT5B",2,"blue"
"SSB",0,"grey"
"OR10H5",1,"turquoise"
"TIMM23",0,"grey"
"OAS2",0,"grey"
"TRIM11",0,"grey"
"ARHGEF4",5,"green"
"DEGS1",1,"turquoise"
"TMEM50B",0,"grey"
"TBL1XR1",3,"brown"
"G6PD",0,"grey"
"SP140",0,"grey"
"NUDC",0,"grey"
"MFN1",0,"grey"
"C5AR2",1,"turquoise"
"SNX11",0,"grey"
"CAMSAP2",0,"grey"
"H2AX",7,"black"
"HCFC2",0,"grey"
"C14orf93",5,"green"
"SLC16A4",1,"turquoise"
"SRGAP1",5,"green"
"LILRA1",0,"grey"
"MBTD1",3,"brown"
"USP33",1,"turquoise"
"C15orf39",2,"blue"
"ERBIN",3,"brown"
"PAAF1",1,"turquoise"
"PIWIL2",7,"black"
"SYNE1",8,"pink"
"KHDC4",1,"turquoise"
"TSPYL1",0,"grey"
"GUF1",0,"grey"
"WDR44",3,"brown"
"RNPEP",0,"grey"
"ADH4",6,"red"
"FBXL17",0,"grey"
"ZBTB10",8,"pink"
"DCAF13",0,"grey"
"HTRA1",6,"red"
"ZNF585A",1,"turquoise"
"SLC26A2",1,"turquoise"
"ATP2B4",2,"blue"
"CHST12",1,"turquoise"
"KANSL3",3,"brown"
"RAB22A",0,"grey"
"TARDBP",0,"grey"
"STAU1",0,"grey"
"CHMP1A",0,"grey"
"ZNF160",0,"grey"
"DHX29",0,"grey"
"HADHB",0,"grey"
"PLXNB2",6,"red"
"SLC15A3",0,"grey"
"NUMB",2,"blue"
"TNIP1",0,"grey"
"CCDC85C",1,"turquoise"
"PSKH1",0,"grey"
"RHOG",0,"grey"
"NSFL1C",0,"grey"
"KNG1",6,"red"
"ITGAX",2,"blue"
"XRN1",2,"blue"
"CANT1",2,"blue"
"GNG7",0,"grey"
"RUNX2",2,"blue"
"ZNF99",1,"turquoise"
"SNX22",1,"turquoise"
"MBNL3",9,"magenta"
"ODC1",3,"brown"
"ZFYVE16",1,"turquoise"
"SYNJ2BP",1,"turquoise"
"E2F2",0,"grey"
"POLE",0,"grey"
"THRA",0,"grey"
"PTGES2",1,"turquoise"
"EMC6",0,"grey"
"SAMD15",1,"turquoise"
"FECH",9,"magenta"
"RAP2A",4,"yellow"
"AZIN1",0,"grey"
"CRIP1",0,"grey"
"SLC7A7",4,"yellow"
"IL10RA",0,"grey"
"TMEM64",3,"brown"
"ASH2L",0,"grey"
"ADAP2",0,"grey"
"CABYR",1,"turquoise"
"BCL7B",0,"grey"
"NUDT13",5,"green"
"ARL6IP4",13,"salmon"
"TOMM5",4,"yellow"
"RPL35A",4,"yellow"
"CCDC157",1,"turquoise"
"C2orf68",1,"turquoise"
"LRCH1",4,"yellow"
"LY6G5B",5,"green"
"FAM124A",1,"turquoise"
"MAP4K2",1,"turquoise"
"CHIC1",0,"grey"
"ELOVL1",0,"grey"
"SLC39A10",0,"grey"
"DTD2",1,"turquoise"
"ACP1",0,"grey"
"ZMYM2",3,"brown"
"CLEC2D",0,"grey"
"CD84",0,"grey"
"TENT4A",14,"cyan"
"FAM214B",3,"brown"
"RASA1",3,"brown"
"PHKG1",1,"turquoise"
"QRFPR",4,"yellow"
"IMPA1",1,"turquoise"
"SH3BP1",0,"grey"
"ARPC5L",0,"grey"
"KLHL42",0,"grey"
"KLHL26",1,"turquoise"
"GJC1",1,"turquoise"
"TANGO6",0,"grey"
"LRG1",1,"turquoise"
"PIK3R1",3,"brown"
"MAF",0,"grey"
"ZMIZ2",0,"grey"
"SLC46A3",0,"grey"
"STAMBP",1,"turquoise"
"C22orf39",1,"turquoise"
"TCF20",2,"blue"
"MRPS6",0,"grey"
"OTULIN",1,"turquoise"
"CCBE1",1,"turquoise"
"SARNP",0,"grey"
"PER1",1,"turquoise"
"TIMM50",1,"turquoise"
"SHTN1",0,"grey"
"SMARCAD1",0,"grey"
"CNIH1",4,"yellow"
"LMCD1",0,"grey"
"MICAL1",5,"green"
"SHOX",1,"turquoise"
"BLZF1",0,"grey"
"SARAF",2,"blue"
"ZNRD2",0,"grey"
"PPP1R21",0,"grey"
"BCL6B",4,"yellow"
"TMEM131L",2,"blue"
"OR10G4",1,"turquoise"
"ADNP",2,"blue"
"RFFL",1,"turquoise"
"PMS1",8,"pink"
"EIF3E",1,"turquoise"
"RPL31",4,"yellow"
"ZNF814",1,"turquoise"
"KDELR2",0,"grey"
"NLRP12",0,"grey"
"TFCP2",0,"grey"
"TLE4",2,"blue"
"ZNF570",1,"turquoise"
"TLK2",1,"turquoise"
"DEK",0,"grey"
"PSPC1",0,"grey"
"C1QA",0,"grey"
"EIF3CL",0,"grey"
"EFR3A",0,"grey"
"UBAP2",0,"grey"
"NBPF14",0,"grey"
"PLA2G12A",0,"grey"
"PITPNC1",0,"grey"
"GBP5",2,"blue"
"NCOA7",0,"grey"
"LIN7C",0,"grey"
"FUT2",1,"turquoise"
"SEPTIN10",5,"green"
"FZD4",1,"turquoise"
"IRF9",0,"grey"
"TNPO2",0,"grey"
"MCPH1",1,"turquoise"
"LBH",4,"yellow"
"SYNM",5,"green"
"SETD4",15,"midnightblue"
"DYNLT3",1,"turquoise"
"FKBP11",1,"turquoise"
"SESTD1",3,"brown"
"FLII",0,"grey"
"RPS16",4,"yellow"
"CSNK2A1",0,"grey"
"TMEM88B",1,"turquoise"
"MRPS18B",4,"yellow"
"RPL14",1,"turquoise"
"ZNF682",0,"grey"
"TMEM208",5,"green"
"MAFF",1,"turquoise"
"LY96",2,"blue"
"ABTB1",0,"grey"
"ARL5A",4,"yellow"
"CCT6A",4,"yellow"
"KMT2C",2,"blue"
"ITGB5",3,"brown"
"YIPF3",1,"turquoise"
"TYMP",0,"grey"
"NEK2",1,"turquoise"
"THEMIS",0,"grey"
"NDUFA5",17,"grey60"
"SAV1",3,"brown"
"SAT1",2,"blue"
"RPP38",1,"turquoise"
"YPEL2",3,"brown"
"RBMS1",2,"blue"
"ZNF445",1,"turquoise"
"PGBD4",1,"turquoise"
"NLRC3",1,"turquoise"
"ZADH2",0,"grey"
"TRMT2A",15,"midnightblue"
"MEF2C",3,"brown"
"CBFA2T3",0,"grey"
"PALS1",0,"grey"
"AFF3",1,"turquoise"
"MYB",1,"turquoise"
"PLXNA3",1,"turquoise"
"XRCC2",1,"turquoise"
"MMS19",0,"grey"
"CHPT1",9,"magenta"
"RPTOR",0,"grey"
"ACTR3",2,"blue"
"OR4P4",1,"turquoise"
"UGCG",2,"blue"
"ZAP70",0,"grey"
"LPP",1,"turquoise"
"ZNF485",18,"lightgreen"
"PTPRCAP",4,"yellow"
"IL12RB1",1,"turquoise"
"ATRX",2,"blue"
"COX5A",4,"yellow"
"EIF6",0,"grey"
"GSTA1",6,"red"
"POLR2L",0,"grey"
"SEMG1",5,"green"
"TRAF3IP2",1,"turquoise"
"LAMA2",15,"midnightblue"
"SLTM",0,"grey"
"APOBEC3D",1,"turquoise"
"ATXN7L1",0,"grey"
"NID1",0,"grey"
"TUBGCP3",0,"grey"
"ITIH5",1,"turquoise"
"NBEAL1",0,"grey"
"TFDP2",1,"turquoise"
"POLI",0,"grey"
"FAM234B",0,"grey"
"NDST1",3,"brown"
"PELP1",1,"turquoise"
"C5orf24",0,"grey"
"RNF41",1,"turquoise"
"THOC5",1,"turquoise"
"SERINC3",1,"turquoise"
"TBC1D31",0,"grey"
"STRADB",9,"magenta"
"DDOST",0,"grey"
"GPNMB",1,"turquoise"
"TTF2",1,"turquoise"
"SLC39A14",6,"red"
"NGRN",0,"grey"
"RARS1",4,"yellow"
"GPR137B",0,"grey"
"MECP2",0,"grey"
"PSMA1",4,"yellow"
"NOS1",1,"turquoise"
"FUBP3",0,"grey"
"H2BC13",0,"grey"
"ACACA",0,"grey"
"ARL11",1,"turquoise"
"TMEM127",1,"turquoise"
"LYPLA1",0,"grey"
"INTU",1,"turquoise"
"LNPEP",2,"blue"
"ZCCHC4",1,"turquoise"
"FBXO22",1,"turquoise"
"ZNF669",1,"turquoise"
"DDX27",13,"salmon"
"ASB8",0,"grey"
"PLP2",0,"grey"
"COQ7",1,"turquoise"
"RERG",1,"turquoise"
"CHMP5",2,"blue"
"THAP11",0,"grey"
"ZNF43",1,"turquoise"
"MRPL19",0,"grey"
"RBBP9",0,"grey"
"PAFAH1B1",0,"grey"
"OSTF1",2,"blue"
"H2AC18",0,"grey"
"CTIF",0,"grey"
"RAP1GAP2",2,"blue"
"ZNF154",1,"turquoise"
"SYT5",1,"turquoise"
"GNPDA1",0,"grey"
"MGAT1",0,"grey"
"CHEK1",0,"grey"
"MIER3",0,"grey"
"ZNF8",1,"turquoise"
"RTN3",2,"blue"
"PHC3",1,"turquoise"
"NOVA2",0,"grey"
"PPP1R8",0,"grey"
"GOLPH3",0,"grey"
"UBLCP1",2,"blue"
"HSD17B11",2,"blue"
"KIF18B",1,"turquoise"
"DHDDS",0,"grey"
"OTULINL",1,"turquoise"
"MRPL28",1,"turquoise"
"SND1",0,"grey"
"B4GALT1",2,"blue"
"CHD3",13,"salmon"
"BCAP31",3,"brown"
"SLC25A44",2,"blue"
"CHD6",0,"grey"
"ZNF81",1,"turquoise"
"GSAP",3,"brown"
"LRRC4",2,"blue"
"CS",0,"grey"
"SPICE1",1,"turquoise"
"N4BP2",0,"grey"
"IGFBP7",0,"grey"
"ZNF318",0,"grey"
"ZNF609",0,"grey"
"RSKR",1,"turquoise"
"EXOSC10",0,"grey"
"GTPBP3",1,"turquoise"
"H2BC5",0,"grey"
"PACS2",1,"turquoise"
"ARL4C",0,"grey"
"ATG4B",0,"grey"
"PLEKHG2",1,"turquoise"
"NCEH1",0,"grey"
"FBRSL1",0,"grey"
"SKOR2",5,"green"
"OR8A1",1,"turquoise"
"CBR4",0,"grey"
"EMC3",9,"magenta"
"LPXN",0,"grey"
"SERPINA1",6,"red"
"RPS13",4,"yellow"
"PRKAA1",0,"grey"
"FADS2",6,"red"
"ENAH",1,"turquoise"
"C3orf33",1,"turquoise"
"LIPH",0,"grey"
"CYP4F3",2,"blue"
"RCC2",0,"grey"
"RNF103",3,"brown"
"AHCY",6,"red"
"CNGA1",1,"turquoise"
"CDR2",0,"grey"
"EXOSC9",0,"grey"
"ZNF566",1,"turquoise"
"FAR2",0,"grey"
"PDRG1",0,"grey"
"SSR3",0,"grey"
"PLAGL1",8,"pink"
"ZNF778",1,"turquoise"
"KLF6",2,"blue"
"RNF2",0,"grey"
"THBD",2,"blue"
"DNAJC7",0,"grey"
"TM2D3",0,"grey"
"POLA1",0,"grey"
"FLOT2",2,"blue"
"MAP4K1",0,"grey"
"H1-3",4,"yellow"
"SRP68",0,"grey"
"ARPC5",0,"grey"
"HECW2",0,"grey"
"ZDHHC4",0,"grey"
"ANKRD42",1,"turquoise"
"NDUFS2",0,"grey"
"UBR5",0,"grey"
"ZNF20",5,"green"
"PEAK1",1,"turquoise"
"PITHD1",9,"magenta"
"WDR17",1,"turquoise"
"NHP2",0,"grey"
"ANXA6",4,"yellow"
"SELENOH",0,"grey"
"SLC25A13",6,"red"
"TMEM132C",5,"green"
"ZC3H12A",0,"grey"
"AKAP10",2,"blue"
"RPAP3",2,"blue"
"STOM",3,"brown"
"PLEKHA3",1,"turquoise"
"CWF19L1",1,"turquoise"
"ARPP19",0,"grey"
"SAMD8",0,"grey"
"MPI",1,"turquoise"
"MEPCE",0,"grey"
"ABCC3",3,"brown"
"RRAGA",0,"grey"
"EIF2S3B",1,"turquoise"
"HLA-A",2,"blue"
"SCD",6,"red"
"ARMH3",14,"cyan"
"ZNF875",1,"turquoise"
"ZNF518A",2,"blue"
"CD226",3,"brown"
"STAT3",2,"blue"
"ANXA2R",0,"grey"
"SYNJ2",1,"turquoise"
"WDR36",0,"grey"
"MBD4",0,"grey"
"ATN1",0,"grey"
"ST3GAL6",0,"grey"
"GPR141",1,"turquoise"
"TPH1",1,"turquoise"
"DDX52",1,"turquoise"
"ZSCAN29",1,"turquoise"
"HARBI1",1,"turquoise"
"DENND4A",3,"brown"
"PCNX4",1,"turquoise"
"CAP1",3,"brown"
"EIF5A2",14,"cyan"
"NT5DC3",1,"turquoise"
"VPS11",0,"grey"
"NDUFB5",8,"pink"
"OXR1",0,"grey"
"SLIRP",1,"turquoise"
"HEXB",2,"blue"
"CDK5R2",0,"grey"
"WAS",1,"turquoise"
"MADD",3,"brown"
"KLF12",0,"grey"
"HSPA1A",0,"grey"
"DAPK2",1,"turquoise"
"CENPA",5,"green"
"SUMF2",0,"grey"
"TMED5",2,"blue"
"CDH6",1,"turquoise"
"MINDY3",4,"yellow"
"THG1L",1,"turquoise"
"MGAT4D",8,"pink"
"PPIB",0,"grey"
"ATP5MF",4,"yellow"
"CCDC127",1,"turquoise"
"GOLGA5",0,"grey"
"ATP5MC2",4,"yellow"
"CENPN",1,"turquoise"
"OR10K2",14,"cyan"
"TMED2",1,"turquoise"
"ATG13",1,"turquoise"
"U2AF1",0,"grey"
"NMT2",1,"turquoise"
"CENPC",1,"turquoise"
"SLC6A20",1,"turquoise"
"DKC1",0,"grey"
"CREBZF",11,"greenyellow"
"PRPSAP1",1,"turquoise"
"TTC7A",0,"grey"
"RPL6",4,"yellow"
"DNAJB6",3,"brown"
"UBE2B",2,"blue"
"KEAP1",0,"grey"
"OMA1",0,"grey"
"BCL2L13",0,"grey"
"JAZF1",9,"magenta"
"CCDC30",1,"turquoise"
"TMEM63B",9,"magenta"
"S100A8",2,"blue"
"UROS",0,"grey"
"TRAPPC10",2,"blue"
"CPQ",2,"blue"
"SOAT1",1,"turquoise"
"MT-ND1",17,"grey60"
"GDPD1",1,"turquoise"
"KCTD9",0,"grey"
"PRR14",0,"grey"
"PRR11",1,"turquoise"
"SKA1",1,"turquoise"
"SLC9B2",0,"grey"
"NUDT3",0,"grey"
"GABPA",0,"grey"
"ZNF260",1,"turquoise"
"PTAR1",2,"blue"
"MARCHF2",3,"brown"
"SEC31A",0,"grey"
"TRIM58",9,"magenta"
"VPS8",2,"blue"
"KANSL1L",0,"grey"
"TOR1B",0,"grey"
"LSS",6,"red"
"INAFM2",3,"brown"
"HNRNPC",0,"grey"
"GAPT",0,"grey"
"CCDC142",1,"turquoise"
"ISG15",0,"grey"
"ZCCHC14",0,"grey"
"CREBL2",4,"yellow"
"ZBTB14",0,"grey"
"ZNF429",1,"turquoise"
"TPRA1",0,"grey"
"SUCLG1",0,"grey"
"PRPF40A",0,"grey"
"IRF4",0,"grey"
"DTD1",0,"grey"
"CCDC149",1,"turquoise"
"DDX19A",1,"turquoise"
"PDPN",1,"turquoise"
"PLCXD1",1,"turquoise"
"COL3A1",0,"grey"
"MGAM",2,"blue"
"MOB3A",1,"turquoise"
"PHRF1",0,"grey"
"GFM2",15,"midnightblue"
"ARHGEF11",2,"blue"
"IVNS1ABP",2,"blue"
"DUSP19",1,"turquoise"
"DNAJC14",1,"turquoise"
"ACSS1",0,"grey"
"LANCL3",1,"turquoise"
"PRDX3",0,"grey"
"RFWD3",0,"grey"
"MOV10",0,"grey"
"LRIF1",0,"grey"
"SMC2",0,"grey"
"ATP5F1E",4,"yellow"
"PECAM1",2,"blue"
"VPS26C",1,"turquoise"
"PEX2",0,"grey"
"SRARP",1,"turquoise"
"CC2D2A",1,"turquoise"
"CNR2",1,"turquoise"
"OCIAD2",1,"turquoise"
"KLHL33",1,"turquoise"
"PLCG2",6,"red"
"CCR1",2,"blue"
"DNAJA2",0,"grey"
"UVRAG",0,"grey"
"ITGA2B",3,"brown"
"CLDN5",0,"grey"
"PSAP",2,"blue"
"LYN",2,"blue"
"DUSP6",2,"blue"
"ELK1",0,"grey"
"ENSG00000265118",0,"grey"
"HGD",6,"red"
"SERPINE2",0,"grey"
"MAPK6",3,"brown"
"ZNF491",1,"turquoise"
"UBE2R2",2,"blue"
"TATDN2",0,"grey"
"LILRB1",1,"turquoise"
"BEND2",3,"brown"
"NUCB2",0,"grey"
"SNX27",0,"grey"
"DENND10",0,"grey"
"FOXO4",9,"magenta"
"SOX5",0,"grey"
"MCOLN1",0,"grey"
"NFIX",9,"magenta"
"HIBCH",0,"grey"
"MED17",0,"grey"
"TPP1",3,"brown"
"DNMBP",0,"grey"
"NQO1",1,"turquoise"
"ZSCAN2",1,"turquoise"
"SEC24C",0,"grey"
"TAF1",0,"grey"
"RBM42",0,"grey"
"H4C6",4,"yellow"
"NOPCHAP1",1,"turquoise"
"ATAD3C",1,"turquoise"
"TBC1D1",2,"blue"
"ZNF773",0,"grey"
"EMD",0,"grey"
"APH1A",0,"grey"
"COX18",1,"turquoise"
"PAFAH2",1,"turquoise"
"CCDC82",1,"turquoise"
"TP53INP1",2,"blue"
"FDXACB1",1,"turquoise"
"LATS1",5,"green"
"SPOCK2",0,"grey"
"RNF144B",2,"blue"
"HTATIP2",0,"grey"
"FGF2",0,"grey"
"DDX6",2,"blue"
"VPS28",1,"turquoise"
"AP3M1",0,"grey"
"ZNF460",0,"grey"
"C19orf12",0,"grey"
"AKAP9",0,"grey"
"HNRNPAB",0,"grey"
"SLC20A1",2,"blue"
"LDB2",4,"yellow"
"MRPS23",1,"turquoise"
"SPTB",9,"magenta"
"EFNB2",0,"grey"
"PCM1",0,"grey"
"NMNAT3",1,"turquoise"
"TSG101",1,"turquoise"
"GTF3C4",0,"grey"
"ABHD3",2,"blue"
"PIGN",1,"turquoise"
"SHISA9",1,"turquoise"
"PLBD1",2,"blue"
"CCL28",1,"turquoise"
"TRIM38",0,"grey"
"TMCC1",0,"grey"
"PLEC",6,"red"
"LRRC7",1,"turquoise"
"SMG5",0,"grey"
"NCAPD2",0,"grey"
"SLC25A6",4,"yellow"
"DCP2",2,"blue"
"GLYR1",0,"grey"
"RPL18",4,"yellow"
"LRRC37A3",0,"grey"
"C1D",0,"grey"
"UBE4B",0,"grey"
"NIT1",1,"turquoise"
"BTN3A3",0,"grey"
"DUT",0,"grey"
"LRRC59",0,"grey"
"LARP1B",0,"grey"
"EDEM1",2,"blue"
"CDC73",2,"blue"
"GSTM3",0,"grey"
"EIF3L",4,"yellow"
"C19orf54",1,"turquoise"
"SERAC1",0,"grey"
"NFATC2",0,"grey"
"ANAPC5",3,"brown"
"NFATC2IP",1,"turquoise"
"TNRC6C",0,"grey"
"FGD5",0,"grey"
"RAB13",4,"yellow"
"CRYGS",1,"turquoise"
"COX6B2",1,"turquoise"
"PHF14",0,"grey"
"FAM3A",0,"grey"
"RPL13",4,"yellow"
"PRDX2",0,"grey"
"KCTD19",0,"grey"
"TRIM10",0,"grey"
"CDKN1C",0,"grey"
"RHBDL2",1,"turquoise"
"H2BC8",0,"grey"
"DOP1A",0,"grey"
"HSPH1",0,"grey"
"AQP1",0,"grey"
"H2AJ",0,"grey"
"CDC16",0,"grey"
"FAM83F",1,"turquoise"
"UBA2",0,"grey"
"KIF13B",0,"grey"
"SUGP2",1,"turquoise"
"PCDH9",1,"turquoise"
"RBM18",0,"grey"
"CEP126",5,"green"
"ZNF626",1,"turquoise"
"ITFG1",3,"brown"
"ARHGEF33",5,"green"
"WDR5",0,"grey"
"GBP3",0,"grey"
"ACVR1B",3,"brown"
"PSMD1",0,"grey"
"IFNGR1",2,"blue"
"NOL9",1,"turquoise"
"TDRP",3,"brown"
"SEPTIN14",1,"turquoise"
"RBMX",0,"grey"
"ORAI2",1,"turquoise"
"CDC123",2,"blue"
"ENSG00000260643",1,"turquoise"
"WWTR1",4,"yellow"
"PPP1R16B",0,"grey"
"GAS7",0,"grey"
"MDN1",0,"grey"
"HLA-DRB1",0,"grey"
"TNFAIP2",13,"salmon"
"RPL41",4,"yellow"
"ATP6V0D2",0,"grey"
"ARHGAP6",5,"green"
"SLC38A1",4,"yellow"
"PHF20L1",11,"greenyellow"
"MCM3AP",0,"grey"
"ST3GAL3",1,"turquoise"
"SNX1",0,"grey"
"RBM8A",1,"turquoise"
"ZFR",0,"grey"
"MFSD4B",1,"turquoise"
"ACSL6",0,"grey"
"FABP4",4,"yellow"
"KCNB1",1,"turquoise"
"CANX",0,"grey"
"ADIPOR2",3,"brown"
"INTS6L",0,"grey"
"PABPC1",4,"yellow"
"APOBEC3G",4,"yellow"
"TMEM126B",0,"grey"
"DPY19L4",1,"turquoise"
"GIMAP5",0,"grey"
"NDUFA9",1,"turquoise"
"EGLN3",3,"brown"
"FBXO45",0,"grey"
"SHISA2",1,"turquoise"
"GRM4",18,"lightgreen"
"RRAGD",0,"grey"
"UCHL5",0,"grey"
"AIM2",0,"grey"
"PNO1",1,"turquoise"
"ZBTB44",2,"blue"
"ST13",0,"grey"
"TIMP2",2,"blue"
"CNPPD1",0,"grey"
"RGPD8",0,"grey"
"GTF2IRD1",1,"turquoise"
"ZNF19",1,"turquoise"
"ZNF714",1,"turquoise"
"COX4I1",4,"yellow"
"DTWD1",0,"grey"
"ARID4B",2,"blue"
"WWP2",0,"grey"
"ZNF326",1,"turquoise"
"CTSH",0,"grey"
"FASTKD1",0,"grey"
"PAF1",0,"grey"
"ZNF592",0,"grey"
"CFP",0,"grey"
"DCTD",0,"grey"
"MFNG",0,"grey"
"ALDH3B1",0,"grey"
"KCNJ5",1,"turquoise"
"LMNA",3,"brown"
"TBCD",0,"grey"
"ZNF250",1,"turquoise"
"PEG10",6,"red"
"TRIM59",1,"turquoise"
"SRSF5",2,"blue"
"ZNF12",0,"grey"
"HIP1",1,"turquoise"
"RAET1E",1,"turquoise"
"SPRYD3",0,"grey"
"MAGED2",0,"grey"
"TRPS1",0,"grey"
"LRRC37A",1,"turquoise"
"DOK7",4,"yellow"
"TFPI2",0,"grey"
"GTF2H3",1,"turquoise"
"NF2",1,"turquoise"
"POM121",0,"grey"
"PHYHD1",1,"turquoise"
"TXNDC17",0,"grey"
"NUP62",18,"lightgreen"
"TMEM168",0,"grey"
"NDFIP1",2,"blue"
"CUTA",4,"yellow"
"IWS1",0,"grey"
"SULT1C4",1,"turquoise"
"SUOX",0,"grey"
"GOLT1B",0,"grey"
"UPK3BL1",1,"turquoise"
"MIB1",0,"grey"
"SUSD1",3,"brown"
"URM1",0,"grey"
"LRIG2",1,"turquoise"
"TMEM106B",1,"turquoise"
"PRUNE1",15,"midnightblue"
"MACROH2A2",1,"turquoise"
"PRKAG1",14,"cyan"
"EEF1G",4,"yellow"
"SMAD5",0,"grey"
"INCENP",0,"grey"
"WASF2",9,"magenta"
"CDK10",1,"turquoise"
"MDM4",1,"turquoise"
"HBA2",9,"magenta"
"PUM1",0,"grey"
"TNNT1",0,"grey"
"RAB7A",2,"blue"
"PMS2",1,"turquoise"
"SUPT20HL2",0,"grey"
"HELQ",0,"grey"
"BIRC3",0,"grey"
"DCAF8",0,"grey"
"ZNF638",2,"blue"
"RXRB",0,"grey"
"ACTN4",6,"red"
"CIPC",1,"turquoise"
"PINK1",0,"grey"
"VPS33A",1,"turquoise"
"GAPDHS",5,"green"
"APOL2",1,"turquoise"
"COX7A2L",4,"yellow"
"ARRB2",2,"blue"
"U2SURP",0,"grey"
"SLC7A6",0,"grey"
"H3-3A",3,"brown"
"HSD17B10",0,"grey"
"NUP155",1,"turquoise"
"MRPL10",0,"grey"
"CYCS",1,"turquoise"
"GNAL",1,"turquoise"
"TPRG1L",0,"grey"
"TAF9B",0,"grey"
"IMP4",0,"grey"
"NDUFS1",1,"turquoise"
"G2E3",13,"salmon"
"NWD1",1,"turquoise"
"ARRDC2",0,"grey"
"CD2BP2",0,"grey"
"C16orf54",2,"blue"
"FGFR1",0,"grey"
"CEACAM6",0,"grey"
"CERK",0,"grey"
"AP3S2",0,"grey"
"ANKS4B",1,"turquoise"
"CLCNKA",0,"grey"
"ZNF208",0,"grey"
"HLA-DRB5",15,"midnightblue"
"CASP6",1,"turquoise"
"RCL1",0,"grey"
"RAB40B",1,"turquoise"
"PIKFYVE",2,"blue"
"UGT1A1",1,"turquoise"
"BET1L",0,"grey"
"FRY",2,"blue"
"CSF3R",2,"blue"
"POLR3K",1,"turquoise"
"ATG2B",1,"turquoise"
"EPS8",0,"grey"
"DAD1",17,"grey60"
"HERC2",15,"midnightblue"
"RIOK1",0,"grey"
"CAND1",0,"grey"
"ACTR10",0,"grey"
"NASP",0,"grey"
"MT-ATP6",17,"grey60"
"TLR1",2,"blue"
"COPS9",4,"yellow"
"CPNE5",3,"brown"
"PDIA3",0,"grey"
"A1CF",6,"red"
"DCP1A",0,"grey"
"NECTIN2",0,"grey"
"CCN4",15,"midnightblue"
"CLN5",1,"turquoise"
"CES2",6,"red"
"NIBAN3",1,"turquoise"
"GNAS",3,"brown"
"TSPAN13",0,"grey"
"MRPL52",1,"turquoise"
"FITM2",1,"turquoise"
"SPIRE2",1,"turquoise"
"TMEM250",0,"grey"
"TRA2B",0,"grey"
"SCUBE3",1,"turquoise"
"ZNF345",1,"turquoise"
"RTF1",0,"grey"
"DHRS7",1,"turquoise"
"MYL12A",3,"brown"
"MS4A2",1,"turquoise"
"WDR59",1,"turquoise"
"EVI2A",2,"blue"
"GUCY1A1",3,"brown"
"RBPJ",0,"grey"
"GIMAP1",0,"grey"
"TPI1",0,"grey"
"DAPK3",0,"grey"
"IP6K1",0,"grey"
"GJB1",1,"turquoise"
"RIN2",0,"grey"
"FRRS1",1,"turquoise"
"ATAD1",0,"grey"
"OTUD4",2,"blue"
"MFSD11",1,"turquoise"
"ASCC1",5,"green"
"OTUD3",1,"turquoise"
"YME1L1",2,"blue"
"SCP2",6,"red"
"MAFK",0,"grey"
"SH2B2",14,"cyan"
"SON",2,"blue"
"SBNO2",0,"grey"
"MZT1",0,"grey"
"SLC6A6",8,"pink"
"PCK2",6,"red"
"GATD3",0,"grey"
"DHFR2",1,"turquoise"
"PPP2R5A",2,"blue"
"PTMS",6,"red"
"PHF7",0,"grey"
"PIP4K2B",0,"grey"
"PRRC2B",0,"grey"
"SMAD9",1,"turquoise"
"RGL1",0,"grey"
"MT3",5,"green"
"DLGAP4",0,"grey"
"ATG10",1,"turquoise"
"BACE2",0,"grey"
"APPBP2",0,"grey"
"ZNF395",0,"grey"
"ZNF467",0,"grey"
"MYOCOS",5,"green"
"CLSTN2",1,"turquoise"
"PTGES",1,"turquoise"
"OPRK1",1,"turquoise"
"WDR20",0,"grey"
"NTAN1",4,"yellow"
"NUP88",1,"turquoise"
"MOB4",0,"grey"
"HSPA8",11,"greenyellow"
"DIDO1",0,"grey"
"PLA2R1",1,"turquoise"
"COG3",0,"grey"
"CBFA2T2",1,"turquoise"
"OR1I1",1,"turquoise"
"AGGF1",0,"grey"
"DPF2",0,"grey"
"MED12",1,"turquoise"
"AGTRAP",0,"grey"
"FRYL",2,"blue"
"ZNF432",1,"turquoise"
"MT-ND2",17,"grey60"
"STON1",0,"grey"
"FOCAD",0,"grey"
"PERP",0,"grey"
"MTR",0,"grey"
"FN1",6,"red"
"ZNF425",0,"grey"
"DHFR",0,"grey"
"PPP1R12A",13,"salmon"
"GANC",0,"grey"
"ZNF7",10,"purple"
"TPMT",1,"turquoise"
"GPR132",0,"grey"
"ZNF583",0,"grey"
"OR2T12",1,"turquoise"
"ATP1A1",0,"grey"
"SERTAD2",3,"brown"
"ZNF672",0,"grey"
"UBQLN2",2,"blue"
"PRIM2",1,"turquoise"
"ACVR2A",17,"grey60"
"YWHAZ",3,"brown"
"PGM2L1",0,"grey"
"ZNF805",1,"turquoise"
"RPL10",4,"yellow"
"PFKL",0,"grey"
"SH3D19",8,"pink"
"ZC3H6",1,"turquoise"
"DISC1",1,"turquoise"
"OSBPL10",1,"turquoise"
"TIPIN",1,"turquoise"
"CARD14",1,"turquoise"
"ZNF891",5,"green"
"RASSF4",0,"grey"
"TPT1",4,"yellow"
"CCDC113",1,"turquoise"
"MRPS28",1,"turquoise"
"SEC63",0,"grey"
"SYTL4",0,"grey"
"TOR1AIP1",2,"blue"
"VSTM4",1,"turquoise"
"CEBPD",2,"blue"
"PXN",2,"blue"
"GANAB",1,"turquoise"
"ATP8B4",2,"blue"
"H2BC9",0,"grey"
"ITGB1",3,"brown"
"CCL14",4,"yellow"
"PSMC4",0,"grey"
"SGK1",13,"salmon"
"NOP10",0,"grey"
"PSMD8",1,"turquoise"
"RABGEF1",0,"grey"
"MAP1LC3B",3,"brown"
"P2RY8",0,"grey"
"CYB5R4",2,"blue"
"TRAPPC2",1,"turquoise"
"ZNF827",0,"grey"
"AURKAIP1",0,"grey"
"DSE",3,"brown"
"NFKBIZ",2,"blue"
"OSBPL3",0,"grey"
"SLC39A9",2,"blue"
"ATG7",0,"grey"
"PLIN3",0,"grey"
"MSANTD3",3,"brown"
"MCFD2",1,"turquoise"
"EPS15",3,"brown"
"GNS",1,"turquoise"
"ENO2",1,"turquoise"
"CBX1",13,"salmon"
"PEX26",1,"turquoise"
"ACBD7",1,"turquoise"
"POLR1F",0,"grey"
"MAP1A",3,"brown"
"CD2",0,"grey"
"H2AC13",0,"grey"
"NAV2",6,"red"
"ATXN7",2,"blue"
"CHN2",1,"turquoise"
"CYP2C9",1,"turquoise"
"CNOT7",4,"yellow"
"NKAP",1,"turquoise"
"EAF1",0,"grey"
"RUNX1T1",0,"grey"
"PSIP1",0,"grey"
"AP2B1",3,"brown"
"ZFP90",0,"grey"
"SLC30A7",1,"turquoise"
"ESR1",1,"turquoise"
"ARHGAP12",4,"yellow"
"LRRC19",1,"turquoise"
"NACA",4,"yellow"
"PRF1",0,"grey"
"LST1",0,"grey"
"CDK4",1,"turquoise"
"FAM107B",0,"grey"
"DMXL1",0,"grey"
"RBM3",0,"grey"
"SCFD1",0,"grey"
"ADGRE2",2,"blue"
"TNFRSF10C",2,"blue"
"PDE3A",3,"brown"
"NTPCR",1,"turquoise"
"HIPK3",3,"brown"
"XYLT2",1,"turquoise"
"XPOT",0,"grey"
"DHCR7",0,"grey"
"CRAT",0,"grey"
"ABRACL",4,"yellow"
"TRIM14",8,"pink"
"SLC7A11",1,"turquoise"
"ABHD18",1,"turquoise"
"DOCK4",8,"pink"
"ACKR2",1,"turquoise"
"ENOPH1",0,"grey"
"SLC5A3",11,"greenyellow"
"ZNF530",1,"turquoise"
"ZBED6",2,"blue"
"NAA15",1,"turquoise"
"FRMD4A",0,"grey"
"ORC5",0,"grey"
"BCL11B",0,"grey"
"PLS3",0,"grey"
"RNPC3",0,"grey"
"GP2",1,"turquoise"
"RPS24",4,"yellow"
"KLF9",3,"brown"
"PYROXD1",1,"turquoise"
"RPL24",4,"yellow"
"TMEM178A",8,"pink"
"KNOP1",1,"turquoise"
"RGS18",3,"brown"
"LFNG",0,"grey"
"DYNC2I1",0,"grey"
"FBXO25",0,"grey"
"TSPAN31",1,"turquoise"
"ARL8A",0,"grey"
"ALKBH7",4,"yellow"
"COL8A1",1,"turquoise"
"CASP8AP2",0,"grey"
"LIX1L",1,"turquoise"
"OBI1",0,"grey"
"MICOS13",1,"turquoise"
"CD68",0,"grey"
"SPAST",2,"blue"
"PLXND1",0,"grey"
"BSG",9,"magenta"
"PARP8",2,"blue"
"TNRC6B",2,"blue"
"TIMM8A",1,"turquoise"
"AJAP1",6,"red"
"ZNF608",0,"grey"
"GALNT15",1,"turquoise"
"C3orf62",1,"turquoise"
"MYO1E",0,"grey"
"HACD1",0,"grey"
"GPR155",8,"pink"
"VPS29",1,"turquoise"
"CARHSP1",0,"grey"
"ZNF577",1,"turquoise"
"HDDC2",4,"yellow"
"NCOA5",0,"grey"
"INPPL1",0,"grey"
"BUB3",0,"grey"
"VPS35",0,"grey"
"CNN2",1,"turquoise"
"WDTC1",0,"grey"
"C1S",6,"red"
"ZNF563",1,"turquoise"
"ME2",1,"turquoise"
"KPNA4",0,"grey"
"GLO1",4,"yellow"
"CD302",2,"blue"
"WDR61",4,"yellow"
"ZNF835",1,"turquoise"
"ERAP2",0,"grey"
"PKIG",0,"grey"
"PPIL3",0,"grey"
"ZNF528",1,"turquoise"
"FCGRT",0,"grey"
"ZNF555",1,"turquoise"
"BPNT1",1,"turquoise"
"CNTLN",0,"grey"
"SASH1",0,"grey"
"ZNF722",1,"turquoise"
"CDC14B",3,"brown"
"LDLRAP1",3,"brown"
"HHEX",0,"grey"
"OR1M1",1,"turquoise"
"HECTD1",0,"grey"
"HDAC4",2,"blue"
"RPS6",13,"salmon"
"CTNNBIP1",0,"grey"
"HMGN2",0,"grey"
"YAF2",0,"grey"
"LIAS",1,"turquoise"
"FNIP2",0,"grey"
"HNRNPA2B1",11,"greenyellow"
"GADD45A",0,"grey"
"FYB1",2,"blue"
"TMEM70",0,"grey"
"C1orf50",1,"turquoise"
"FTO",0,"grey"
"PPP3R1",3,"brown"
"GNAZ",3,"brown"
"DHX8",2,"blue"
"STIM2",0,"grey"
"MOGAT3",1,"turquoise"
"TMEM236",1,"turquoise"
"UBE3B",0,"grey"
"COPE",0,"grey"
"IQCE",0,"grey"
"EIF3A",0,"grey"
"COA4",0,"grey"
"NIPSNAP2",0,"grey"
"ARHGAP1",0,"grey"
"FCHO1",1,"turquoise"
"CHI3L2",0,"grey"
"RINL",1,"turquoise"
"ANKRD36C",0,"grey"
"UBAC2",0,"grey"
"ST6GALNAC4",9,"magenta"
"USF3",0,"grey"
"ZNF786",1,"turquoise"
"APOH",6,"red"
"TSC22D2",1,"turquoise"
"FLG2",0,"grey"
"NDUFV1",0,"grey"
"POLDIP2",0,"grey"
"RAB3GAP2",0,"grey"
"CLEC7A",2,"blue"
"SELPLG",2,"blue"
"ENSG00000284934",5,"green"
"C1QTNF6",0,"grey"
"ALDH16A1",0,"grey"
"SLAIN2",3,"brown"
"AMMECR1L",0,"grey"
"TMEM91",0,"grey"
"HMG20A",1,"turquoise"
"AP1B1",0,"grey"
"CD74",0,"grey"
"PLSCR1",2,"blue"
"FEZ1",1,"turquoise"
"SLC35E1",1,"turquoise"
"RIMOC1",0,"grey"
"SRP54",2,"blue"
"NRGN",3,"brown"
"SCN1B",1,"turquoise"
"STAR",1,"turquoise"
"RNASEH2B",0,"grey"
"JADE2",0,"grey"
"VAMP5",0,"grey"
"TUBA1C",0,"grey"
"PIK3R2",0,"grey"
"CYP3A43",1,"turquoise"
"AKR1B1",0,"grey"
"CYBB",2,"blue"
"UXS1",3,"brown"
"EEF1AKMT3",1,"turquoise"
"IKZF4",0,"grey"
"NDUFA1",4,"yellow"
"HSPE1",0,"grey"
"GGTA1",0,"grey"
"DPP9",1,"turquoise"
"SLC43A2",1,"turquoise"
"NAIF1",1,"turquoise"
"PMPCB",0,"grey"
"COPS3",0,"grey"
"HYLS1",1,"turquoise"
"LSM8",1,"turquoise"
"ZNF616",1,"turquoise"
"PDE6B",1,"turquoise"
"MACC1",1,"turquoise"
"MCMDC2",1,"turquoise"
"TCEA1",0,"grey"
"TNFRSF14",11,"greenyellow"
"TRIM28",0,"grey"
"FAM76A",0,"grey"
"FGF5",1,"turquoise"
"FKBP15",2,"blue"
"BZW2",0,"grey"
"TST",6,"red"
"RNF24",2,"blue"
"H3C15",7,"black"
"REPS1",0,"grey"
"CELF2",2,"blue"
"PDXDC1",0,"grey"
"SRC",3,"brown"
"SETD1B",2,"blue"
"ZNF606",1,"turquoise"
"SSR1",1,"turquoise"
"NFS1",1,"turquoise"
"SNRNP35",1,"turquoise"
"LRRC8B",3,"brown"
"CSNK1G1",0,"grey"
"AK6",0,"grey"
"MAFB",0,"grey"
"TMEM87A",0,"grey"
"ATP5MK",4,"yellow"
"BBS5",1,"turquoise"
"SEC14L6",1,"turquoise"
"DDX59",0,"grey"
"RIC8B",5,"green"
"GOSR2",0,"grey"
"SP3",2,"blue"
"DDX1",4,"yellow"
"C20orf203",1,"turquoise"
"RNPS1",0,"grey"
"ZNF772",8,"pink"
"TBC1D7",1,"turquoise"
"VPS54",0,"grey"
"DCAF10",1,"turquoise"
"CCL5",1,"turquoise"
"PEX5",0,"grey"
"PLPP3",0,"grey"
"H3C7",0,"grey"
"BAG5",0,"grey"
"TGFBR3",1,"turquoise"
"PPA2",0,"grey"
"MED24",0,"grey"
"CASP9",0,"grey"
"MAP3K7",0,"grey"
"AKR1C1",1,"turquoise"
"BAG4",0,"grey"
"CARS1",0,"grey"
"IL32",4,"yellow"
"BRD2",0,"grey"
"FAM53B",0,"grey"
"ICE2",0,"grey"
"SLC7A1",0,"grey"
"PRKCQ",3,"brown"
"TIRAP",1,"turquoise"
"USP36",0,"grey"
"LYZ",1,"turquoise"
"PPP1R11",0,"grey"
"ELAVL1",0,"grey"
"DNAJC17",0,"grey"
"ABCA2",0,"grey"
"BNIP3L",9,"magenta"
"MESD",1,"turquoise"
"PRKCH",4,"yellow"
"USP12",3,"brown"
"LSM2",0,"grey"
"HINFP",1,"turquoise"
"LAP3",0,"grey"
"C9orf40",0,"grey"
"IDH1",6,"red"
"XRCC5",0,"grey"
"POU5F1",1,"turquoise"
"RAB1A",2,"blue"
"SNX12",0,"grey"
"KMO",0,"grey"
"RUFY3",4,"yellow"
"VRK3",0,"grey"
"FBXO38",2,"blue"
"NFKB1",2,"blue"
"UBALD2",0,"grey"
"CAPN15",0,"grey"
"MFAP1",0,"grey"
"TDRD7",0,"grey"
"WIPF1",3,"brown"
"SNX15",1,"turquoise"
"IGF2R",8,"pink"
"RBM15B",0,"grey"
"COLGALT1",1,"turquoise"
"BEX3",3,"brown"
"H3C3",0,"grey"
"AGBL5",0,"grey"
"APEX2",0,"grey"
"UBE3A",0,"grey"
"TOP2B",0,"grey"
"TMEM192",1,"turquoise"
"RNF114",0,"grey"
"RAD54L2",0,"grey"
"DNAL1",1,"turquoise"
"NLE1",0,"grey"
"TPST1",0,"grey"
"SREBF1",6,"red"
"EPAS1",4,"yellow"
"UBTF",0,"grey"
"CYP8B1",6,"red"
"HSDL2",2,"blue"
"AKR1A1",0,"grey"
"NXT2",0,"grey"
"SEC61B",4,"yellow"
"RRP15",0,"grey"
"RSL1D1",0,"grey"
"P2RX7",1,"turquoise"
"PSME2",4,"yellow"
"ADNP2",0,"grey"
"RBM25",0,"grey"
"POLR2E",0,"grey"
"IFITM1",2,"blue"
"ZBTB25",1,"turquoise"
"MARCHF11",8,"pink"
"FBXO28",0,"grey"
"TMTC1",0,"grey"
"TSHR",1,"turquoise"
"ERGIC2",5,"green"
"ATP6V0E2",5,"green"
"CTTNBP2NL",0,"grey"
"MTCH2",0,"grey"
"AUTS2",1,"turquoise"
"BACH2",0,"grey"
"PPARGC1B",1,"turquoise"
"RNF123",9,"magenta"
"ZP2",1,"turquoise"
"MCM8",1,"turquoise"
"PHLDB2",8,"pink"
"PLAUR",5,"green"
"SRRM2",2,"blue"
"FCRL1",11,"greenyellow"
"SELENOT",3,"brown"
"PCSK7",0,"grey"
"CEBPZOS",1,"turquoise"
"PBX2",2,"blue"
"CAAP1",0,"grey"
"HGS",0,"grey"
"NOL10",14,"cyan"
"H4C1",4,"yellow"
"ERCC6L2",0,"grey"
"EDEM3",2,"blue"
"TCOF1",0,"grey"
"SF3B3",1,"turquoise"
"NUDT21",0,"grey"
"ERC1",0,"grey"
"NKIRAS2",1,"turquoise"
"TRMT5",0,"grey"
"PPP1R7",0,"grey"
"KAT2B",9,"magenta"
"ST20-MTHFS",0,"grey"
"C1orf43",0,"grey"
"AS3MT",1,"turquoise"
"SCARF1",1,"turquoise"
"AGO3",1,"turquoise"
"PHF23",0,"grey"
"B3GNT2",3,"brown"
"FNBP1",0,"grey"
"ZNF780A",0,"grey"
"DCAF17",0,"grey"
"S1PR3",1,"turquoise"
"CKAP4",0,"grey"
"ZNF224",11,"greenyellow"
"ZNF652",0,"grey"
"OAT",0,"grey"
"IQGAP2",3,"brown"
"ACTR3C",1,"turquoise"
"CDYL",0,"grey"
"ANKS1A",0,"grey"
"COBLL1",0,"grey"
"PRCP",2,"blue"
"TMEM130",1,"turquoise"
"SLFN14",3,"brown"
"NDUFB1",0,"grey"
"MYL4",9,"magenta"
"MED20",0,"grey"
"CHMP4A",0,"grey"
"SQOR",0,"grey"
"TOMM20",4,"yellow"
"TBC1D14",2,"blue"
"MRPS35",0,"grey"
"SEC23B",1,"turquoise"
"RDH13",0,"grey"
"TIA1",3,"brown"
"SPTLC1",1,"turquoise"
"HMGB3",0,"grey"
"TOPBP1",0,"grey"
"KLF11",0,"grey"
"SMDT1",4,"yellow"
"C9orf85",1,"turquoise"
"KLHDC4",1,"turquoise"
"GABARAP",0,"grey"
"EXOC5",0,"grey"
"RPL36A",4,"yellow"
"DUSP7",0,"grey"
"NRP1",0,"grey"
"PLEK",2,"blue"
"NLRP3",1,"turquoise"
"RC3H1",2,"blue"
"RAB8B",2,"blue"
"UBE2E3",3,"brown"
"MED29",0,"grey"
"CCDC50",0,"grey"
"PRDX6",3,"brown"
"SMPD4",0,"grey"
"AKAP7",0,"grey"
"ZNF500",1,"turquoise"
"AIDA",0,"grey"
"FARSB",0,"grey"
"ACYP2",1,"turquoise"
"CLDN4",1,"turquoise"
"H4C8",4,"yellow"
"RNF141",2,"blue"
"GRK6",0,"grey"
"VPS26A",0,"grey"
"CRLS1",0,"grey"
"PROK2",2,"blue"
"MTHFR",1,"turquoise"
"DACH1",0,"grey"
"PLK3",0,"grey"
"KDM5C",0,"grey"
"UBE2F",3,"brown"
"DAP3",0,"grey"
"PHF3",2,"blue"
"DICER1",2,"blue"
"AMN1",1,"turquoise"
"SSBP4",0,"grey"
"PCDHA4",1,"turquoise"
"CAPZA2",3,"brown"
"CYFIP1",0,"grey"
"MFAP3",0,"grey"
"RAB37",3,"brown"
"YWHAE",17,"grey60"
"MOSPD2",2,"blue"
"MGST3",0,"grey"
"NDUFS8",0,"grey"
"TRIR",0,"grey"
"RBM4",1,"turquoise"
"FNIP1",2,"blue"
"NABP2",1,"turquoise"
"SCIN",1,"turquoise"
"FEM1B",0,"grey"
"UHRF2",0,"grey"
"CENPH",0,"grey"
"ANKAR",8,"pink"
"EFHD1",0,"grey"
"MYEF2",1,"turquoise"
"TSEN15",0,"grey"
"CCDC122",1,"turquoise"
"ENSG00000272822",1,"turquoise"
"NPAT",3,"brown"
"GPATCH2L",2,"blue"
"RASGRP2",3,"brown"
"HAUS6",0,"grey"
"TMEM217",1,"turquoise"
"KIF16B",0,"grey"
"APOB",6,"red"
"PIGR",1,"turquoise"
"RCOR3",3,"brown"
"FUT6",1,"turquoise"
"GTF3A",4,"yellow"
"ARID5B",0,"grey"
"MARCHF6",3,"brown"
"KRAS",0,"grey"
"ZRSR2",1,"turquoise"
"NECAP2",0,"grey"
"CAVIN1",0,"grey"
"SIGLEC14",1,"turquoise"
"HSPA4",8,"pink"
"DHX40",0,"grey"
"EVI5",1,"turquoise"
"GET4",0,"grey"
"IFT80",0,"grey"
"GPALPP1",1,"turquoise"
"MYL6",0,"grey"
"NAGA",0,"grey"
"HSPA4L",1,"turquoise"
"PLXNC1",2,"blue"
"SMIM10L1",0,"grey"
"POMZP3",1,"turquoise"
"CXCL8",2,"blue"
"C1orf21",0,"grey"
"DYM",0,"grey"
"TOM1L2",0,"grey"
"MNDA",2,"blue"
"TMEM165",3,"brown"
"RAB21",0,"grey"
"CPNE2",0,"grey"
"PBRM1",0,"grey"
"CPB2",17,"grey60"
"RNF20",0,"grey"
"PIM1",9,"magenta"
"USP9X",2,"blue"
"EGFL7",0,"grey"
"FAM169A",0,"grey"
"NEK7",0,"grey"
"INTS15",0,"grey"
"ZC3HAV1",2,"blue"
"SLBP",0,"grey"
"UBL4A",3,"brown"
"SLC19A3",1,"turquoise"
"IARS1",0,"grey"
"GARIN1A",1,"turquoise"
"BNIP3",0,"grey"
"STEAP4",2,"blue"
"HTR3B",1,"turquoise"
"FES",0,"grey"
"CCDC120",1,"turquoise"
"NME6",1,"turquoise"
"AP2M1",0,"grey"
"SLC9A7",1,"turquoise"
"P2RY1",3,"brown"
"VAPB",0,"grey"
"RAB27B",3,"brown"
"CTSS",2,"blue"
"RPL7",4,"yellow"
"LILRA2",0,"grey"
"MYOF",0,"grey"
"LUC7L",0,"grey"
"QPCTL",1,"turquoise"
"PRPF6",0,"grey"
"AKIP1",1,"turquoise"
"UQCRFS1",4,"yellow"
"ZNF587B",1,"turquoise"
"SELENOF",2,"blue"
"BLM",1,"turquoise"
"NALCN",1,"turquoise"
"SELENOW",4,"yellow"
"UNC13D",0,"grey"
"SDC4",6,"red"
"FHL2",1,"turquoise"
"PSMB2",0,"grey"
"CDC42BPG",1,"turquoise"
"ZFPM1",0,"grey"
"ASPA",1,"turquoise"
"CLDND1",0,"grey"
"PDPR",0,"grey"
"PPP2CB",0,"grey"
"B4GALT6",8,"pink"
"AP1M1",1,"turquoise"
"ZGLP1",10,"purple"
"PRELID3B",0,"grey"
"RAB6B",0,"grey"
"PDPK1",0,"grey"
"KYNU",1,"turquoise"
"GPN3",4,"yellow"
"ZNF792",3,"brown"
"STX11",0,"grey"
"TBXAS1",2,"blue"
"KXD1",1,"turquoise"
"INTS10",0,"grey"
"USP25",2,"blue"
"ZNF124",1,"turquoise"
"NICN1",1,"turquoise"
"OR6J1",1,"turquoise"
"PCYOX1",1,"turquoise"
"SPRED1",0,"grey"
"CYTH2",0,"grey"
"RAD51C",1,"turquoise"
"FAM168B",0,"grey"
"PLEKHA7",1,"turquoise"
"SPEN",1,"turquoise"
"REV1",0,"grey"
"PRPS1",0,"grey"
"GNA15",0,"grey"
"MT-CO3",17,"grey60"
"ZNF217",2,"blue"
"FRAT2",2,"blue"
"ZNF101",1,"turquoise"
"MPHOSPH8",0,"grey"
"GALM",1,"turquoise"
"WDFY4",2,"blue"
"MTIF3",0,"grey"
"ATF5",6,"red"
"TULP4",4,"yellow"
"TECPR2",2,"blue"
"PAPPA2",0,"grey"
"ATP5F1A",1,"turquoise"
"CYB5D2",1,"turquoise"
"PFKFB3",2,"blue"
"PKNOX1",1,"turquoise"
"ABCB5",0,"grey"
"CRYBG3",0,"grey"
"DDA1",1,"turquoise"
"MAN2A1",3,"brown"
"SPECC1",1,"turquoise"
"DNAI3",5,"green"
"RFESD",0,"grey"
"IL1RAP",2,"blue"
"TJP1",4,"yellow"
"ERLEC1",0,"grey"
"RALGDS",0,"grey"
"RBM12B",2,"blue"
"CTSD",6,"red"
"PLEKHH2",1,"turquoise"
"ARHGAP19",0,"grey"
"ERCC3",0,"grey"
"TFRC",9,"magenta"
"OCIAD1",1,"turquoise"
"RBPMS2",3,"brown"
"DDX46",0,"grey"
"AK2",0,"grey"
"BCOR",3,"brown"
"NSUN3",9,"magenta"
"ARAP3",0,"grey"
"DYNC1I2",0,"grey"
"ZBP1",1,"turquoise"
"DHRS3",0,"grey"
"ALDOA",18,"lightgreen"
"TXNDC16",0,"grey"
"VPS13D",2,"blue"
"CCDC62",1,"turquoise"
"ATF4",0,"grey"
"SPIN1",0,"grey"
"ZNF696",1,"turquoise"
"INO80C",1,"turquoise"
"FAF2",0,"grey"
"ADA",0,"grey"
"RSBN1L",0,"grey"
"PDCD10",3,"brown"
"DCTN6",0,"grey"
"GRAMD1A",0,"grey"
"TLCD4",9,"magenta"
"ONECUT3",1,"turquoise"
"CCL24",1,"turquoise"
"ZMAT3",0,"grey"
"ATF7IP",3,"brown"
"FAM131A",1,"turquoise"
"VIPR2",1,"turquoise"
"CCDC200",1,"turquoise"
"MRPL44",0,"grey"
"LIMK2",2,"blue"
"ETF1",0,"grey"
"HHAT",0,"grey"
"KCNJ14",1,"turquoise"
"UBE4A",2,"blue"
"MX2",2,"blue"
"HSP90AA1",0,"grey"
"ZNF316",1,"turquoise"
"NDUFC2",1,"turquoise"
"SEL1L",2,"blue"
"ACSM5",14,"cyan"
"TRAPPC13",0,"grey"
"PHLPP1",0,"grey"
"SIAH1",3,"brown"
"NARS1",0,"grey"
"EIF4B",4,"yellow"
"BTF3L4",5,"green"
"GOLGA7",0,"grey"
"BLOC1S1",0,"grey"
"STX3",0,"grey"
"MCTS1",1,"turquoise"
"SLC25A25",0,"grey"
"ZC3H13",0,"grey"
"THOC3",1,"turquoise"
"WDR81",0,"grey"
"PHACTR4",1,"turquoise"
"ARPC2",2,"blue"
"ENG",0,"grey"
"P2RY13",2,"blue"
"GAPVD1",1,"turquoise"
"WBP1L",0,"grey"
"C9orf64",0,"grey"
"BRD9",0,"grey"
"OGT",2,"blue"
"RPIA",9,"magenta"
"ZNF701",0,"grey"
"SLC11A2",1,"turquoise"
"NBEAL2",2,"blue"
"TYROBP",0,"grey"
"HSPA13",0,"grey"
"STN1",0,"grey"
"OR4F15",5,"green"
"TAF6",1,"turquoise"
"ARHGEF37",0,"grey"
"UROD",0,"grey"
"PDE2A",5,"green"
"TUBB2A",0,"grey"
"RPL36",4,"yellow"
"ASPM",0,"grey"
"RBCK1",0,"grey"
"AFF2",0,"grey"
"RACK1",11,"greenyellow"
"PNRC2",4,"yellow"
"CD24",0,"grey"
"DENND2C",1,"turquoise"
"NSF",5,"green"
"TBCC",1,"turquoise"
"SMURF1",0,"grey"
"TVP23B",0,"grey"
"CABP4",1,"turquoise"
"SLC28A2",1,"turquoise"
"INHBA",5,"green"
"UGDH",0,"grey"
"SLC36A1",0,"grey"
"PLCB1",5,"green"
"SRXN1",0,"grey"
"KNL1",0,"grey"
"DENR",0,"grey"
"SENP2",1,"turquoise"
"XPNPEP1",3,"brown"
"H4C12",4,"yellow"
"PCGF5",3,"brown"
"PRKG1",1,"turquoise"
"RASGRP1",0,"grey"
"FOXRED2",1,"turquoise"
"CYP20A1",1,"turquoise"
"TRIM7",15,"midnightblue"
"SORBS1",0,"grey"
"PEA15",4,"yellow"
"KREMEN1",1,"turquoise"
"HTD2",0,"grey"
"SNAP23",3,"brown"
"GP9",3,"brown"
"ZBTB33",0,"grey"
"MGA",1,"turquoise"
"GSTK1",0,"grey"
"CLCN5",0,"grey"
"FBXW5",0,"grey"
"MTURN",3,"brown"
"CEP97",1,"turquoise"
"UBA6",0,"grey"
"JMY",0,"grey"
"DLK2",1,"turquoise"
"ZNF451",0,"grey"
"SRPK2",2,"blue"
"TCAF2",1,"turquoise"
"SPG21",1,"turquoise"
"DOK3",2,"blue"
"ZNF302",0,"grey"
"OR1A1",1,"turquoise"
"CALU",0,"grey"
"EMC4",1,"turquoise"
"ANKFY1",2,"blue"
"LIMCH1",4,"yellow"
"RWDD1",0,"grey"
"FIP1L1",0,"grey"
"RHOB",0,"grey"
"GNPNAT1",0,"grey"
"NTAQ1",1,"turquoise"
"CCNG1",3,"brown"
"HADH",6,"red"
"LPAR5",3,"brown"
"EPG5",2,"blue"
"IFI30",0,"grey"
"GLUL",2,"blue"
"NOTCH2NLA",2,"blue"
"TMEM71",2,"blue"
"CIAO2A",0,"grey"
"BFAR",0,"grey"
"KLHL8",0,"grey"
"PPIL2",0,"grey"
"ICAM1",2,"blue"
"BCL2L1",9,"magenta"
"MAPK3",0,"grey"
"SANBR",0,"grey"
"OR10A3",1,"turquoise"
"CHIC2",5,"green"
"STK4",2,"blue"
"ZNF367",3,"brown"
"ADK",0,"grey"
"ATP5PB",4,"yellow"
"GTPBP10",0,"grey"
"TGOLN2",1,"turquoise"
"CTBS",2,"blue"
"ETS1",4,"yellow"
"EDC4",0,"grey"
"SORD",6,"red"
"SLC25A33",1,"turquoise"
"WDHD1",0,"grey"
"SDHAF4",1,"turquoise"
"STAP2",1,"turquoise"
"TRIM44",4,"yellow"
"SIDT2",0,"grey"
"TRRAP",2,"blue"
"SLC45A4",2,"blue"
"ATP6V1G1",4,"yellow"
"TMEM170B",2,"blue"
"ZFYVE26",0,"grey"
"CSH2",0,"grey"
"NKAPD1",0,"grey"
"STOML2",4,"yellow"
"ZNF273",1,"turquoise"
"RAB5C",0,"grey"
"FLAD1",1,"turquoise"
"TTLL3",11,"greenyellow"
"ZEB2",3,"brown"
"MTMR2",0,"grey"
"STK35",0,"grey"
"USP48",0,"grey"
"C1orf35",13,"salmon"
"NAA30",0,"grey"
"APOBEC3C",0,"grey"
"SALL4",1,"turquoise"
"ZCCHC8",1,"turquoise"
"NSRP1",0,"grey"
"RAD17",0,"grey"
"ZNF708",1,"turquoise"
"LILRB5",1,"turquoise"
"ARHGEF1",0,"grey"
"RNF214",0,"grey"
"ARID4A",2,"blue"
"OPRM1",1,"turquoise"
"ACER2",3,"brown"
"PCCA",1,"turquoise"
"YLPM1",1,"turquoise"
"PRKAR1B",0,"grey"
"IL16",2,"blue"
"TCF3",0,"grey"
"SLF1",0,"grey"
"ZSWIM7",0,"grey"
"SERPINE1",6,"red"
"ZNF470",1,"turquoise"
"SMC5",1,"turquoise"
"POU2F3",1,"turquoise"
"BACH1",2,"blue"
"NRDE2",1,"turquoise"
"PPP2R2D",0,"grey"
"LRRC51",1,"turquoise"
"LRRC3",1,"turquoise"
"CREBRF",2,"blue"
"CTBP2",0,"grey"
"ZMYND11",0,"grey"
"PDK1",0,"grey"
"USHBP1",0,"grey"
"ZFYVE21",0,"grey"
"WDR41",0,"grey"
"OXSR1",2,"blue"
"RAD51",1,"turquoise"
"RPL13A",4,"yellow"
"BTBD19",1,"turquoise"
"DYRK1A",1,"turquoise"
"SARDH",1,"turquoise"
"RBBP5",0,"grey"
"RNASET2",1,"turquoise"
"CCDC146",0,"grey"
"HSPA1B",0,"grey"
"MORC4",1,"turquoise"
"DDX23",1,"turquoise"
"FAM227A",1,"turquoise"
"LY6E",0,"grey"
"AUP1",0,"grey"
"HNRNPA3",4,"yellow"
"CORO7",0,"grey"
"ENPP1",6,"red"
"PITPNM3",4,"yellow"
"CCND2",0,"grey"
"CUL4A",9,"magenta"
"CFB",6,"red"
"HEMGN",9,"magenta"
"UBIAD1",1,"turquoise"
"CDC42BPB",6,"red"
"RIMS2",1,"turquoise"
"CYB561D1",1,"turquoise"
"ARPIN-AP3S2",1,"turquoise"
"SART3",0,"grey"
"TARP",0,"grey"
"NDUFS5",0,"grey"
"TMEM145",1,"turquoise"
"RNF149",2,"blue"
"CSF2RA",5,"green"
"YBX3",9,"magenta"
"YAP1",0,"grey"
"NNT",0,"grey"
"RAD21",2,"blue"
"L3MBTL3",0,"grey"
"SNRPB",0,"grey"
"MIF",0,"grey"
"TAPT1",0,"grey"
"IRF8",0,"grey"
"BCL3",2,"blue"
"SPATA13",0,"grey"
"F2RL3",1,"turquoise"
"SF3B4",0,"grey"
"MAP7D3",1,"turquoise"
"LRRC28",1,"turquoise"
"ARPIN",1,"turquoise"
"XYLB",1,"turquoise"
"WDR55",1,"turquoise"
"DUSP16",0,"grey"
"NBPF9",0,"grey"
"NUMA1",1,"turquoise"
"GIPC1",0,"grey"
"CCDC198",1,"turquoise"
"SAA2",1,"turquoise"
"RIPOR2",2,"blue"
"TMEM185A",3,"brown"
"ZZZ3",0,"grey"
"IGFBP4",6,"red"
"HNRNPH2",2,"blue"
"NDUFA10",0,"grey"
"CLIC2",0,"grey"
"RNF13",2,"blue"
"CD69",0,"grey"
"MFSD14A",2,"blue"
"NFILZ",5,"green"
"CLNS1A",4,"yellow"
"FUNDC2",4,"yellow"
"UBR7",0,"grey"
"CYB561A3",1,"turquoise"
"FMNL2",0,"grey"
"THAP6",1,"turquoise"
"RANBP2",0,"grey"
"LIG3",1,"turquoise"
"KDM3A",2,"blue"
"CAST",0,"grey"
"TGFBI",0,"grey"
"SLC4A11",15,"midnightblue"
"TAOK1",3,"brown"
"CISH",0,"grey"
"SPINT2",3,"brown"
"ZNF33A",1,"turquoise"
"HSPG2",0,"grey"
"SMG9",1,"turquoise"
"ATP6V0E1",0,"grey"
"CD274",2,"blue"
"GCNT1",0,"grey"
"NT5C1A",1,"turquoise"
"C21orf58",8,"pink"
"SUCLA2",0,"grey"
"RFTN2",1,"turquoise"
"SCNM1",0,"grey"
"AMD1",0,"grey"
"TRIB2",0,"grey"
"CTC1",18,"lightgreen"
"ATP8B1",1,"turquoise"
"STX4",0,"grey"
"DPY19L1",3,"brown"
"VDAC2",0,"grey"
"VHL",1,"turquoise"
"LMBR1",0,"grey"
"TMA7",4,"yellow"
"UBXN2A",1,"turquoise"
"PCNT",0,"grey"
"BCKDHB",1,"turquoise"
"BET1",3,"brown"
"HDAC6",0,"grey"
"SPART",0,"grey"
"PABIR1",0,"grey"
"H2BC17",0,"grey"
"DNAJC10",1,"turquoise"
"HBA1",9,"magenta"
"SHISA5",2,"blue"
"ADIPOQ",1,"turquoise"
"RPS17",4,"yellow"
"KRTCAP2",0,"grey"
"CD44",2,"blue"
"ABCA3",0,"grey"
"CMTR2",0,"grey"
"RPL17-C18orf32",0,"grey"
"ITGA5",0,"grey"
"MEFV",1,"turquoise"
"GLT1D1",2,"blue"
"ABCB7",1,"turquoise"
"H3C12",0,"grey"
"GFOD2",1,"turquoise"
"SLC25A3",1,"turquoise"
"B3GALT9",1,"turquoise"
"ZNF646",2,"blue"
"LCORL",0,"grey"
"HOMEZ",1,"turquoise"
"UBAC1",0,"grey"
"RPL19",4,"yellow"
"GPSM2",1,"turquoise"
"RDH10",0,"grey"
"MON1B",0,"grey"
"CCNB1",0,"grey"
"CCDC97",0,"grey"
"FGR",2,"blue"
"COX15",0,"grey"
"EPN2",1,"turquoise"
"MSRB3",0,"grey"
"KCNK6",1,"turquoise"
"XK",3,"brown"
"THRAP3",2,"blue"
"MET",0,"grey"
"AK7",1,"turquoise"
"ING3",0,"grey"
"LYAR",0,"grey"
"COPS7A",0,"grey"
"RNF185",0,"grey"
"TNS3",0,"grey"
"KNDC1",0,"grey"
"C4orf3",0,"grey"
"RRP7A",1,"turquoise"
"MED13L",2,"blue"
"ZFYVE1",0,"grey"
"RPL7A",4,"yellow"
"ARL6IP1",9,"magenta"
"SLC25A14",1,"turquoise"
"UBA1",1,"turquoise"
"ATXN10",4,"yellow"
"ECH1",0,"grey"
"CCL22",1,"turquoise"
"GEN1",0,"grey"
"TMEM19",1,"turquoise"
"RUNX3",0,"grey"
"EFNB1",0,"grey"
"TIGAR",1,"turquoise"
"PRKCB",2,"blue"
"SIGLEC8",1,"turquoise"
"CNBD2",1,"turquoise"
"ATP5MG",4,"yellow"
"NOL8",0,"grey"
"RELT",0,"grey"
"PPP1R15B",1,"turquoise"
"VKORC1",0,"grey"
"TRPM6",1,"turquoise"
"UGT2B7",6,"red"
"FOXK2",0,"grey"
"SLC8A1",2,"blue"
"PDCD5",0,"grey"
"DGUOK",0,"grey"
"FGGY",0,"grey"
"RBM17",0,"grey"
"C1QTNF3",1,"turquoise"
"VGLL3",0,"grey"
"IFTAP",1,"turquoise"
"SUPT4H1",0,"grey"
"TRAF5",1,"turquoise"
"GARS1",0,"grey"
"DNAJC15",4,"yellow"
"BORCS7",0,"grey"
"STAU2",0,"grey"
"RAD23B",0,"grey"
"CHRAC1",0,"grey"
"KLK8",15,"midnightblue"
"SSU72",1,"turquoise"
"SMUG1",1,"turquoise"
"UFM1",4,"yellow"
"USP14",0,"grey"
"DSTN",8,"pink"
"FBXO31",0,"grey"
"FRS2",0,"grey"
"GASK1B",0,"grey"
"GMPR",9,"magenta"
"ING5",1,"turquoise"
"ATXN7L3B",0,"grey"
"HIKESHI",4,"yellow"
"HSPD1",8,"pink"
"LCOR",3,"brown"
"N4BP2L2",1,"turquoise"
"CCDC43",0,"grey"
"ZNF232",1,"turquoise"
"PRR19",1,"turquoise"
"ADH5",0,"grey"
"CDIPT",0,"grey"
"TUBB",18,"lightgreen"
"PREP",0,"grey"
"CHMP1B",1,"turquoise"
"MAP3K13",1,"turquoise"
"LCMT1",0,"grey"
"EIF1AX",4,"yellow"
"SRSF11",0,"grey"
"RNF166",0,"grey"
"TJAP1",1,"turquoise"
"PGGHG",11,"greenyellow"
"TMEM156",1,"turquoise"
"SNX19",0,"grey"
"C12orf75",17,"grey60"
"FCN1",1,"turquoise"
"ATP11C",0,"grey"
"CARD8",0,"grey"
"LIMD1",0,"grey"
"XRN2",13,"salmon"
"RSRC1",0,"grey"
"CHST11",2,"blue"
"THRB",0,"grey"
"PSMD11",0,"grey"
"ALAD",0,"grey"
"CFAP221",1,"turquoise"
"SLC9A9",3,"brown"
"CDC42BPA",0,"grey"
"RCSD1",0,"grey"
"CEP120",0,"grey"
"SPTBN1",6,"red"
"LUC7L2",0,"grey"
"SRP72",0,"grey"
"ATR",0,"grey"
"DDX49",0,"grey"
"BRK1",4,"yellow"
"THAP1",0,"grey"
"GBGT1",0,"grey"
"OR10K1",1,"turquoise"
"CDK17",3,"brown"
"DPYD",0,"grey"
"ZNF552",1,"turquoise"
"KDM2A",2,"blue"
"USP32",2,"blue"
"MED27",0,"grey"
"AGT",6,"red"
"ABHD12",0,"grey"
"FERMT3",3,"brown"
"PILRA",2,"blue"
"ABCF2",0,"grey"
"TARS1",0,"grey"
"FGF1",5,"green"
"IL6R",2,"blue"
"GCA",2,"blue"
"GLG1",1,"turquoise"
"MUTYH",1,"turquoise"
"ZNF70",1,"turquoise"
"L2HGDH",1,"turquoise"
"GPATCH2",1,"turquoise"
"ZNF655",1,"turquoise"
"NQO2",0,"grey"
"ZBTB20",0,"grey"
"RPUSD3",1,"turquoise"
"NEU1",1,"turquoise"
"QRICH1",0,"grey"
"MAK16",0,"grey"
"TSN",0,"grey"
"GMFB",4,"yellow"
"HBG2",0,"grey"
"CEP85",0,"grey"
"NFYA",2,"blue"
"PBLD",1,"turquoise"
"VSIR",2,"blue"
"IL23R",1,"turquoise"
"NRF1",0,"grey"
"H3C1",0,"grey"
"RBBP6",0,"grey"
"IFI27",4,"yellow"
"SKAP2",3,"brown"
"JADE1",1,"turquoise"
"TAGAP",2,"blue"
"IDS",2,"blue"
"PARG",0,"grey"
"DYRK4",5,"green"
"MICALL1",1,"turquoise"
"GPBP1L1",0,"grey"
"TBX21",0,"grey"
"KCNJ6",1,"turquoise"
"STRIP1",0,"grey"
"H2BC18",0,"grey"
"RNF182",0,"grey"
"BRD4",16,"lightcyan"
"VMP1",1,"turquoise"
"SMIM38",1,"turquoise"
"FAU",4,"yellow"
"SLA",2,"blue"
"DLST",0,"grey"
"ZNF419",1,"turquoise"
"RELL1",1,"turquoise"
"KLHL21",1,"turquoise"
"RER1",0,"grey"
"ELAVL2",1,"turquoise"
"KLF2",2,"blue"
"TFE3",0,"grey"
"PGLYRP1",0,"grey"
"IRF7",0,"grey"
"SET",0,"grey"
"FAM193A",13,"salmon"
"FAM120A",2,"blue"
"LAMTOR3",2,"blue"
"EIF2S1",4,"yellow"
"H2AC17",0,"grey"
"C1orf115",5,"green"
"ISCU",0,"grey"
"ZNF414",1,"turquoise"
"HBP1",1,"turquoise"
"JRK",0,"grey"
"PHGDH",1,"turquoise"
"XPO4",0,"grey"
"ARHGAP25",2,"blue"
"XIAP",1,"turquoise"
"GPS1",0,"grey"
"BDP1",0,"grey"
"RPS29",4,"yellow"
"MKLN1",2,"blue"
"NAA60",0,"grey"
"NF1",2,"blue"
"APOBEC3A",0,"grey"
"OLR1",1,"turquoise"
"TAOK2",0,"grey"
"MAP4K3",0,"grey"
"CLK3",1,"turquoise"
"ATP5PO",4,"yellow"
"ELF4",1,"turquoise"
"CLIP2",3,"brown"
"BTBD9",8,"pink"
"KDELR1",0,"grey"
"NCSTN",2,"blue"
"PARP4",2,"blue"
"SLC16A2",8,"pink"
"GK5",1,"turquoise"
"SC5D",0,"grey"
"ADD1",0,"grey"
"KDM6B",2,"blue"
"ANP32A",0,"grey"
"ACLY",0,"grey"
"FKBP5",0,"grey"
"STRN3",0,"grey"
"TMOD2",1,"turquoise"
"FLI1",3,"brown"
"PPDPF",0,"grey"
"TMEM106C",0,"grey"
"CSNK2A2",0,"grey"
"RPL39",4,"yellow"
"HERC3",2,"blue"
"ZBTB47",0,"grey"
"ZNF681",1,"turquoise"
"CLIC5",0,"grey"
"KMT2B",13,"salmon"
"RABAC1",0,"grey"
"NR1D2",0,"grey"
"YPEL1",0,"grey"
"DNAJC4",0,"grey"
"RABL6",0,"grey"
"METTL16",1,"turquoise"
"ZNF677",1,"turquoise"
"PTPN4",0,"grey"
"CTCFL",1,"turquoise"
"STX5",0,"grey"
"CSRNP1",2,"blue"
"ELL",2,"blue"
"SETBP1",0,"grey"
"NDC80",1,"turquoise"
"CDS2",2,"blue"
"C2orf69",0,"grey"
"EEF2K",1,"turquoise"
"COG8",1,"turquoise"
"SGO1",1,"turquoise"
"SNRNP48",0,"grey"
"PHYH",6,"red"
"ALPK1",2,"blue"
"MRPS18C",0,"grey"
"RPLP2",4,"yellow"
"SPNS1",0,"grey"
"SRSF3",4,"yellow"
"SP4",1,"turquoise"
"SLC11A1",2,"blue"
"ICAM2",3,"brown"
"SH3GL1",1,"turquoise"
"GSK3B",2,"blue"
"RALB",2,"blue"
"TNFAIP3",2,"blue"
"PANK3",0,"grey"
"WDR82",0,"grey"
"MAPK1IP1L",1,"turquoise"
"TRIP10",0,"grey"
"ZNF611",0,"grey"
"CEP104",1,"turquoise"
"HLA-DQA1",0,"grey"
"GCLC",9,"magenta"
"SEC61A1",0,"grey"
"TWSG1",0,"grey"
"CTDP1",0,"grey"
"ADAMTS6",0,"grey"
"GTPBP2",3,"brown"
"MKKS",0,"grey"
"CD109",3,"brown"
"SRL",1,"turquoise"
"UCP2",0,"grey"
"TRIM24",0,"grey"
"DEPDC1",0,"grey"
"ZDHHC17",2,"blue"
"PPARD",0,"grey"
"KDM4A",0,"grey"
"YBX1",4,"yellow"
"H2BC4",4,"yellow"
"VPS26B",0,"grey"
"MTF2",0,"grey"
"ATP6V1F",0,"grey"
"CCSER2",0,"grey"
"LMO7",6,"red"
"IDO1",1,"turquoise"
"STARD8",3,"brown"
"POLR3A",8,"pink"
"ZNF114",1,"turquoise"
"RMND5A",2,"blue"
"ADGRE5",2,"blue"
"MAF1",0,"grey"
"NRN1",4,"yellow"
"BRCA2",0,"grey"
"ACADM",0,"grey"
"FAM8A1",2,"blue"
"CHMP2A",0,"grey"
"KDM7A",2,"blue"
"CXCR1",2,"blue"
"SLC12A3",1,"turquoise"
"ZDHHC7",2,"blue"
"FNDC9",7,"black"
"MMP8",0,"grey"
"IRAK2",0,"grey"
"BLMH",0,"grey"
"MYO9A",0,"grey"
"KIAA0513",1,"turquoise"
"SH3BP2",1,"turquoise"
"CNPY3",0,"grey"
"GOLGB1",2,"blue"
"UQCR10",4,"yellow"
"RPS10",4,"yellow"
"TLE3",2,"blue"
"PSMB7",4,"yellow"
"PTBP3",2,"blue"
"OCLN",1,"turquoise"
"SPRY1",0,"grey"
"MYSM1",1,"turquoise"
"TRIM4",0,"grey"
"SH3YL1",1,"turquoise"
"TMEM38A",1,"turquoise"
"HDHD3",1,"turquoise"
"TDRD3",0,"grey"
"KLHL15",0,"grey"
"FBXO9",9,"magenta"
"TNPO1",3,"brown"
"SNX5",4,"yellow"
"METTL6",1,"turquoise"
"SOD1",4,"yellow"
"CHML",0,"grey"
"PACS1",0,"grey"
"CDK13",1,"turquoise"
"SIRT5",1,"turquoise"
"CAPN2",0,"grey"
"FXYD5",0,"grey"
"NR4A1",1,"turquoise"
"RPL15",4,"yellow"
"RMDN1",1,"turquoise"
"CEACAM5",1,"turquoise"
"MYT1L",1,"turquoise"
"RASA2",2,"blue"
"SRGAP2B",0,"grey"
"STAG1",0,"grey"
"GIMAP4",4,"yellow"
"LPIN2",0,"grey"
"PDP2",1,"turquoise"
"APOOL",1,"turquoise"
"ARMC9",1,"turquoise"
"RNF152",0,"grey"
"PFDN1",0,"grey"
"EML4",2,"blue"
"ZBED9",1,"turquoise"
"SGTA",0,"grey"
"PSMD6",0,"grey"
"NUDT19",1,"turquoise"
"RPL28",4,"yellow"
"IPCEF1",0,"grey"
"GSG1L2",1,"turquoise"
"BIN2",3,"brown"
"HM13",1,"turquoise"
"UBOX5",1,"turquoise"
"UBE2O",9,"magenta"
"DDIAS",0,"grey"
"APOLD1",1,"turquoise"
"UBL5",0,"grey"
"ARHGAP29",4,"yellow"
"PDE5A",3,"brown"
"TMEM167A",0,"grey"
"RAB4A",3,"brown"
"TMEM39B",15,"midnightblue"
"PPP1R3E",0,"grey"
"CMAS",0,"grey"
"CCDC9B",0,"grey"
"SLC30A1",3,"brown"
"CRIP2",0,"grey"
"BTBD11",1,"turquoise"
"C16orf72",2,"blue"
"SCIMP",1,"turquoise"
"RBM5",0,"grey"
"TUBGCP4",0,"grey"
"UVSSA",1,"turquoise"
"HOATZ",1,"turquoise"
"CDK7",0,"grey"
"IRAG1",2,"blue"
"SSR2",4,"yellow"
"WDR27",14,"cyan"
"PDZD2",0,"grey"
"TOMM70",0,"grey"
"MCC",1,"turquoise"
"H2AC11",0,"grey"
"ID2",0,"grey"
"PWP1",0,"grey"
"METAP2",0,"grey"
"PAN3",8,"pink"
"MIDEAS",0,"grey"
"STXBP4",1,"turquoise"
"PDHX",0,"grey"
"MTA1",0,"grey"
"TBC1D32",0,"grey"
"ZBED4",0,"grey"
"CDK2",0,"grey"
"INTS13",0,"grey"
"CDC37",0,"grey"
"ZER1",9,"magenta"
"GRK4",0,"grey"
"POLR2A",2,"blue"
"OGFOD1",0,"grey"
"ZBTB8B",1,"turquoise"
"MSMO1",0,"grey"
"DDX17",2,"blue"
"CAMTA2",0,"grey"
"PLEKHA2",1,"turquoise"
"PDE4DIP",0,"grey"
"ZNF559",1,"turquoise"
"ZMYM4",0,"grey"
"TACR3",5,"green"
"CKAP2L",0,"grey"
"RSPRY1",0,"grey"
"VCAN",2,"blue"
"CYP27C1",1,"turquoise"
"MED12L",3,"brown"
"ZDHHC21",0,"grey"
"TM9SF3",2,"blue"
"DDHD1",0,"grey"
"MAFG",0,"grey"
"BICD2",3,"brown"
"C14orf119",0,"grey"
"ALKBH5",0,"grey"
"JUP",0,"grey"
"CBX3",0,"grey"
"CARNMT1",0,"grey"
"FGF13",1,"turquoise"
"KIF3A",1,"turquoise"
"PDIA6",0,"grey"
"DCXR",6,"red"
"TAB3",3,"brown"
"EHD1",0,"grey"
"CYBC1",1,"turquoise"
"MARCKSL1",0,"grey"
"ZNF496",0,"grey"
"SCAF1",0,"grey"
"TRAF3IP3",0,"grey"
"DDTL",1,"turquoise"
"EIF2B1",0,"grey"
"PATJ",1,"turquoise"
"ISLR2",1,"turquoise"
"NCBP3",1,"turquoise"
"NREP",0,"grey"
"GATA2",3,"brown"
"SBSPON",1,"turquoise"
"STAM2",2,"blue"
"AJUBA",1,"turquoise"
"CFAP97",0,"grey"
"GSG1",1,"turquoise"
"PTPRJ",3,"brown"
"FRMPD1",1,"turquoise"
"PLEKHJ1",0,"grey"
"ADAT1",1,"turquoise"
"TMEM50A",3,"brown"
"TTC14",2,"blue"
"MLKL",0,"grey"
"KLHL5",3,"brown"
"CRYL1",3,"brown"
"NFYB",0,"grey"
"PPM1G",0,"grey"
"SPACA9",1,"turquoise"
"NMT1",0,"grey"
"HADHA",4,"yellow"
"TFEB",0,"grey"
"ATG12",0,"grey"
"BMI1",0,"grey"
"ZIM3",1,"turquoise"
"RPAP2",1,"turquoise"
"MIA3",2,"blue"
"MRPL51",0,"grey"
"ARHGAP35",6,"red"
"NDUFB2",1,"turquoise"
"PREX1",2,"blue"
"MAPKBP1",0,"grey"
"GNB1",5,"green"
"TRIM46",1,"turquoise"
"HPSE",0,"grey"
"LCAT",5,"green"
"ST6GAL1",3,"brown"
"NSMAF",0,"grey"
"SKIL",0,"grey"
"HMGCS1",6,"red"
"POLR3F",1,"turquoise"
"RAB10",3,"brown"
"ZBTB7B",0,"grey"
"CNOT3",0,"grey"
"NFKBIA",2,"blue"
"GAK",0,"grey"
"SFT2D2",1,"turquoise"
"CPT1A",0,"grey"
"EIF3I",1,"turquoise"
"MLH1",0,"grey"
"S100A12",2,"blue"
"ACTN1",3,"brown"
"FBXO6",1,"turquoise"
"CX3CR1",0,"grey"
"COMMD6",4,"yellow"
"RNF222",1,"turquoise"
"PTCHD1",1,"turquoise"
"NARS2",0,"grey"
"DOCK7",0,"grey"
"LIN28A",1,"turquoise"
"MARCHF1",0,"grey"
"DNAJB14",8,"pink"
"BPI",0,"grey"
"CRAMP1",0,"grey"
"MT2A",6,"red"
"ZFAND2B",0,"grey"
"SAMD4B",0,"grey"
"FAM13B",0,"grey"
"HEXA",1,"turquoise"
"HNRNPU",2,"blue"
"USP39",0,"grey"
"RFC5",0,"grey"
"MTFR1L",1,"turquoise"
"PAX5",0,"grey"
"GMEB1",1,"turquoise"
"AKT3",1,"turquoise"
"CTTN",3,"brown"
"UTP15",0,"grey"
"HSBP1",0,"grey"
"PHF11",0,"grey"
"NDEL1",2,"blue"
"USP8",1,"turquoise"
"C1orf162",0,"grey"
"MBD1",0,"grey"
"ITGAL",0,"grey"
"WDR73",1,"turquoise"
"ZBTB40",0,"grey"
"LYPLAL1",3,"brown"
"BTAF1",0,"grey"
"CEP20",1,"turquoise"
"UQCRC2",4,"yellow"
"MAEA",2,"blue"
"HYAL1",1,"turquoise"
"H1-2",4,"yellow"
"RNPEPL1",0,"grey"
"CPSF2",1,"turquoise"
"PSD3",3,"brown"
"ABCA13",0,"grey"
"HDLBP",6,"red"
"RTL10",1,"turquoise"
"HOPX",4,"yellow"
"PSPH",1,"turquoise"
"CDIP1",3,"brown"
"CEP295",1,"turquoise"
"CASS4",0,"grey"
"B3GNT5",2,"blue"
"USP29",0,"grey"
"ATOX1",0,"grey"
"STT3A",0,"grey"
"DNASE1",1,"turquoise"
"HECA",0,"grey"
"ELP4",1,"turquoise"
"RPL10A",4,"yellow"
"MACF1",2,"blue"
"SEC24D",2,"blue"
"MDFIC",4,"yellow"
"PCMTD2",9,"magenta"
"ILRUN",0,"grey"
"ATP6V0D1",0,"grey"
"MTA2",0,"grey"
"AXIN1",0,"grey"
"RAP1A",0,"grey"
"KANSL2",0,"grey"
"TRIO",6,"red"
"POLR1C",1,"turquoise"
"DEPDC1B",0,"grey"
"GPR107",2,"blue"
"MTM1",2,"blue"
"NLRC4",0,"grey"
"RNF170",0,"grey"
"SLC37A3",0,"grey"
"TPD52L2",2,"blue"
"SDHB",0,"grey"
"MFSD6",3,"brown"
"RHOF",1,"turquoise"
"DERA",3,"brown"
"C19orf53",0,"grey"
"TPP2",1,"turquoise"
"ECPAS",0,"grey"
"CHSY1",2,"blue"
"GPR83",1,"turquoise"
"EXT2",0,"grey"
"ZSCAN30",1,"turquoise"
"ABL2",5,"green"
"H2BU1",1,"turquoise"
"LAMP1",2,"blue"
"RXRA",0,"grey"
"MAP3K5",3,"brown"
"PDLIM7",0,"grey"
"MSL3",2,"blue"
"SNIP1",1,"turquoise"
"TIMP3",0,"grey"
"RGS3",0,"grey"
"ABHD4",0,"grey"
"ARHGEF12",9,"magenta"
"RAC2",0,"grey"
"SLC35F6",1,"turquoise"
"UAP1L1",1,"turquoise"
"YOD1",9,"magenta"
"RALY",0,"grey"
"HMOX2",1,"turquoise"
"DGKH",0,"grey"
"YIPF4",1,"turquoise"
"CCDC141",1,"turquoise"
"YTHDF3",2,"blue"
"RPL7L1",1,"turquoise"
"TBC1D5",0,"grey"
"MYO6",0,"grey"
"DNAJA4",0,"grey"
"AKIRIN2",3,"brown"
"RBM23",1,"turquoise"
"ATP5F1D",0,"grey"
"SLC15A4",2,"blue"
"OSMR",1,"turquoise"
"C19orf25",1,"turquoise"
"NLRP6",0,"grey"
"LRRC58",0,"grey"
"NEIL3",2,"blue"
"SKP2",1,"turquoise"
"PARVA",0,"grey"
"RNF34",0,"grey"
"FAM102B",0,"grey"
"CCT2",4,"yellow"
"ARF4",3,"brown"
"PPP6R1",0,"grey"
"MBTPS1",0,"grey"
"NCF2",2,"blue"
"SLC12A6",2,"blue"
"MRPL48",1,"turquoise"
"HMGN3",0,"grey"
"ZNF774",1,"turquoise"
"LETM1",1,"turquoise"
"USP10",0,"grey"
"KNSTRN",0,"grey"
"MED8",0,"grey"
"STAT4",4,"yellow"
"RNF145",2,"blue"
"FGD4",0,"grey"
"ZMYND8",0,"grey"
"GATAD2A",0,"grey"
"PDXK",0,"grey"
"PTGES3",4,"yellow"
"CCM2",0,"grey"
"H2BC7",0,"grey"
"TAP1",2,"blue"
"ETS2",2,"blue"
"PRMT2",0,"grey"
"ZNF382",1,"turquoise"
"INTS8",0,"grey"
"ITGA1",0,"grey"
"HAL",2,"blue"
"BCL2L2",0,"grey"
"BAG1",1,"turquoise"
"VPS36",0,"grey"
"ORMDL3",0,"grey"
"NUPR1",1,"turquoise"
"DSC2",2,"blue"
"RBMS2",1,"turquoise"
"TRIM65",0,"grey"
"TP53INP2",0,"grey"
"GLB1L",1,"turquoise"
"PUS1",1,"turquoise"
"BCL9L",0,"grey"
"MASTL",0,"grey"
"ZNF765",1,"turquoise"
"SNX10",2,"blue"
"POGK",3,"brown"
"MAPK9",0,"grey"
"TRIM37",0,"grey"
"LRRC25",1,"turquoise"
"ABCC4",3,"brown"
"ZFP36L2",2,"blue"
"PIK3C2A",0,"grey"
"CYP4V2",1,"turquoise"
"IFITM2",2,"blue"
"ARNTL2",1,"turquoise"
"ZNF595",1,"turquoise"
"ASPH",0,"grey"
"LEPR",5,"green"
"SH3BGRL",3,"brown"
"OR8I2",8,"pink"
"NBPF6",5,"green"
"VPS51",0,"grey"
"SYNGR2",0,"grey"
"PITPNA",2,"blue"
"PRPF4B",0,"grey"
"NRBP1",1,"turquoise"
"KDM1A",1,"turquoise"
"ILK",3,"brown"
"MRPS7",1,"turquoise"
"KIAA1217",0,"grey"
"VBP1",0,"grey"
"MORC3",2,"blue"
"BHMT2",1,"turquoise"
"CCDC32",1,"turquoise"
"ALG13",0,"grey"
"TTLL7",0,"grey"
"TMEM8B",1,"turquoise"
"MED11",1,"turquoise"
"WWC1",1,"turquoise"
"SH3GL3",1,"turquoise"
"RIF1",0,"grey"
"VLDLR",1,"turquoise"
"DBT",1,"turquoise"
"CGGBP1",3,"brown"
"ZBTB16",0,"grey"
"PDGFB",0,"grey"
"RFX1",1,"turquoise"
"UQCRB",4,"yellow"
"HPS3",0,"grey"
"LGALS3BP",0,"grey"
"MRFAP1L1",4,"yellow"
"LZTS1",5,"green"
"ARHGEF3",0,"grey"
"CSNK1G2",0,"grey"
"PEX13",1,"turquoise"
"EGLN1",2,"blue"
"ATP6AP1",2,"blue"
"NR1H2",0,"grey"
"ARHGEF39",1,"turquoise"
"DCAF1",0,"grey"
"SLC38A2",2,"blue"
"ADAM9",3,"brown"
"TMUB2",1,"turquoise"
"AGK",1,"turquoise"
"NDUFA4",0,"grey"
"DIPK1B",0,"grey"
"PKP4",4,"yellow"
"DUSP1",2,"blue"
"SETD6",1,"turquoise"
"P2RY2",1,"turquoise"
"RABGAP1",3,"brown"
"GPRC5A",1,"turquoise"
"PAK3",1,"turquoise"
"TGFBR1",2,"blue"
"SFMBT2",0,"grey"
"GSDMC",1,"turquoise"
"CDC42",1,"turquoise"
"UACA",4,"yellow"
"NAA10",0,"grey"
"SETD5",0,"grey"
"PTER",0,"grey"
"ATP1B2",0,"grey"
"GRHPR",0,"grey"
"ODF2L",1,"turquoise"
"EDF1",4,"yellow"
"PCID2",0,"grey"
"LTN1",2,"blue"
"ZCCHC3",0,"grey"
"DCAF7",1,"turquoise"
"RIMKLB",0,"grey"
"ZNF134",0,"grey"
"ZSWIM6",2,"blue"
"MTREX",0,"grey"
"H2BC14",4,"yellow"
"MDM1",3,"brown"
"TMEM183A",0,"grey"
"ALDH7A1",0,"grey"
"VDAC3",3,"brown"
"EIF3F",4,"yellow"
"LENG8",11,"greenyellow"
"CCNJL",2,"blue"
"AATF",0,"grey"
"ZNF630",1,"turquoise"
"FTSJ3",0,"grey"
"SMAD4",1,"turquoise"
"G0S2",2,"blue"
"FCHSD2",2,"blue"
"RRP1B",0,"grey"
"EEF1B2",4,"yellow"
"STAT6",2,"blue"
"ZNF195",1,"turquoise"
"GNL1",0,"grey"
"ZNRF2",0,"grey"
"ASB16",1,"turquoise"
"PER3",0,"grey"
"ARMC10",0,"grey"
"DHX34",2,"blue"
"NFIC",6,"red"
"ITPR2",2,"blue"
"MLLT3",0,"grey"
"CCNT2",2,"blue"
"NUMBL",1,"turquoise"
"MED16",0,"grey"
"GOSR1",0,"grey"
"RPL30",4,"yellow"
"HAVCR1",1,"turquoise"
"RNF5",4,"yellow"
"LRP10",0,"grey"
"KRI1",0,"grey"
"PUS7L",0,"grey"
"PRXL2A",1,"turquoise"
"PIEZO1",6,"red"
"CSH1",12,"tan"
"ATG16L2",2,"blue"
"EXOSC8",1,"turquoise"
"SEH1L",5,"green"
"INSYN1",1,"turquoise"
"MTNR1A",1,"turquoise"
"TSPAN5",9,"magenta"
"OSGIN2",2,"blue"
"PDIK1L",0,"grey"
"SHMT1",6,"red"
"ZRANB2",0,"grey"
"PALS2",1,"turquoise"
"FBXL8",1,"turquoise"
"SRSF4",13,"salmon"
"CXorf38",1,"turquoise"
"BRD1",0,"grey"
"FBXO44",1,"turquoise"
"KRBA2",1,"turquoise"
"MCCC2",0,"grey"
"IVD",1,"turquoise"
"ATP5PF",5,"green"
"EPOR",0,"grey"
"MVP",0,"grey"
"ZMYM1",1,"turquoise"
"BCL7C",1,"turquoise"
"ZC3H18",0,"grey"
"PSTPIP2",0,"grey"
"ARHGEF40",0,"grey"
"ZP3",1,"turquoise"
"BCAS4",1,"turquoise"
"ISY1",1,"turquoise"
"ELOC",1,"turquoise"
"CUL1",0,"grey"
"RNF213",2,"blue"
"DHX9",0,"grey"
"NCKAP1",1,"turquoise"
"PKN2",2,"blue"
"XPR1",3,"brown"
"ZNF333",1,"turquoise"
"SMIM24",0,"grey"
"BTBD6",0,"grey"
"DUSP11",1,"turquoise"
"CREB3L2",0,"grey"
"WASHC4",2,"blue"
"ZBTB37",1,"turquoise"
"NDUFB10",0,"grey"
"BBS2",0,"grey"
"ABCG2",0,"grey"
"MRPL18",4,"yellow"
"PGAM5",1,"turquoise"
"FBXO21",0,"grey"
"GRB10",0,"grey"
"CLSTN1",0,"grey"
"PCDHA10",1,"turquoise"
"LMAN2",0,"grey"
"R3HCC1L",0,"grey"
"NIPSNAP3A",4,"yellow"
"INSIG2",0,"grey"
"STXBP2",3,"brown"
"PRPF4",1,"turquoise"
"LATS2",0,"grey"
"MS4A1",0,"grey"
"TYW3",4,"yellow"
"TMEM65",1,"turquoise"
"LSP1",1,"turquoise"
"EXOSC1",0,"grey"
"ARHGAP18",3,"brown"
"LY75-CD302",5,"green"
"STX17",0,"grey"
"BMPR2",0,"grey"
"KLF7",2,"blue"
"IFI6",0,"grey"
"FRMD8",1,"turquoise"
"MGAT2",0,"grey"
"NOP56",0,"grey"
"CUL5",0,"grey"
"NOL12",1,"turquoise"
"MICOS10",0,"grey"
"CERS5",1,"turquoise"
"TAF13",1,"turquoise"
"ENSG00000284024",1,"turquoise"
"SLX4",1,"turquoise"
"DERPC",0,"grey"
"EIF5",0,"grey"
"SEPSECS",1,"turquoise"
"HELT",5,"green"
"POLR2K",4,"yellow"
"PREB",0,"grey"
"TUBA8",0,"grey"
"STIL",1,"turquoise"
"UBE2C",0,"grey"
"CDK2AP1",3,"brown"
"FHOD1",0,"grey"
"DHPS",0,"grey"
"RPL5",4,"yellow"
"FFAR4",1,"turquoise"
"DENND1B",0,"grey"
"NDST2",0,"grey"
"BOLL",1,"turquoise"
"METTL22",1,"turquoise"
"PPME1",0,"grey"
"PIK3CA",2,"blue"
"TRAPPC1",3,"brown"
"NBPF10",11,"greenyellow"
"SLC9A6",8,"pink"
"NPIPB2",1,"turquoise"
"ZFC3H1",2,"blue"
"BRI3",4,"yellow"
"ZKSCAN8",0,"grey"
"IFI44L",4,"yellow"
"AP5B1",0,"grey"
"PLAG1",8,"pink"
"MYCBP2",2,"blue"
"WIPI1",3,"brown"
"ENTPD4",2,"blue"
"CCDC80",1,"turquoise"
"PDZD8",2,"blue"
"ZNF841",1,"turquoise"
"AZGP1",6,"red"
"MED1",0,"grey"
"ATG4C",0,"grey"
"OPRD1",1,"turquoise"
"CCL16",0,"grey"
"SACM1L",0,"grey"
"CD63",2,"blue"
"CX3CL1",1,"turquoise"
"TOP2A",0,"grey"
"GYPB",0,"grey"
"IGF1R",2,"blue"
"PKD1L1",1,"turquoise"
"CAV1",4,"yellow"
"DGAT2",2,"blue"
"STRBP",1,"turquoise"
"HPRT1",0,"grey"
"FANCI",0,"grey"
"TMEM260",2,"blue"
"PSMA7",4,"yellow"
"TTF1",1,"turquoise"
"GET1",3,"brown"
"ELOF1",0,"grey"
"PLAGL2",0,"grey"
"MSI2",0,"grey"
"MRTFA",0,"grey"
"ACAA1",6,"red"
"SPARCL1",0,"grey"
"IL6ST",3,"brown"
"TMEM109",0,"grey"
"ZNF319",0,"grey"
"FAM172A",0,"grey"
"PPP4R3A",2,"blue"
"KIAA1191",1,"turquoise"
"USB1",0,"grey"
"SFTPB",1,"turquoise"
"CNTNAP2",1,"turquoise"
"FRK",1,"turquoise"
"TBX19",1,"turquoise"
"CHD4",5,"green"
"RELA",0,"grey"
"HIF1A",2,"blue"
"TSEN34",0,"grey"
"KIF18A",0,"grey"
"TXNDC9",0,"grey"
"C21orf91",0,"grey"
"ARMCX6",17,"grey60"
"PPP4C",0,"grey"
"CD48",4,"yellow"
"PKN1",1,"turquoise"
"XBP1",6,"red"
"ERF",0,"grey"
"ARL3",0,"grey"
"SURF6",0,"grey"
"MLLT10",0,"grey"
"C17orf113",1,"turquoise"
"ERCC6",0,"grey"
"WDR97",1,"turquoise"
"EIF2AK4",0,"grey"
"BAZ1A",0,"grey"
"PTPRO",1,"turquoise"
"CYREN",0,"grey"
"CLEC12A",5,"green"
"ACBD4",1,"turquoise"
"ACTB",3,"brown"
"OTUD7B",1,"turquoise"
"IFI35",0,"grey"
"BSCL2",0,"grey"
"ANKRD12",2,"blue"
"CFHR2",1,"turquoise"
"NSMCE3",1,"turquoise"
"SLC30A5",1,"turquoise"
"ZNF185",3,"brown"
"IYD",1,"turquoise"
"CYB5RL",1,"turquoise"
"UBQLN1",3,"brown"
"SOCS2",0,"grey"
"UBA5",1,"turquoise"
"FAM83D",0,"grey"
"SRFBP1",0,"grey"
"SRSF9",4,"yellow"
"RABL3",0,"grey"
"ANGEL2",0,"grey"
"DYDC1",1,"turquoise"
"SMG6",0,"grey"
"TMEM213",1,"turquoise"
"INSR",6,"red"
"GLIPR1",2,"blue"
"UBXN6",9,"magenta"
"CIZ1",0,"grey"
"NFX1",0,"grey"
"IER3IP1",0,"grey"
"RASAL2",0,"grey"
"SYNJ1",2,"blue"
"POLR2J2",1,"turquoise"
"HLA-B",2,"blue"
"TCF7L2",0,"grey"
"ZNF431",1,"turquoise"
"TBC1D25",5,"green"
"ZNF800",2,"blue"
"MYCBP",0,"grey"
"QSER1",0,"grey"
"ULK2",1,"turquoise"
"PIGO",5,"green"
"HNRNPLL",3,"brown"
"SLC35E3",1,"turquoise"
"RADIL",14,"cyan"
"MCM6",3,"brown"
"ABCA7",0,"grey"
"EIF4A2",4,"yellow"
"ZC3H10",1,"turquoise"
"RPGR",0,"grey"
"USP22",0,"grey"
"TMX2",0,"grey"
"PTCD1",1,"turquoise"
"FAM107A",0,"grey"
"CAMKK2",0,"grey"
"NES",0,"grey"
"TCP11L2",9,"magenta"
"CLEC4A",0,"grey"
"PRR12",0,"grey"
"C2orf50",1,"turquoise"
"ZNF28",1,"turquoise"
"ENC1",0,"grey"
"MAP2K1",0,"grey"
"PTP4A1",2,"blue"
"MARCHF8",9,"magenta"
"CARF",1,"turquoise"
"GTF3C6",0,"grey"
"UBR2",2,"blue"
"VOPP1",0,"grey"
"MAK",1,"turquoise"
"PIGW",1,"turquoise"
"SAE1",0,"grey"
"OAZ1",3,"brown"
"SGCE",1,"turquoise"
"YIPF5",0,"grey"
"IL11",1,"turquoise"
"TCF7",0,"grey"
"MIOS",0,"grey"
"RLIM",1,"turquoise"
"SAMD9",2,"blue"
"MMRN1",3,"brown"
"AKR1C3",6,"red"
"RNF19A",0,"grey"
"YKT6",0,"grey"
"SPARC",3,"brown"
"UBE2V2",0,"grey"
"FBXL18",1,"turquoise"
"ZNF662",1,"turquoise"
"SERPINC1",6,"red"
"KCTD21",7,"black"
"ZNF37A",1,"turquoise"
"GTF3C1",0,"grey"
"CTSZ",1,"turquoise"
"VTI1B",3,"brown"
"ZNF266",0,"grey"
"APOA1",6,"red"
"KPRP",0,"grey"
"KPNB1",2,"blue"
"FOXO3",9,"magenta"
"SLC25A38",0,"grey"
"DCTN2",0,"grey"
"IFT20",0,"grey"
"UHRF1",1,"turquoise"
"MCF2L2",14,"cyan"
"WNT9B",1,"turquoise"
"OLA1",0,"grey"
"FAM120B",0,"grey"
"MFHAS1",0,"grey"
"CSRNP2",0,"grey"
"RASGRF2",0,"grey"
"KPNA6",0,"grey"
"SSBP1",4,"yellow"
"SUPT7L",1,"turquoise"
"CSF1R",0,"grey"
"SHKBP1",0,"grey"
"NAGK",0,"grey"
"QTRT2",0,"grey"
"TOMM7",4,"yellow"
"TNFSF14",1,"turquoise"
"VTA1",0,"grey"
"DMAC1",4,"yellow"
"AOAH",2,"blue"
"CRISPLD2",2,"blue"
"PNN",0,"grey"
"ESPN",0,"grey"
"RBM43",5,"green"
"DDX3X",2,"blue"
"PLXDC1",1,"turquoise"
"HNRNPL",0,"grey"
"TENT5A",0,"grey"
"SYTL3",0,"grey"
"NDC1",0,"grey"
"GOLGA4",0,"grey"
"NOTCH1",2,"blue"
"ECD",1,"turquoise"
"PNPO",1,"turquoise"
"DAPK1",0,"grey"
"ST8SIA6",0,"grey"
"TDP2",2,"blue"
"PINX1",0,"grey"
"SELENBP1",9,"magenta"
"TMED4",1,"turquoise"
"TTC38",0,"grey"
"CES1",6,"red"
"STK17B",13,"salmon"
"B3GAT3",1,"turquoise"
"CYP3A4",6,"red"
"MBOAT2",9,"magenta"
"PISD",2,"blue"
"SKA2",4,"yellow"
"USP1",0,"grey"
"SAR1B",1,"turquoise"
"TTC7B",1,"turquoise"
"RBL1",0,"grey"
"TOB1",2,"blue"
"SPRING1",1,"turquoise"
"CENPF",0,"grey"
"ABHD16A",3,"brown"
"PPIL6",1,"turquoise"
"PATL1",2,"blue"
"CNOT6L",0,"grey"
"S100A9",2,"blue"
"RNGTT",0,"grey"
"SPEF2",1,"turquoise"
"CEP250",1,"turquoise"
"KCNJ2",2,"blue"
"ZNF684",1,"turquoise"
"SLC4A1",9,"magenta"
"PDHA1",0,"grey"
"ZNF492",1,"turquoise"
"TKT",0,"grey"
"DDT",0,"grey"
"RNF38",2,"blue"
"KLHL2",2,"blue"
"HERPUD2",0,"grey"
"SLC52A1",1,"turquoise"
"HSD17B2",1,"turquoise"
"FAM214A",2,"blue"
"UBE2G1",0,"grey"
"PELI2",3,"brown"
"TPX2",6,"red"
"ATP9B",1,"turquoise"
"DAZAP1",0,"grey"
"HMGCS2",6,"red"
"LILRB2",2,"blue"
"CSTF1",0,"grey"
"NEPRO",0,"grey"
"IGF2BP3",3,"brown"
"CLUH",6,"red"
"HRG",6,"red"
"ZNF131",0,"grey"
"SP140L",1,"turquoise"
"USP47",3,"brown"
"CCDC88B",0,"grey"
"PAPOLA",13,"salmon"
"AATK",0,"grey"
"MSH3",0,"grey"
"NDUFAB1",0,"grey"
"MRPL45",0,"grey"
"SPECC1L",0,"grey"
"TTC37",0,"grey"
"TET3",2,"blue"
"SPN",1,"turquoise"
"RPS5",4,"yellow"
"ANP32E",0,"grey"
"MTMR1",2,"blue"
"SYNGAP1",0,"grey"
"LAX1",1,"turquoise"
"ELOVL5",2,"blue"
"SPPL2B",1,"turquoise"
"ARHGAP21",3,"brown"
"BLOC1S2",1,"turquoise"
"ZNF66",1,"turquoise"
"GINS1",0,"grey"
"ITM2B",2,"blue"
"RAB19",1,"turquoise"
"STK26",0,"grey"
"PAPSS2",6,"red"
"ACSL3",2,"blue"
"UTRN",0,"grey"
"SDAD1",0,"grey"
"RPL35",4,"yellow"
"IMPDH2",4,"yellow"
"MCUB",4,"yellow"
"CLTA",0,"grey"
"SEC14L5",3,"brown"
"GPR37L1",1,"turquoise"
"OGDH",0,"grey"
"ZFP14",1,"turquoise"
"KPNA3",0,"grey"
"XNDC1N",1,"turquoise"
"HSPA1L",1,"turquoise"
"RHOC",0,"grey"
"PPP3CA",2,"blue"
"ZNF529",1,"turquoise"
"SPATA1",1,"turquoise"
"SPTSSA",0,"grey"
"MKNK1",1,"turquoise"
"DYSF",2,"blue"
"BMT2",2,"blue"
"C1orf174",1,"turquoise"
"PLEKHO1",3,"brown"
"NPC2",4,"yellow"
"YTHDF1",0,"grey"
"DMTN",9,"magenta"
"CEP170",2,"blue"
"MSH6",0,"grey"
"ZNF556",1,"turquoise"
"ADGRF1",1,"turquoise"
"TMEM98",1,"turquoise"
"EP400",0,"grey"
"PTK2",3,"brown"
"RNF217",0,"grey"
"GSDMA",1,"turquoise"
"NOP9",0,"grey"
"LLGL2",0,"grey"
"FAM98B",0,"grey"
"SLC8B1",1,"turquoise"
"PPM1K",1,"turquoise"
"RBFOX1",15,"midnightblue"
"MCU",0,"grey"
"NFKB2",2,"blue"
"FAM76B",0,"grey"
"ZNF605",1,"turquoise"
"CDS1",8,"pink"
"RHEB",3,"brown"
"OTUD6B",0,"grey"
"TVP23A",1,"turquoise"
"NPM1",4,"yellow"
"H4C13",4,"yellow"
"PRPS2",4,"yellow"
"CELF1",2,"blue"
"ABRAXAS2",0,"grey"
"EDRF1",0,"grey"
"PDE4C",1,"turquoise"
"NBPF19",0,"grey"
"RAD18",0,"grey"
"FRA10AC1",0,"grey"
"HVCN1",0,"grey"
"TAF10",0,"grey"
"MMP24OS",0,"grey"
"DEPDC5",7,"black"
"LTBP1",3,"brown"
"MAPRE1",0,"grey"
"SENP7",1,"turquoise"
"LRRK2",2,"blue"
"FAAP24",1,"turquoise"
"ABI2",1,"turquoise"
"ENSG00000285827",0,"grey"
"ATF1",0,"grey"
"DYNC1H1",1,"turquoise"
"TMEM33",1,"turquoise"
"POLDIP3",0,"grey"
"CDC6",1,"turquoise"
"PLD1",0,"grey"
"AKNA",1,"turquoise"
"NBR1",2,"blue"
"NDUFC1",0,"grey"
"HPS4",0,"grey"
"IMMT",0,"grey"
"MARK3",9,"magenta"
"DRAM2",0,"grey"
"ITPRIPL2",0,"grey"
"ADAMTS2",1,"turquoise"
"ARPC3",4,"yellow"
"BRD8",0,"grey"
"WDR12",1,"turquoise"
"SLAIN1",0,"grey"
"NR2C2",0,"grey"
"NKTR",2,"blue"
"AURKA",0,"grey"
"TBC1D9B",0,"grey"
"PNPLA6",0,"grey"
"AP3B1",2,"blue"
"AHCYL1",0,"grey"
"COP1",2,"blue"
"RPP14",1,"turquoise"
"DDX24",0,"grey"
"PHACTR1",0,"grey"
"ALYREF",0,"grey"
"NT5C3B",1,"turquoise"
"ZNF747",1,"turquoise"
"MITD1",0,"grey"
"HCK",2,"blue"
"BMP6",3,"brown"
"LSM3",0,"grey"
"SEPTIN7",3,"brown"
"SPCS3",1,"turquoise"
"DEF8",0,"grey"
"CHAF1A",13,"salmon"
"VWA2",1,"turquoise"
"FTH1",3,"brown"
"SLC35F1",1,"turquoise"
"YWHAH",3,"brown"
"NPRL2",15,"midnightblue"
"H2AC21",1,"turquoise"
"BOD1",4,"yellow"
"UMPS",0,"grey"
"TIMM17A",0,"grey"
"HNRNPA0",0,"grey"
"PCBP1",0,"grey"
"LRRC2",1,"turquoise"
"NSD1",2,"blue"
"ANO9",5,"green"
"WDR91",5,"green"
"FYN",3,"brown"
"CNDP2",0,"grey"
"YPEL5",3,"brown"
"KCND3",3,"brown"
"DSTYK",1,"turquoise"
"NAIP",2,"blue"
"UBALD1",0,"grey"
"ZNF518B",0,"grey"
"SPAG9",2,"blue"
"SERTAD1",1,"turquoise"
"HASPIN",0,"grey"
"CORO1C",3,"brown"
"TEX9",3,"brown"
"GPATCH11",0,"grey"
"H3C6",0,"grey"
"BARD1",3,"brown"
"ZNF442",1,"turquoise"
"F2",6,"red"
"H2AC6",3,"brown"
"RASAL3",0,"grey"
"TMEM176A",6,"red"
"CTNNB1",0,"grey"
"DYNC2I2",5,"green"
"TMEM185B",1,"turquoise"
"ANO10",0,"grey"
"IMPACT",0,"grey"
"ITGA6",3,"brown"
"THAP5",1,"turquoise"
"CCND1",4,"yellow"
"RIC8A",0,"grey"
"SMCO4",0,"grey"
"CCL4",0,"grey"
"NOL11",0,"grey"
"ZCCHC10",0,"grey"
"PSMD2",0,"grey"
"RASSF9",1,"turquoise"
"TOX",13,"salmon"
"IPO5",4,"yellow"
"C19orf81",5,"green"
"PLEKHO2",0,"grey"
"NUDCD2",1,"turquoise"
"GIGYF2",0,"grey"
"CHMP3",0,"grey"
"CEBPZ",4,"yellow"
"ZNF479",1,"turquoise"
"ANAPC1",0,"grey"
"SH2D3C",0,"grey"
"PTPN14",1,"turquoise"
"SNRPG",0,"grey"
"APTX",0,"grey"
"BMS1",0,"grey"
"NFATC3",4,"yellow"
"EPSTI1",0,"grey"
"PRKACB",17,"grey60"
"TMC6",1,"turquoise"
"GDPGP1",1,"turquoise"
"PCBD2",1,"turquoise"
"SPRYD7",1,"turquoise"
"SF3B2",13,"salmon"
"PAK1IP1",0,"grey"
"OR10H1",1,"turquoise"
"PITPNM2",3,"brown"
"L3MBTL4",0,"grey"
"TGFB1",3,"brown"
"ZXDC",0,"grey"
"SLC6A16",1,"turquoise"
"LRRC8E",1,"turquoise"
"PSEN2",1,"turquoise"
"PCDHB13",1,"turquoise"
"WASHC2C",0,"grey"
"LCMT2",1,"turquoise"
"RSPH3",1,"turquoise"
"PTPN9",0,"grey"
"RUNDC1",1,"turquoise"
"YES1",1,"turquoise"
"FAM120AOS",1,"turquoise"
"ZDBF2",0,"grey"
"FAM228B",0,"grey"
"CLIC1",0,"grey"
"LILRA5",1,"turquoise"
"FAM104A",9,"magenta"
"SNX29",0,"grey"
"ARGLU1",0,"grey"
"SAMD5",1,"turquoise"
"IGFBP5",0,"grey"
"POLD4",0,"grey"
"CREM",0,"grey"
"PTGER4",7,"black"
"METAP1",0,"grey"
"NR2F2",0,"grey"
"BCL2A1",2,"blue"
"ZBTB24",0,"grey"
"OR7D2",1,"turquoise"
"PRDM1",2,"blue"
"CCDC47",2,"blue"
"PHB1",0,"grey"
"BIN1",0,"grey"
"SRRM1",1,"turquoise"
"ALS2",1,"turquoise"
"ECT2",1,"turquoise"
"WDR45B",0,"grey"
"CDH3",1,"turquoise"
"PNISR",8,"pink"
"EI24",6,"red"
"DOCK1",4,"yellow"
"FAM111A",1,"turquoise"
"MYBL1",0,"grey"
"PDZK1IP1",0,"grey"
"CTR9",0,"grey"
"VIL1",0,"grey"
"PTTG1IP",3,"brown"
"PSMD9",0,"grey"
"SIKE1",0,"grey"
"PARP15",1,"turquoise"
"TTC19",0,"grey"
"GFPT1",1,"turquoise"
"ARHGAP32",3,"brown"
"MRPS10",1,"turquoise"
"CGNL1",6,"red"
"TRPM7",1,"turquoise"
"NUCKS1",0,"grey"
"IP6K2",0,"grey"
"NXN",1,"turquoise"
"FOXJ3",0,"grey"
"EIF5B",4,"yellow"
"EIF2B4",0,"grey"
"DMAC2L",1,"turquoise"
"IL20",8,"pink"
"NIBAN2",0,"grey"
"IL17RD",1,"turquoise"
"TFAM",0,"grey"
"RALGAPB",2,"blue"
"PARP12",0,"grey"
"SLC22A23",3,"brown"
"GTF2H1",1,"turquoise"
"SRSF7",4,"yellow"
"FLCN",1,"turquoise"
"NAMPT",2,"blue"
"VKORC1L1",1,"turquoise"
"TBCEL",9,"magenta"
"HS3ST3B1",1,"turquoise"
"CTNS",0,"grey"
"MZT2B",0,"grey"
"ROMO1",4,"yellow"
"AMFR",3,"brown"
"PLCB4",1,"turquoise"
"MPHOSPH10",0,"grey"
"G3BP2",1,"turquoise"
"PYGB",3,"brown"
"NHLRC2",1,"turquoise"
"ZNF430",1,"turquoise"
"JAML",2,"blue"
"TNRC6A",0,"grey"
"GTF2A2",0,"grey"
"RCHY1",3,"brown"
"MARCHF5",2,"blue"
"TACC3",0,"grey"
"DNAJC5G",13,"salmon"
"NAE1",1,"turquoise"
"PPP2R5B",0,"grey"
"SPOP",1,"turquoise"
"RPGRIP1L",1,"turquoise"
"PTPRF",6,"red"
"MAML1",2,"blue"
"ZNF808",0,"grey"
"TYK2",2,"blue"
"PIP4K2A",9,"magenta"
"MTMR4",0,"grey"
"SNX9",0,"grey"
"NECAP1",0,"grey"
"TTC39A",5,"green"
"UQCC3",1,"turquoise"
"DCLRE1A",3,"brown"
"TLR7",1,"turquoise"
"SMAD1",0,"grey"
"AGAP6",1,"turquoise"
"RIOK2",0,"grey"
"NAAA",1,"turquoise"
"ABHD13",2,"blue"
"CCPG1",1,"turquoise"
"TRDMT1",1,"turquoise"
"CFL1",0,"grey"
"UMAD1",0,"grey"
"CPSF6",0,"grey"
"TTC8",1,"turquoise"
"EYA3",1,"turquoise"
"BOD1L1",2,"blue"
"KIFBP",1,"turquoise"
"ANKRD60",1,"turquoise"
"GNE",1,"turquoise"
"ZNF501",1,"turquoise"
"MGST2",0,"grey"
"ZNF880",0,"grey"
"NCKAP1L",2,"blue"
"EMP3",0,"grey"
"H3C2",0,"grey"
"CBX7",0,"grey"
"OSBPL1A",0,"grey"
"ESCO1",0,"grey"
"TRA2A",0,"grey"
"PHF2",0,"grey"
"MTAP",1,"turquoise"
"RFC1",0,"grey"
"TRNT1",1,"turquoise"
"TMBIM6",2,"blue"
"ANKRD44",2,"blue"
"GZMB",0,"grey"
"SRD5A3",1,"turquoise"
"NFE2L1",0,"grey"
"STIP1",0,"grey"
"CYTIP",2,"blue"
"MTDH",0,"grey"
"HSP90AB1",4,"yellow"
"ZNF483",1,"turquoise"
"FOXI3",1,"turquoise"
"C2",0,"grey"
"NOP14",1,"turquoise"
"PPP1R9B",0,"grey"
"FER",3,"brown"
"SNRK",2,"blue"
"UTP6",1,"turquoise"
"KCMF1",0,"grey"
"IL17RA",2,"blue"
"DARS1",0,"grey"
"NPLOC4",1,"turquoise"
"ARSD",1,"turquoise"
"RB1",0,"grey"
"ANKLE1",1,"turquoise"
"MPV17",1,"turquoise"
"SLC35D1",6,"red"
"LYSMD3",2,"blue"
"ERLIN1",0,"grey"
"COA7",1,"turquoise"
"UTP11",0,"grey"
"TP53I11",0,"grey"
"ALG8",1,"turquoise"
"PF4V1",3,"brown"
"ST3GAL4",0,"grey"
"CYB5R3",0,"grey"
"TFAP2A",0,"grey"
"ZNF169",1,"turquoise"
"MICU2",0,"grey"
"GLIPR1L2",1,"turquoise"
"CYSRT1",1,"turquoise"
"RABEPK",1,"turquoise"
"PHTF1",0,"grey"
"CMTM5",3,"brown"
"STX10",0,"grey"
"GAB3",0,"grey"
"COL4A1",0,"grey"
"OSBPL2",1,"turquoise"
"STS",1,"turquoise"
"SHROOM4",0,"grey"
"BTNL2",8,"pink"
"TGIF1",0,"grey"
"ZFAND5",1,"turquoise"
"ICA1",4,"yellow"
"MNT",0,"grey"
"ENTPD1",1,"turquoise"
"OR51E2",1,"turquoise"
"STK11",0,"grey"
"MX1",1,"turquoise"
"PAXBP1",0,"grey"
"SETD1A",0,"grey"
"PURB",2,"blue"
"RELB",0,"grey"
"POLR1G",1,"turquoise"
"ATP6V0A1",0,"grey"
"ZNF615",1,"turquoise"
"DYNC2LI1",1,"turquoise"
"CNOT8",0,"grey"
"ADAM17",1,"turquoise"
"CPNE1",0,"grey"
"G6PC1",1,"turquoise"
"NCOA2",2,"blue"
"PIAS4",0,"grey"
"RABL2B",1,"turquoise"
"LZIC",1,"turquoise"
"TOR4A",1,"turquoise"
"NRXN3",1,"turquoise"
"CYB5D1",0,"grey"
"MRPS25",1,"turquoise"
"FSBP",1,"turquoise"
"ZMAT2",0,"grey"
"RPL11",4,"yellow"
"RAP2C",0,"grey"
"MXD1",2,"blue"
"TUBB4B",0,"grey"
"AZI2",0,"grey"
"NUAK2",0,"grey"
"CERT1",1,"turquoise"
"AHSG",6,"red"
"MANSC1",1,"turquoise"
"ELAPOR1",1,"turquoise"
"IMP3",4,"yellow"
"PCTP",0,"grey"
"SIRT1",0,"grey"
"CD164",2,"blue"
"MANBA",0,"grey"
"H3-3B",2,"blue"
"TMEM167B",2,"blue"
"ZKSCAN3",1,"turquoise"
"PLEKHG1",0,"grey"
"CDKL5",0,"grey"
"TPRKB",1,"turquoise"
"UBFD1",0,"grey"
"INPP4A",2,"blue"
"ADPGK",2,"blue"
"SIAE",1,"turquoise"
"CWC15",4,"yellow"
"KLHL11",1,"turquoise"
"PSMB3",0,"grey"
"DEDD2",0,"grey"
"ZBTB3",1,"turquoise"
"DDX25",1,"turquoise"
"RPS25",4,"yellow"
"DNM1L",3,"brown"
"TESK2",0,"grey"
"EIF1AD",1,"turquoise"
"ORC4",1,"turquoise"
"ZNF207",1,"turquoise"
"TOLLIP",0,"grey"
"NOD2",2,"blue"
"PLVAP",0,"grey"
"SCMH1",0,"grey"
"GYG1",0,"grey"
"POLR3GL",0,"grey"
"YARS1",0,"grey"
"R3HDM1",0,"grey"
"GAPDH",18,"lightgreen"
"HACD4",3,"brown"
"COX7C",4,"yellow"
"APC",2,"blue"
"TLR2",2,"blue"
"SUCNR1",3,"brown"
"SLC39A1",0,"grey"
"CDC42EP1",0,"grey"
"VNN2",2,"blue"
"CNOT11",0,"grey"
"CCDC7",0,"grey"
"MGRN1",1,"turquoise"
"TECPR1",0,"grey"
"MRPL30",1,"turquoise"
"CALM1",7,"black"
"B4GALNT2",0,"grey"
"C8orf33",0,"grey"
"RCC1L",0,"grey"
"EPM2AIP1",11,"greenyellow"
"RPS9",4,"yellow"
"SIVA1",0,"grey"
"CD3E",0,"grey"
"MSANTD4",0,"grey"
"GPS2",0,"grey"
"ATP5IF1",0,"grey"
"TP53RK",0,"grey"
"FBXL13",0,"grey"
"KAT7",1,"turquoise"
"RUFY2",0,"grey"
"GATC",0,"grey"
"EPHB4",0,"grey"
"C4orf46",0,"grey"
"SERPINA10",1,"turquoise"
"CPLANE2",5,"green"
"SMIM11",1,"turquoise"
"ARL8B",3,"brown"
"SATB1",0,"grey"
"PPM1D",1,"turquoise"
"VPS45",1,"turquoise"
"ZNF850",1,"turquoise"
"TP53BP2",0,"grey"
"VGLL4",0,"grey"
"SPC24",1,"turquoise"
"ZFAT",0,"grey"
"SYAP1",1,"turquoise"
"ZBED5",0,"grey"
"LTA4H",4,"yellow"
"AP1AR",0,"grey"
"ADGRE1",0,"grey"
"IFIT3",2,"blue"
"MYADM",2,"blue"
"PDE3B",2,"blue"
"PGK1",2,"blue"
"MLXIP",1,"turquoise"
"KHNYN",0,"grey"
"GPAA1",0,"grey"
"VAMP2",2,"blue"
"RNF135",0,"grey"
"SOS1",0,"grey"
"MATK",0,"grey"
"KMT2E",2,"blue"
"CTNND2",5,"green"
"PTEN",2,"blue"
"ZNF189",0,"grey"
"ERI1",1,"turquoise"
"SETD2",2,"blue"
"RASSF3",0,"grey"
"PACSIN2",2,"blue"
"RFX5",0,"grey"
"PTPN18",15,"midnightblue"
"ZBTB34",2,"blue"
"SYNE2",2,"blue"
"SLC22A4",0,"grey"
"VCPIP1",2,"blue"
"NETO2",1,"turquoise"
"GALK1",14,"cyan"
"PRAM1",0,"grey"
"EIF3B",0,"grey"
"FLVCR1",0,"grey"
"COX14",0,"grey"
"PROM2",1,"turquoise"
"ALOX5",2,"blue"
"LYRM2",1,"turquoise"
"MRPS14",0,"grey"
"TAF7",0,"grey"
"PHLPP2",1,"turquoise"
"SFXN2",1,"turquoise"
"VEPH1",3,"brown"
"AMBP",6,"red"
"H2AC14",0,"grey"
"SMIM3",3,"brown"
"TGM2",0,"grey"
"ACTL6A",0,"grey"
"ARHGEF7",0,"grey"
"SLC23A2",0,"grey"
"PKD2",0,"grey"
"LIN54",1,"turquoise"
"OR4D9",1,"turquoise"
"ZNF277",6,"red"
"ZNF704",0,"grey"
"DEFA4",0,"grey"
"ZNF197",1,"turquoise"
"PTOV1",0,"grey"
"CMIP",3,"brown"
"APOL6",1,"turquoise"
"NPHP1",1,"turquoise"
"SEPTIN11",3,"brown"
"NDUFA11",1,"turquoise"
"H2AW",0,"grey"
"ATP8B2",0,"grey"
"RFTN1",0,"grey"
"ZNF148",2,"blue"
"IKZF1",5,"green"
"ZNF141",1,"turquoise"
"PSMC2",4,"yellow"
"GGA3",0,"grey"
"LPGAT1",1,"turquoise"
"SFR1",0,"grey"
"THOC2",0,"grey"
"DACT3",1,"turquoise"
"EXOC6B",0,"grey"
"GAN",1,"turquoise"
"SRI",1,"turquoise"
"HLA-E",2,"blue"
"FLT3LG",1,"turquoise"
"SLC66A2",0,"grey"
"WDR1",3,"brown"
"ATP1B1",0,"grey"
"RIC1",2,"blue"
"SWAP70",4,"yellow"
"PM20D2",1,"turquoise"
"ARNT",0,"grey"
"CDKN1B",2,"blue"
"LSM14A",0,"grey"
"STEAP3",6,"red"
"ABCA1",2,"blue"
"EDC3",0,"grey"
"BCLAF3",1,"turquoise"
"GMCL1",2,"blue"
"MGAT5",3,"brown"
"DYNLT1",4,"yellow"
"ATP13A3",2,"blue"
"TWF1",0,"grey"
"SDR42E1",1,"turquoise"
"MRPS17",1,"turquoise"
"MYH9",3,"brown"
"PCGF6",0,"grey"
"ENSG00000273155",1,"turquoise"
"COPZ1",0,"grey"
"TAF2",0,"grey"
"KATNA1",0,"grey"
"STIM1",3,"brown"
"RPS4X",4,"yellow"
"DHX33",0,"grey"
"TRMT10B",1,"turquoise"
"SFSWAP",0,"grey"
"REC8",0,"grey"
"TMEM273",0,"grey"
"ZNF716",1,"turquoise"
"TSC22D3",2,"blue"
"CASP8",1,"turquoise"
"PRKD3",4,"yellow"
"CFH",6,"red"
"NRIP1",3,"brown"
"ZNF707",1,"turquoise"
"TBC1D22B",0,"grey"
"PTRH1",1,"turquoise"
"HYI",5,"green"
"GPR52",8,"pink"
"CASC3",13,"salmon"
"METRN",0,"grey"
"ARF1",3,"brown"
"MAU2",8,"pink"
"MOG",1,"turquoise"
"ATP7A",1,"turquoise"
"ITSN2",2,"blue"
"ODR4",0,"grey"
"GYPE",0,"grey"
"PAPPA",12,"tan"
"DCTN3",0,"grey"
"ZWILCH",0,"grey"
"CIAO2B",0,"grey"
"VPS41",0,"grey"
"MPV17L",1,"turquoise"
"ZNF639",1,"turquoise"
"AKR1C2",0,"grey"
"CASD1",0,"grey"
"SMAGP",1,"turquoise"
"SMC4",0,"grey"
"RGS19",0,"grey"
"HLA-DQB1",0,"grey"
"NRAS",0,"grey"
"RPL22L1",0,"grey"
"NOTCH2NLB",0,"grey"
"FBXW2",0,"grey"
"HDAC9",0,"grey"
"APLP1",1,"turquoise"
"TUBA1B",18,"lightgreen"
"C12orf29",0,"grey"
"MYT1",1,"turquoise"
"CEP162",0,"grey"
"GOLGA1",0,"grey"
"ZBTB43",0,"grey"
"VAPA",2,"blue"
"PIK3R3",4,"yellow"
"USPL1",0,"grey"
"FBXO40",1,"turquoise"
"BRF1",1,"turquoise"
"PPP1CC",0,"grey"
"CDCA7L",0,"grey"
"MTOR",0,"grey"
"USP13",0,"grey"
"ZNF585B",0,"grey"
"FBXW4",0,"grey"
"RNF227",1,"turquoise"
"LEPROT",17,"grey60"
"STK38L",2,"blue"
"DDX42",0,"grey"
"TXNRD2",5,"green"
"KSR1",0,"grey"
"SLC27A1",1,"turquoise"
"POU5F2",1,"turquoise"
"UBE2L5",1,"turquoise"
"ZNF236",0,"grey"
"FBLN1",0,"grey"
"MRRF",1,"turquoise"
"AFF4",2,"blue"
"RAF1",1,"turquoise"
"SUB1",4,"yellow"
"MRPS33",1,"turquoise"
"ARL10",1,"turquoise"
"INKA2",0,"grey"
"HLA-DPA1",4,"yellow"
"RSRP1",11,"greenyellow"
"SNX4",0,"grey"
"CCR2",2,"blue"
"H4C2",4,"yellow"
"SH3KBP1",2,"blue"
"LMBRD2",0,"grey"
"TIMM10B",0,"grey"
"SMOX",3,"brown"
"COPS2",0,"grey"
"SUGT1",1,"turquoise"
"CALR",6,"red"
"SNRPD1",1,"turquoise"
"LTB",0,"grey"
"NCAPG2",0,"grey"
"ITGAV",0,"grey"
"PIP5K1A",0,"grey"
"PCNA",4,"yellow"
"BEST1",0,"grey"
"MMACHC",1,"turquoise"
"REV3L",1,"turquoise"
"ATG5",0,"grey"
"ZRANB1",0,"grey"
"SARM1",1,"turquoise"
"SGTB",1,"turquoise"
"FEM1A",1,"turquoise"
"GM2A",1,"turquoise"
"MYCT1",3,"brown"
"SRGAP2",0,"grey"
"ZCCHC7",4,"yellow"
"MYH10",0,"grey"
"XRRA1",0,"grey"
"BEND7",0,"grey"
"ADAL",1,"turquoise"
"OR10J1",1,"turquoise"
"TMEM9B",0,"grey"
"DNAJA1",0,"grey"
"CWC27",1,"turquoise"
"ZSWIM8",0,"grey"
"PRKX",0,"grey"
"ARG1",6,"red"
"GFM1",0,"grey"
"OR14L1P",0,"grey"
"RAB11FIP3",0,"grey"
"BABAM1",0,"grey"
"HBD",0,"grey"
"SERF1B",1,"turquoise"
"IRAK3",0,"grey"
"MYO5A",1,"turquoise"
"OLAH",1,"turquoise"
"SIPA1L3",0,"grey"
"ADAM10",2,"blue"
"LIPA",3,"brown"
"NAP1L4",0,"grey"
"GNG4",1,"turquoise"
"MRPS22",0,"grey"
"PSG5",0,"grey"
"P2RY12",3,"brown"
"SZRD1",0,"grey"
"FAM53C",2,"blue"
"TPM1",3,"brown"
"PYHIN1",0,"grey"
"CRIM1",0,"grey"
"DHTKD1",1,"turquoise"
"ZNF546",1,"turquoise"
"CD300LG",1,"turquoise"
"FLNB",6,"red"
"CRTC2",0,"grey"
"HNRNPUL1",1,"turquoise"
"SIN3A",0,"grey"
"ECSIT",0,"grey"
"DIRAS2",1,"turquoise"
"TXNL1",0,"grey"
"CCNYL1",0,"grey"
"RNF115",1,"turquoise"
"CISD2",9,"magenta"
"OBSCN",0,"grey"
"GBA",2,"blue"
"ESD",0,"grey"
"CYYR1",4,"yellow"
"PNRC1",2,"blue"
"PPIA",4,"yellow"
"VDAC1",0,"grey"
"TRIB1",2,"blue"
"ICOSLG",1,"turquoise"
"CIR1",0,"grey"
"NHEJ1",1,"turquoise"
"DNAJC18",1,"turquoise"
"S100A6",0,"grey"
"NEDD1",0,"grey"
"TINF2",0,"grey"
"COX19",0,"grey"
"SNX20",0,"grey"
"EPRS1",0,"grey"
"ILF3",0,"grey"
"LARP6",1,"turquoise"
"FBN1",1,"turquoise"
"C12orf57",7,"black"
"ZNF621",1,"turquoise"
"JOSD1",1,"turquoise"
"SNX14",0,"grey"
"TBL2",1,"turquoise"
"TXLNA",0,"grey"
"AIP",0,"grey"
"MCEE",8,"pink"
"TNFRSF13C",1,"turquoise"
"ZFP82",1,"turquoise"
"CEP89",1,"turquoise"
"HSDL1",0,"grey"
"HNRNPH3",0,"grey"
"NOMO3",15,"midnightblue"
"DIS3L2",1,"turquoise"
"ZNF292",5,"green"
"TBX15",5,"green"
"DROSHA",0,"grey"
"CTCF",1,"turquoise"
"CEP43",1,"turquoise"
"FAM149B1",0,"grey"
"CCND3",3,"brown"
"LAMC1",0,"grey"
"M6PR",0,"grey"
"COASY",0,"grey"
"CLASP2",0,"grey"
"ZBTB8A",1,"turquoise"
"SMYD2",0,"grey"
"PBX3",0,"grey"
"ZNF761",1,"turquoise"
"ANGPT1",0,"grey"
"MED23",2,"blue"
"HSD11B1L",1,"turquoise"
"PSMD14",4,"yellow"
"PDCD2",4,"yellow"
"EIF4G1",13,"salmon"
"MTPAP",1,"turquoise"
"RPF2",0,"grey"
"UBE2D1",2,"blue"
"IDH3A",1,"turquoise"
"CREB5",2,"blue"
"ZFR2",1,"turquoise"
"ANGPT2",1,"turquoise"
"RANBP3",0,"grey"
"DYRK1B",0,"grey"
"FAM227B",1,"turquoise"
"BAG6",9,"magenta"
"GZF1",0,"grey"
"SEC23A",1,"turquoise"
"MLX",0,"grey"
"KATNBL1",1,"turquoise"
"TPD52",4,"yellow"
"PSMA4",4,"yellow"
"RILPL2",0,"grey"
"PGM2",0,"grey"
"ROCK1",0,"grey"
"H4C9",0,"grey"
"GPR82",1,"turquoise"
"LETM2",1,"turquoise"
"ARHGAP31",0,"grey"
"KLF1",0,"grey"
"SAP30L",0,"grey"
"UHRF1BP1L",2,"blue"
"VEZF1",0,"grey"
"GIT1",0,"grey"
"DNM3",3,"brown"
"LSM11",1,"turquoise"
"MSL2",2,"blue"
"ZNF394",0,"grey"
"ODF2",0,"grey"
"EPB41",9,"magenta"
"MED4",0,"grey"
"C11orf21",0,"grey"
"SHCBP1",1,"turquoise"
"TRABD",0,"grey"
"COTL1",0,"grey"
"PPP1R12B",1,"turquoise"
"SOCS7",1,"turquoise"
"MARCKS",2,"blue"
"SACS",0,"grey"
"RRP8",1,"turquoise"
"PPARA",0,"grey"
"TRAPPC12",0,"grey"
"PSMG3",1,"turquoise"
"TMSB15B",1,"turquoise"
"ATP1A2",1,"turquoise"
"OPTN",0,"grey"
"FOXL2NB",1,"turquoise"
"MAPKAPK5",1,"turquoise"
"DGKG",3,"brown"
"AFAP1L2",0,"grey"
"ZFP91",0,"grey"
"MAP2K5",10,"purple"
"IGF2",6,"red"
"ATAD2",0,"grey"
"NPEPPS",1,"turquoise"
"PHF6",1,"turquoise"
"HOMER2",1,"turquoise"
"DNMT1",1,"turquoise"
"WIPF2",1,"turquoise"
"SMARCD2",0,"grey"
"BRIP1",1,"turquoise"
"ZNF283",1,"turquoise"
"PLXDC2",1,"turquoise"
"SBF2",8,"pink"
"ZNF699",1,"turquoise"
"GOLM2",2,"blue"
"SLC7A5",0,"grey"
"NFIB",0,"grey"
"CAPRIN1",0,"grey"
"ETFDH",0,"grey"
"ATRAID",4,"yellow"
"ZNF23",5,"green"
"SLC15A1",1,"turquoise"
"LIFR",4,"yellow"
"ZC3H12D",1,"turquoise"
"KCNAB2",11,"greenyellow"
"EIF4A1",4,"yellow"
"MXI1",9,"magenta"
"SPTLC2",2,"blue"
"TTC28",1,"turquoise"
"MAGI2",1,"turquoise"
"EXPH5",1,"turquoise"
"MAP3K2",2,"blue"
"ANKRD13C",0,"grey"
"KMT5B",2,"blue"
"CLINT1",3,"brown"
"LEPROTL1",1,"turquoise"
"POLE2",0,"grey"
"NIN",2,"blue"
"MCM9",0,"grey"
"CNTRL",0,"grey"
"HSPA5",2,"blue"
"ALDH8A1",0,"grey"
"RALA",4,"yellow"
"MGME1",0,"grey"
"DNAI4",0,"grey"
"GNPTAB",1,"turquoise"
"SASH3",0,"grey"
"ARL14EP",0,"grey"
"RPA1",3,"brown"
"PLEKHM1",0,"grey"
"FNDC3A",2,"blue"
"MICB",0,"grey"
"IAH1",0,"grey"
"UBE2E1",4,"yellow"
"SLC30A10",1,"turquoise"
"MICAL2",9,"magenta"
"PPIF",0,"grey"
"MTRF1L",3,"brown"
"ATP8A1",3,"brown"
"CSAD",1,"turquoise"
"ABAT",6,"red"
"RBM47",2,"blue"
"JARID2",3,"brown"
"ATPAF1",0,"grey"
"TMEM164",3,"brown"
"CTSL",0,"grey"
"NEXN",3,"brown"
"MACROH2A1",0,"grey"
"PAFAH1B2",0,"grey"
"UBAP2L",0,"grey"
"SLF2",0,"grey"
"MOB1A",3,"brown"
"GTDC1",1,"turquoise"
"CD81",6,"red"
"SLC30A6",1,"turquoise"
"OR5A1",1,"turquoise"
"SH2B3",0,"grey"
"TMCO1",0,"grey"
"TOGARAM1",0,"grey"
"AP3D1",0,"grey"
"RPL27A",0,"grey"
"NIPAL3",0,"grey"
"SLFN13",0,"grey"
"CCDC169",8,"pink"
"SLC36A2",1,"turquoise"
"DDX54",0,"grey"
"JPT2",0,"grey"
"AP3S1",0,"grey"
"MED28",1,"turquoise"
"HYKK",1,"turquoise"
"PTPRA",3,"brown"
"RIPOR3",0,"grey"
"GOLIM4",0,"grey"
"INMT",1,"turquoise"
"ADSL",1,"turquoise"
"HSF1",0,"grey"
"LAS1L",0,"grey"
"DR1",3,"brown"
"BAP1",0,"grey"
"TMEM161A",5,"green"
"JMJD1C",2,"blue"
"NFKBIB",1,"turquoise"
"USF1",0,"grey"
"PRRC2A",0,"grey"
"AAGAB",0,"grey"
"PA2G4",0,"grey"
"MFSD12",0,"grey"
"SARS1",0,"grey"
"RILP",0,"grey"
"ST6GALNAC6",0,"grey"
"NMI",0,"grey"
"ZNF100",0,"grey"
"RPL23",4,"yellow"
"CLVS1",1,"turquoise"
"SDHC",4,"yellow"
"ATF6",1,"turquoise"
"GBF1",0,"grey"
"ITIH1",6,"red"
"EIF2AK1",3,"brown"
"SPATA5",1,"turquoise"
"GGNBP2",0,"grey"
"BRWD3",2,"blue"
"PRPF38A",1,"turquoise"
"REL",2,"blue"
"EWSR1",0,"grey"
"OXNAD1",0,"grey"
"PDCD11",0,"grey"
"PCDHB1",1,"turquoise"
"LLPH",1,"turquoise"
"KLC1",1,"turquoise"
"MLEC",6,"red"
"NT5C2",1,"turquoise"
"TBC1D10B",0,"grey"
"EFCAB2",1,"turquoise"
"AKAP13",2,"blue"
"FLG",0,"grey"
"C6orf132",1,"turquoise"
"RAD51D",1,"turquoise"
"KIAA2013",0,"grey"
"HMMR",6,"red"
"CUL2",0,"grey"
"DENND4C",3,"brown"
"PKM",3,"brown"
"ARHGDIA",0,"grey"
"NCMAP",1,"turquoise"
"LAPTM5",2,"blue"
"NOLC1",0,"grey"
"IARS2",0,"grey"
"QSOX1",1,"turquoise"
"SCAMP2",0,"grey"
"FBXO48",1,"turquoise"
"KRT10",0,"grey"
"CCT5",0,"grey"
"PAPLN",1,"turquoise"
"ARF3",3,"brown"
"RAB27A",0,"grey"
"EFCAB13",17,"grey60"
"CNP",0,"grey"
"RALGAPA1",0,"grey"
"SSX2IP",3,"brown"
"ARL15",3,"brown"
"LPCAT3",1,"turquoise"
"ABLIM3",3,"brown"
"C2orf42",0,"grey"
"PSMC3",0,"grey"
"SPATA33",1,"turquoise"
"CERS2",3,"brown"
"SIGLEC11",14,"cyan"
"BRF2",5,"green"
"BLOC1S6",3,"brown"
"BCL11A",1,"turquoise"
"CLUAP1",1,"turquoise"
"ZNF330",0,"grey"
"PLAC8",1,"turquoise"
"BECN1",0,"grey"
"GMPS",1,"turquoise"
"LGALS8",0,"grey"
"FKBP9",1,"turquoise"
"PTK6",14,"cyan"
"ALDOB",6,"red"
"SYNPO",4,"yellow"
"SNRNP40",0,"grey"
"DCTN5",0,"grey"
"PSME3",0,"grey"
"PHF10",0,"grey"
"DBR1",1,"turquoise"
"HGSNAT",0,"grey"
"GATAD2B",2,"blue"
"RTF2",0,"grey"
"XIRP2",0,"grey"
"SLC14A1",9,"magenta"
"ZSCAN22",1,"turquoise"
"UAP1",0,"grey"
"KCNJ15",2,"blue"
"DHODH",1,"turquoise"
"RPS14",4,"yellow"
"APBB1IP",2,"blue"
"CXCL16",1,"turquoise"
"STRN",2,"blue"
"SULT1B1",1,"turquoise"
"ZNF845",1,"turquoise"
"HEATR3",1,"turquoise"
"APOL3",4,"yellow"
"FLNA",3,"brown"
"IL2RB",0,"grey"
"SLCO4C1",2,"blue"
"LRPAP1",1,"turquoise"
"RAB5IF",2,"blue"
"POC1B",3,"brown"
"FKBP1A",3,"brown"
"NDUFS7",0,"grey"
"ZNF562",1,"turquoise"
"MAT2A",0,"grey"
"KLRD1",1,"turquoise"
"TRIM8",0,"grey"
"NDRG3",1,"turquoise"
"RNF6",0,"grey"
"SLC10A3",3,"brown"
"VAV1",0,"grey"
"ZNF383",1,"turquoise"
"WDR93",1,"turquoise"
"PDGFC",3,"brown"
"PEPD",6,"red"
"RPS6KA3",2,"blue"
"PHF21A",2,"blue"
"PNPLA2",9,"magenta"
"CNST",3,"brown"
"EAF2",0,"grey"
"VPS13B",2,"blue"
"PSMB9",0,"grey"
"HCLS1",2,"blue"
"GOLGA8B",11,"greenyellow"
"GPLD1",0,"grey"
"RAB8A",3,"brown"
"PCIF1",0,"grey"
"PIK3IP1",11,"greenyellow"
"SNRPD2",4,"yellow"
"CTSC",1,"turquoise"
"hsa-miR-576-3p",10,"purple"
"hsa-miR-140-5p",16,"lightcyan"
"hsa-miR-522-5p",12,"tan"
"hsa-miR-133a-3p",0,"grey"
"hsa-miR-1250-5p",10,"purple"
"hsa-miR-374b-3p",7,"black"
"hsa-miR-515-5p",12,"tan"
"hsa-miR-103a-2-5p",16,"lightcyan"
"hsa-miR-1306-5p",0,"grey"
"hsa-miR-23a-3p",12,"tan"
"hsa-miR-675-3p",12,"tan"
"hsa-miR-2110",10,"purple"
"hsa-miR-483-3p",0,"grey"
"hsa-miR-4659a-3p",16,"lightcyan"
"hsa-miR-146a-5p",17,"grey60"
"hsa-miR-425-3p",10,"purple"
"hsa-let-7a-3p",7,"black"
"hsa-miR-10527-5p",0,"grey"
"hsa-miR-532-3p",10,"purple"
"hsa-miR-101-5p",0,"grey"
"hsa-miR-1306-3p",10,"purple"
"hsa-miR-579-5p",10,"purple"
"hsa-miR-320c",10,"purple"
"hsa-miR-424-3p",10,"purple"
"hsa-miR-486-3p",0,"grey"
"hsa-miR-766-3p",0,"grey"
"hsa-miR-487b-3p",7,"black"
"hsa-miR-11400",3,"brown"
"hsa-miR-885-5p",6,"red"
"hsa-miR-191-3p",0,"grey"
"hsa-miR-20a-3p",7,"black"
"hsa-miR-32-5p",7,"black"
"hsa-miR-574-3p",0,"grey"
"hsa-miR-4326",0,"grey"
"hsa-let-7b-5p",0,"grey"
"hsa-miR-30a-5p",7,"black"
"hsa-miR-136-3p",7,"black"
"hsa-miR-576-5p",7,"black"
"hsa-miR-151b",0,"grey"
"hsa-miR-96-5p",16,"lightcyan"
"hsa-miR-618",0,"grey"
"hsa-miR-1228-3p",10,"purple"
"hsa-miR-106a-3p",7,"black"
"hsa-miR-4685-3p",10,"purple"
"hsa-miR-511-3p",7,"black"
"hsa-miR-4286",10,"purple"
"hsa-miR-641",7,"black"
"hsa-miR-30a-3p",0,"grey"
"hsa-miR-525-5p",12,"tan"
"hsa-miR-20b-5p",16,"lightcyan"
"hsa-miR-1260a",10,"purple"
"hsa-miR-92a-1-5p",10,"purple"
"hsa-miR-548h-3p",0,"grey"
"hsa-miR-183-3p",16,"lightcyan"
"hsa-miR-378f",10,"purple"
"hsa-miR-106b-5p",16,"lightcyan"
"hsa-miR-379-5p",7,"black"
"hsa-let-7g-5p",7,"black"
"hsa-miR-519e-5p",12,"tan"
"hsa-miR-106a-5p",16,"lightcyan"
"hsa-miR-214-5p",0,"grey"
"hsa-miR-328-3p",10,"purple"
"hsa-miR-3912-3p",7,"black"
"hsa-miR-526a-5p",12,"tan"
"hsa-miR-378i",10,"purple"
"hsa-miR-375-3p",6,"red"
"hsa-miR-518a-5p",12,"tan"
"hsa-miR-3615",10,"purple"
"hsa-miR-4521",0,"grey"
"hsa-miR-33a-5p",7,"black"
"hsa-miR-1287-5p",10,"purple"
"hsa-miR-154-5p",7,"black"
"hsa-miR-1226-3p",0,"grey"
"hsa-miR-127-3p",10,"purple"
"hsa-miR-23b-3p",12,"tan"
"hsa-miR-3613-5p",7,"black"
"hsa-miR-3614-5p",10,"purple"
"hsa-miR-98-3p",7,"black"
"hsa-miR-1843",0,"grey"
"hsa-miR-518f-3p",12,"tan"
"hsa-miR-126-5p",7,"black"
"hsa-miR-139-3p",10,"purple"
"hsa-miR-376c-3p",0,"grey"
"hsa-miR-30b-5p",7,"black"
"hsa-miR-3684",7,"black"
"hsa-miR-330-5p",11,"greenyellow"
"hsa-miR-139-5p",12,"tan"
"hsa-miR-941",0,"grey"
"hsa-miR-340-3p",7,"black"
"hsa-miR-126-3p",7,"black"
"hsa-miR-451a",16,"lightcyan"
"hsa-miR-103a-3p",7,"black"
"hsa-let-7i-3p",0,"grey"
"hsa-miR-199b-5p",7,"black"
"hsa-miR-518e-3p",12,"tan"
"hsa-miR-527",12,"tan"
"hsa-miR-450a-1-3p",0,"grey"
"hsa-miR-224-5p",10,"purple"
"hsa-miR-144-3p",7,"black"
"hsa-miR-520h",12,"tan"
"hsa-miR-499a-5p",7,"black"
"hsa-miR-374a-3p",7,"black"
"hsa-miR-141-3p",12,"tan"
"hsa-miR-339-5p",10,"purple"
"hsa-miR-186-5p",16,"lightcyan"
"hsa-miR-486-5p",10,"purple"
"hsa-miR-548j-5p",7,"black"
"hsa-miR-548ay-5p",7,"black"
"hsa-miR-218-5p",7,"black"
"hsa-miR-376c-5p",7,"black"
"hsa-miR-93-5p",16,"lightcyan"
"hsa-miR-548k",7,"black"
"hsa-miR-518f-5p",12,"tan"
"hsa-miR-4772-3p",0,"grey"
"hsa-miR-1304-3p",0,"grey"
"hsa-miR-652-5p",10,"purple"
"hsa-miR-556-3p",7,"black"
"hsa-miR-548o-5p",7,"black"
"hsa-miR-423-5p",10,"purple"
"hsa-miR-200a-3p",12,"tan"
"hsa-miR-515-3p",12,"tan"
"hsa-miR-410-3p",7,"black"
"hsa-miR-365b-3p",6,"red"
"hsa-miR-4317",4,"yellow"
"hsa-miR-155-5p",7,"black"
"hsa-let-7d-3p",0,"grey"
"hsa-miR-498-5p",12,"tan"
"hsa-miR-500a-3p",0,"grey"
"hsa-miR-22-3p",10,"purple"
"hsa-miR-411-5p",7,"black"
"hsa-miR-365a-3p",6,"red"
"hsa-miR-744-3p",0,"grey"
"hsa-miR-502-3p",0,"grey"
"hsa-miR-500b-5p",0,"grey"
"hsa-miR-192-3p",7,"black"
"hsa-miR-517a-3p",12,"tan"
"hsa-miR-222-5p",10,"purple"
"hsa-miR-589-5p",10,"purple"
"hsa-miR-517b-3p",12,"tan"
"hsa-miR-181c-3p",0,"grey"
"hsa-miR-181a-2-3p",10,"purple"
"hsa-miR-4732-3p",10,"purple"
"hsa-miR-517-5p",12,"tan"
"hsa-miR-18b-5p",16,"lightcyan"
"hsa-miR-18a-5p",16,"lightcyan"
"hsa-miR-7-1-3p",16,"lightcyan"
"hsa-miR-374a-5p",7,"black"
"hsa-miR-6513-3p",16,"lightcyan"
"hsa-miR-28-3p",0,"grey"
"hsa-miR-3611",8,"pink"
"hsa-miR-10a-5p",12,"tan"
"hsa-miR-29b-2-5p",10,"purple"
"hsa-miR-4325",10,"purple"
"hsa-miR-101-3p",7,"black"
"hsa-miR-193b-3p",6,"red"
"hsa-miR-589-3p",7,"black"
"hsa-miR-24-3p",12,"tan"
"hsa-miR-598-3p",16,"lightcyan"
"hsa-miR-548an",0,"grey"
"hsa-miR-625-3p",7,"black"
"hsa-miR-138-5p",0,"grey"
"hsa-miR-548n",7,"black"
"hsa-let-7e-3p",12,"tan"
"hsa-miR-548c-5p",7,"black"
"hsa-miR-128-1-5p",0,"grey"
"hsa-miR-15b-3p",16,"lightcyan"
"hsa-miR-664b-3p",7,"black"
"hsa-miR-181b-5p",7,"black"
"hsa-miR-196b-5p",16,"lightcyan"
"hsa-miR-3909",0,"grey"
"hsa-miR-624-5p",16,"lightcyan"
"hsa-miR-548ap-5p",7,"black"
"hsa-miR-550a-5p",16,"lightcyan"
"hsa-miR-215-3p",7,"black"
"hsa-miR-519a-2-5p",12,"tan"
"hsa-miR-516a-5p",10,"purple"
"hsa-miR-29b-3p",16,"lightcyan"
"hsa-miR-4433b-5p",10,"purple"
"hsa-miR-4659b-3p",16,"lightcyan"
"hsa-miR-6513-5p",16,"lightcyan"
"hsa-miR-431-5p",0,"grey"
"hsa-miR-548ar-5p",7,"black"
"hsa-miR-200b-3p",7,"black"
"hsa-miR-421",7,"black"
"hsa-miR-378g",10,"purple"
"hsa-miR-151a-5p",17,"grey60"
"hsa-miR-29a-5p",0,"grey"
"hsa-miR-521",12,"tan"
"hsa-miR-590-5p",7,"black"
"hsa-miR-148a-3p",7,"black"
"hsa-miR-324-3p",10,"purple"
"hsa-miR-484",10,"purple"
"hsa-miR-124-3p",0,"grey"
"hsa-miR-320d",10,"purple"
"hsa-miR-526b-5p",12,"tan"
"hsa-miR-95-3p",7,"black"
"hsa-miR-222-3p",12,"tan"
"hsa-miR-1297",7,"black"
"hsa-miR-193a-3p",0,"grey"
"hsa-miR-1277-3p",7,"black"
"hsa-miR-30e-3p",16,"lightcyan"
"hsa-miR-149-5p",12,"tan"
"hsa-miR-221-3p",17,"grey60"
"hsa-miR-520f-5p",12,"tan"
"hsa-miR-652-3p",0,"grey"
"hsa-miR-2115-5p",0,"grey"
"hsa-miR-4662a-5p",7,"black"
"hsa-miR-212-3p",0,"grey"
"hsa-miR-3913-5p",0,"grey"
"hsa-miR-520b-5p",12,"tan"
"hsa-miR-452-5p",12,"tan"
"hsa-miR-642a-5p",0,"grey"
"hsa-miR-520c-5p",12,"tan"
"hsa-miR-137-3p",7,"black"
"hsa-miR-548b-3p",6,"red"
"hsa-miR-11401",0,"grey"
"hsa-miR-4781-3p",0,"grey"
"hsa-miR-99b-5p",12,"tan"
"hsa-miR-548au-5p",7,"black"
"hsa-let-7f-2-3p",7,"black"
"hsa-miR-215-5p",0,"grey"
"hsa-miR-5684",10,"purple"
"hsa-miR-150-5p",10,"purple"
"hsa-miR-361-3p",0,"grey"
"hsa-miR-345-5p",10,"purple"
"hsa-miR-199a-3p",7,"black"
"hsa-miR-30d-3p",0,"grey"
"hsa-miR-1307-5p",10,"purple"
"hsa-miR-4500",7,"black"
"hsa-miR-6764-5p",0,"grey"
"hsa-miR-34a-5p",7,"black"
"hsa-miR-335-5p",7,"black"
"hsa-miR-26a-5p",7,"black"
"hsa-miR-99b-3p",12,"tan"
"hsa-miR-190a-5p",7,"black"
"hsa-let-7a-5p",7,"black"
"hsa-miR-7-5p",16,"lightcyan"
"hsa-miR-3136-5p",7,"black"
"hsa-miR-629-3p",0,"grey"
"hsa-miR-518d-3p",12,"tan"
"hsa-miR-874-3p",10,"purple"
"hsa-miR-331-3p",0,"grey"
"hsa-miR-187-3p",0,"grey"
"hsa-miR-4433b-3p",10,"purple"
"hsa-miR-579-3p",7,"black"
"hsa-miR-382-5p",17,"grey60"
"hsa-miR-5010-3p",16,"lightcyan"
"hsa-miR-188-5p",0,"grey"
"hsa-miR-409-3p",17,"grey60"
"hsa-miR-204-5p",0,"grey"
"hsa-miR-1249-3p",10,"purple"
"hsa-miR-183-5p",0,"grey"
"hsa-miR-501-3p",10,"purple"
"hsa-miR-21-5p",7,"black"
"hsa-miR-346",0,"grey"
"hsa-miR-197-3p",0,"grey"
"hsa-miR-5582-3p",7,"black"
"hsa-miR-145-5p",10,"purple"
"hsa-miR-210-3p",10,"purple"
"hsa-miR-30d-5p",7,"black"
"hsa-miR-548av-5p",7,"black"
"hsa-miR-518d-5p",12,"tan"
"hsa-miR-518a-3p",12,"tan"
"hsa-miR-17-5p",16,"lightcyan"
"hsa-miR-3200-5p",0,"grey"
"hsa-miR-92b-3p",14,"cyan"
"hsa-miR-3187-3p",10,"purple"
"hsa-miR-4732-5p",0,"grey"
"hsa-miR-193a-5p",10,"purple"
"hsa-miR-19b-1-5p",0,"grey"
"hsa-miR-500a-5p",16,"lightcyan"
"hsa-miR-3605-3p",0,"grey"
"hsa-miR-34a-3p",7,"black"
"hsa-miR-202-5p",7,"black"
"hsa-miR-378d",10,"purple"
"hsa-miR-548b-5p",7,"black"
"hsa-miR-518e-5p",12,"tan"
"hsa-miR-205-5p",10,"purple"
"hsa-miR-627-5p",10,"purple"
"hsa-miR-3173-5p",0,"grey"
"hsa-miR-223-3p",7,"black"
"hsa-miR-142-5p",7,"black"
"hsa-miR-6803-3p",10,"purple"
"hsa-miR-6511a-3p",0,"grey"
"hsa-miR-10a-3p",7,"black"
"hsa-miR-1-3p",7,"black"
"hsa-let-7b-3p",0,"grey"
"hsa-miR-10399-3p",11,"greenyellow"
"hsa-let-7g-3p",7,"black"
"hsa-miR-769-5p",10,"purple"
"hsa-miR-19a-3p",7,"black"
"hsa-miR-342-3p",12,"tan"
"hsa-miR-584-5p",0,"grey"
"hsa-miR-542-5p",16,"lightcyan"
"hsa-miR-19b-3p",16,"lightcyan"
"hsa-miR-675-5p",10,"purple"
"hsa-miR-199a-5p",17,"grey60"
"hsa-miR-548ad-5p",7,"black"
"hsa-miR-339-3p",0,"grey"
"hsa-miR-1246",10,"purple"
"hsa-miR-582-5p",0,"grey"
"hsa-miR-766-5p",0,"grey"
"hsa-miR-548ae-5p",7,"black"
"hsa-miR-200c-3p",12,"tan"
"hsa-miR-17-3p",10,"purple"
"hsa-miR-3200-3p",0,"grey"
"hsa-miR-320e",10,"purple"
"hsa-miR-548d-3p",16,"lightcyan"
"hsa-miR-548az-5p",0,"grey"
"hsa-miR-1307-3p",10,"purple"
"hsa-miR-376a-3p",17,"grey60"
"hsa-miR-6859-3p",0,"grey"
"hsa-miR-125b-2-3p",6,"red"
"hsa-miR-548am-5p",7,"black"
"hsa-miR-323b-3p",0,"grey"
"hsa-miR-223-5p",7,"black"
"hsa-miR-518b",12,"tan"
"hsa-miR-26b-5p",7,"black"
"hsa-miR-660-3p",0,"grey"
"hsa-miR-628-3p",7,"black"
"hsa-miR-532-5p",16,"lightcyan"
"hsa-miR-296-5p",0,"grey"
"hsa-miR-378a-5p",10,"purple"
"hsa-miR-20a-5p",16,"lightcyan"
"hsa-miR-21-3p",0,"grey"
"hsa-miR-2355-3p",0,"grey"
"hsa-miR-148b-3p",7,"black"
"hsa-miR-590-3p",7,"black"
"hsa-miR-100-5p",0,"grey"
"hsa-miR-320a-3p",10,"purple"
"hsa-miR-511-5p",0,"grey"
"hsa-miR-301a-3p",16,"lightcyan"
"hsa-miR-152-3p",7,"black"
"hsa-miR-361-5p",7,"black"
"hsa-miR-23c",12,"tan"
"hsa-miR-517c-3p",12,"tan"
"hsa-miR-1323",12,"tan"
"hsa-let-7i-5p",7,"black"
"hsa-miR-4802-5p",7,"black"
"hsa-miR-654-3p",0,"grey"
"hsa-miR-429",7,"black"
"hsa-miR-584-3p",16,"lightcyan"
"hsa-miR-548d-5p",7,"black"
"hsa-miR-324-5p",16,"lightcyan"
"hsa-miR-1294",0,"grey"
"hsa-miR-3157-5p",16,"lightcyan"
"hsa-miR-122-3p",6,"red"
"hsa-miR-1270",0,"grey"
"hsa-miR-143-3p",16,"lightcyan"
"hsa-miR-10b-5p",12,"tan"
"hsa-miR-7705",7,"black"
"hsa-miR-512-3p",12,"tan"
"hsa-miR-153-3p",7,"black"
"hsa-miR-4454",10,"purple"
"hsa-miR-423-3p",10,"purple"
"hsa-miR-331-5p",0,"grey"
"hsa-miR-376b-3p",17,"grey60"
"hsa-miR-651-5p",7,"black"
"hsa-miR-548e-5p",0,"grey"
"hsa-miR-362-3p",7,"black"
"hsa-miR-146b-5p",17,"grey60"
"hsa-miR-378a-3p",10,"purple"
"hsa-miR-133b",0,"grey"
"hsa-miR-15b-5p",7,"black"
"hsa-miR-548q",0,"grey"
"hsa-miR-128-3p",0,"grey"
"hsa-miR-3158-5p",0,"grey"
"hsa-miR-501-5p",10,"purple"
"hsa-miR-519a-5p",12,"tan"
"hsa-miR-145-3p",12,"tan"
"hsa-miR-548t-5p",0,"grey"
"hsa-miR-29c-3p",0,"grey"
"hsa-let-7f-5p",7,"black"
"hsa-let-7d-5p",0,"grey"
"hsa-miR-30e-5p",7,"black"
"hsa-miR-1271-5p",7,"black"
"hsa-miR-18a-3p",10,"purple"
"hsa-miR-369-5p",7,"black"
"hsa-miR-99a-3p",6,"red"
"hsa-miR-130b-5p",10,"purple"
"hsa-miR-487a-5p",3,"brown"
"hsa-miR-6726-3p",10,"purple"
"hsa-miR-485-5p",0,"grey"
"hsa-miR-9985",0,"grey"
"hsa-miR-144-5p",7,"black"
"hsa-miR-122-5p",6,"red"
"hsa-miR-1972",0,"grey"
"hsa-miR-340-5p",7,"black"
"hsa-miR-25-3p",16,"lightcyan"
"hsa-miR-3688-3p",10,"purple"
"hsa-miR-455-3p",6,"red"
"hsa-miR-425-5p",10,"purple"
"hsa-miR-181c-5p",7,"black"
"hsa-miR-338-3p",7,"black"
"hsa-miR-211-5p",0,"grey"
"hsa-miR-140-3p",16,"lightcyan"
"hsa-miR-6134",0,"grey"
"hsa-miR-625-5p",0,"grey"
"hsa-miR-369-3p",7,"black"
"hsa-miR-132-3p",0,"grey"
"hsa-miR-548h-5p",7,"black"
"hsa-miR-130a-3p",7,"black"
"hsa-miR-142-3p",7,"black"
"hsa-miR-520d-5p",12,"tan"
"hsa-miR-1537-3p",16,"lightcyan"
"hsa-miR-27a-3p",7,"black"
"hsa-miR-1285-5p",0,"grey"
"hsa-miR-33b-5p",0,"grey"
"hsa-miR-4306",0,"grey"
"hsa-miR-185-5p",16,"lightcyan"
"hsa-miR-450a-5p",0,"grey"
"hsa-miR-1290",10,"purple"
"hsa-miR-9-5p",7,"black"
"hsa-miR-378c",10,"purple"
"hsa-miR-125a-5p",12,"tan"
"hsa-miR-378e",10,"purple"
"hsa-miR-99a-5p",6,"red"
"hsa-miR-196a-5p",7,"black"
"hsa-miR-1247-5p",0,"grey"
"hsa-miR-3613-3p",10,"purple"
"hsa-miR-497-5p",12,"tan"
"hsa-miR-363-3p",16,"lightcyan"
"hsa-miR-629-5p",0,"grey"
"hsa-miR-181d-5p",7,"black"
"hsa-miR-22-5p",10,"purple"
"hsa-miR-18b-3p",10,"purple"
"hsa-miR-28-5p",0,"grey"
"hsa-miR-323a-3p",0,"grey"
"hsa-miR-182-5p",16,"lightcyan"
"hsa-miR-3143",7,"black"
"hsa-miR-4753-3p",16,"lightcyan"
"hsa-miR-132-5p",0,"grey"
"hsa-miR-147b-3p",10,"purple"
"hsa-miR-30c-5p",7,"black"
"hsa-miR-455-5p",6,"red"
"hsa-miR-1303",0,"grey"
"hsa-miR-376b-5p",7,"black"
"hsa-miR-653-3p",7,"black"
"hsa-miR-615-3p",10,"purple"
"hsa-miR-524-5p",12,"tan"
"hsa-miR-7977",10,"purple"
"hsa-miR-519d-3p",12,"tan"
"hsa-miR-5581-3p",0,"grey"
"hsa-miR-454-5p",7,"black"
"hsa-miR-92a-3p",0,"grey"
"hsa-miR-337-3p",7,"black"
"hsa-miR-548i",7,"black"
"hsa-miR-660-5p",0,"grey"
"hsa-miR-520a-5p",12,"tan"
"hsa-miR-151a-3p",0,"grey"
"hsa-miR-12136",10,"purple"
"hsa-miR-26b-3p",0,"grey"
"hsa-miR-1468-5p",6,"red"
"hsa-miR-523-5p",12,"tan"
"hsa-miR-106b-3p",16,"lightcyan"
"hsa-miR-4324",0,"grey"
"hsa-miR-942-5p",16,"lightcyan"
"hsa-miR-5001-3p",0,"grey"
"hsa-miR-98-5p",7,"black"
"hsa-miR-29a-3p",0,"grey"
"hsa-miR-362-5p",16,"lightcyan"
"hsa-miR-505-3p",10,"purple"
"hsa-miR-15a-5p",7,"black"
"hsa-miR-432-5p",3,"brown"
"hsa-miR-1180-3p",10,"purple"
"hsa-miR-664a-3p",7,"black"
"hsa-miR-503-5p",7,"black"
"hsa-miR-1233-3p",10,"purple"
"hsa-miR-1260b",10,"purple"
"hsa-miR-29c-5p",10,"purple"
"hsa-miR-374b-5p",7,"black"
"hsa-miR-548w",7,"black"
"hsa-miR-561-5p",7,"black"
"hsa-miR-23b-5p",0,"grey"
"hsa-miR-125b-5p",0,"grey"
"hsa-miR-519d-5p",12,"tan"
"hsa-miR-516b-5p",12,"tan"
"hsa-miR-671-3p",0,"grey"
"hsa-miR-93-3p",16,"lightcyan"
"hsa-miR-195-5p",7,"black"
"hsa-miR-450b-5p",7,"black"
"hsa-miR-299-3p",0,"grey"
"hsa-miR-636",0,"grey"
"hsa-miR-424-5p",7,"black"
"hsa-miR-194-5p",7,"black"
"hsa-miR-190b-5p",7,"black"
"hsa-miR-3609",11,"greenyellow"
"hsa-miR-7976",0,"grey"
"hsa-miR-619-5p",1,"turquoise"
"hsa-miR-550a-3p",10,"purple"
"hsa-let-7e-5p",7,"black"
"hsa-let-7f-1-3p",7,"black"
"hsa-miR-1910-5p",0,"grey"
"hsa-miR-548ab",7,"black"
"hsa-miR-181a-3p",0,"grey"
"hsa-miR-16-2-3p",16,"lightcyan"
"hsa-miR-181a-5p",7,"black"
"hsa-miR-5695",11,"greenyellow"
"hsa-miR-374c-3p",7,"black"
"hsa-miR-320b",10,"purple"
"hsa-miR-192-5p",6,"red"
"hsa-miR-548l",7,"black"
"hsa-miR-1283",12,"tan"
"hsa-miR-130b-3p",0,"grey"
"hsa-miR-548z",0,"grey"
"hsa-let-7c-5p",0,"grey"
"hsa-miR-203a-3p",7,"black"
"hsa-miR-377-3p",7,"black"
"hsa-miR-374c-5p",4,"yellow"
"hsa-miR-199b-3p",7,"black"
"hsa-miR-454-3p",7,"black"
"hsa-miR-107",7,"black"
"hsa-miR-518c-3p",12,"tan"
"hsa-miR-3940-3p",10,"purple"
"hsa-miR-519b-5p",12,"tan"
"hsa-miR-889-3p",7,"black"
"hsa-miR-15a-3p",16,"lightcyan"
"hsa-miR-574-5p",10,"purple"
"hsa-miR-33a-3p",16,"lightcyan"
"hsa-miR-519c-5p",12,"tan"
"hsa-miR-27b-3p",7,"black"
"hsa-miR-326",10,"purple"
"hsa-miR-24-2-5p",0,"grey"
"hsa-miR-16-5p",7,"black"
"hsa-miR-4785",10,"purple"
"hsa-miR-7706",0,"grey"
"hsa-miR-512-5p",12,"tan"
"hsa-miR-1976",10,"purple"
"hsa-miR-191-5p",10,"purple"
"TRAF3IP2-AS1",1,"turquoise"
"ENSG00000228150",1,"turquoise"
"ENSG00000279721",1,"turquoise"
"ENSG00000286035",1,"turquoise"
"ENSG00000260249",1,"turquoise"
"NIFK-AS1",1,"turquoise"
"LINC00683",1,"turquoise"
"ENSG00000258081",1,"turquoise"
"ENSG00000279278",1,"turquoise"
"ENSG00000286827",1,"turquoise"
"ENSG00000280384",1,"turquoise"
"PCAT19",0,"grey"
"TMC3-AS1",0,"grey"
"LINC01247",1,"turquoise"
"ENSG00000285331",1,"turquoise"
"ANAPC1P2",0,"grey"
"ENSG00000286724",1,"turquoise"
"ENSG00000286067",1,"turquoise"
"HNF1A-AS1",1,"turquoise"
"LINC01620",1,"turquoise"
"LINC02669",1,"turquoise"
"LINC01782",1,"turquoise"
"LINC01441",1,"turquoise"
"ENSG00000213963",1,"turquoise"
"ENSG00000284722",1,"turquoise"
"ENSG00000282885",18,"lightgreen"
"ENSG00000267686",1,"turquoise"
"PELATON",2,"blue"
"ENSG00000267520",1,"turquoise"
"LINC02724",1,"turquoise"
"ENSG00000272473",1,"turquoise"
"ENSG00000279462",1,"turquoise"
"ENSG00000286104",0,"grey"
"ENSG00000248837",1,"turquoise"
"RALY-AS1",1,"turquoise"
"RUNDC3A-AS1",18,"lightgreen"
"ENSG00000288908",1,"turquoise"
"DNAH17-AS1",1,"turquoise"
"ENSG00000271992",1,"turquoise"
"LETR1",0,"grey"
"ENSG00000247903",1,"turquoise"
"ENSG00000228392",1,"turquoise"
"ENSG00000226782",1,"turquoise"
"PPM1B-DT",15,"midnightblue"
"WARS2-AS1",1,"turquoise"
"HRAT17",8,"pink"
"ENSG00000260035",18,"lightgreen"
"PPP1R3B-DT",1,"turquoise"
"MSANTD2-AS1",1,"turquoise"
"TTTY14",1,"turquoise"
"ENSG00000233538",1,"turquoise"
"ENSG00000228401",1,"turquoise"
"ENSG00000286044",1,"turquoise"
"ATP8B1-AS1",0,"grey"
"ENSG00000235872",13,"salmon"
"BASP1-AS1",1,"turquoise"
"ENSG00000272970",19,"lightyellow"
"LINC02964",1,"turquoise"
"ENSG00000232807",15,"midnightblue"
"ENSG00000203266",1,"turquoise"
"RPAP3-DT",8,"pink"
"ENSG00000226954",1,"turquoise"
"ENSG00000267284",5,"green"
"ENSG00000239572",1,"turquoise"
"ENSG00000226239",1,"turquoise"
"LINC02614",1,"turquoise"
"ENSG00000225807",1,"turquoise"
"ENSG00000236540",1,"turquoise"
"ENSG00000289546",3,"brown"
"LINC01206",1,"turquoise"
"LINC00868",1,"turquoise"
"LINC01907",1,"turquoise"
"LINC02977",1,"turquoise"
"LINC02754",1,"turquoise"
"HOTAIRM1",13,"salmon"
"LEMD1-AS1",1,"turquoise"
"ENSG00000259793",1,"turquoise"
"ENSG00000287413",1,"turquoise"
"ENSG00000286329",1,"turquoise"
"CYP2U1-AS1",1,"turquoise"
"ENSG00000255197",0,"grey"
"ANXA2R-OT1",1,"turquoise"
"ENSG00000286389",1,"turquoise"
"ENSG00000280429",1,"turquoise"
"ENSG00000231881",14,"cyan"
"EFHD2-AS1",1,"turquoise"
"MAGI2-AS3",1,"turquoise"
"TFAP2A-AS1",8,"pink"
"HEXD-IT1",1,"turquoise"
"LINC02156",1,"turquoise"
"ENSG00000286923",1,"turquoise"
"ENSG00000265737",1,"turquoise"
"STAG1-DT",1,"turquoise"
"ENSG00000253475",1,"turquoise"
"ENSG00000265948",0,"grey"
"ENSG00000287562",1,"turquoise"
"ENSG00000229491",1,"turquoise"
"ENSG00000279815",15,"midnightblue"
"HM13-IT1",19,"lightyellow"
"GSEC",0,"grey"
"GSK3B-DT",1,"turquoise"
"ENSG00000284708",1,"turquoise"
"ENSG00000288745",1,"turquoise"
"ENSG00000287109",1,"turquoise"
"LINC00320",0,"grey"
"LINC02268",1,"turquoise"
"ENSG00000260271",5,"green"
"ENSG00000287309",1,"turquoise"
"ENSG00000283638",0,"grey"
"ENSG00000284747",1,"turquoise"
"SLC30A6-DT",1,"turquoise"
"SNHG15",0,"grey"
"ENSG00000260235",1,"turquoise"
"SLX1B-SULT1A4",1,"turquoise"
"ENSG00000285698",5,"green"
"MFF-DT",1,"turquoise"
"LL22NC03-63E9.3",1,"turquoise"
"CFAP95-DT",1,"turquoise"
"ENSG00000287825",1,"turquoise"
"LINC01102",1,"turquoise"
"MIF4GD-DT",1,"turquoise"
"ENSG00000289236",1,"turquoise"
"ENSG00000288105",1,"turquoise"
"ENSG00000248912",8,"pink"
"ENSG00000203279",1,"turquoise"
"LINC00685",18,"lightgreen"
"SCN1A-AS1",1,"turquoise"
"ENSG00000259402",1,"turquoise"
"ENSG00000254951",1,"turquoise"
"VSIG10L-AS1",0,"grey"
"PSMG3-AS1",0,"grey"
"HCG18",1,"turquoise"
"LINC02419",1,"turquoise"
"TRIM52-AS1",1,"turquoise"
"ENSG00000260037",19,"lightyellow"
"ENSG00000264701",1,"turquoise"
"ENSG00000234484",1,"turquoise"
"MSRB3-AS1",1,"turquoise"
"ENSG00000285974",1,"turquoise"
"ZNF236-DT",1,"turquoise"
"RCCD1-AS1",1,"turquoise"
"ENSG00000227885",1,"turquoise"
"TRIM7-AS1",19,"lightyellow"
"ENSG00000289523",1,"turquoise"
"ENSG00000280304",15,"midnightblue"
"ENSG00000258162",1,"turquoise"
"LINC02580",1,"turquoise"
"PRANCR",1,"turquoise"
"ANKRD42-DT",1,"turquoise"
"TMEM78",1,"turquoise"
"ENSG00000287287",1,"turquoise"
"ENSG00000227706",1,"turquoise"
"SNHG22",11,"greenyellow"
"LINC01192",1,"turquoise"
"ENSG00000224675",1,"turquoise"
"ENSG00000234714",1,"turquoise"
"SLCO4A1-AS2",8,"pink"
"SEC24B-AS1",1,"turquoise"
"RNASEH1-DT",1,"turquoise"
"ENSG00000287679",1,"turquoise"
"ENSG00000286274",1,"turquoise"
"ENSG00000249604",1,"turquoise"
"ENSG00000197670",1,"turquoise"
"PTPRD-DT",1,"turquoise"
"ENSG00000272563",0,"grey"
"ENSG00000268362",1,"turquoise"
"ENSG00000288792",1,"turquoise"
"ENSG00000286561",14,"cyan"
"ENSG00000233987",1,"turquoise"
"VIPR1-AS1",1,"turquoise"
"ENSG00000247121",1,"turquoise"
"ENSG00000203469",1,"turquoise"
"DLGAP1-AS3",1,"turquoise"
"THUMPD3-AS1",1,"turquoise"
"ENSG00000280614",1,"turquoise"
"RNASEH2B-AS1",1,"turquoise"
"ENSG00000283103",1,"turquoise"
"ENSG00000246465",1,"turquoise"
"ENSG00000288612",0,"grey"
"ENSG00000286020",1,"turquoise"
"ENSG00000289443",5,"green"
"SNHG29",4,"yellow"
"ENSG00000279608",1,"turquoise"
"ENSG00000233250",1,"turquoise"
"ENSG00000288595",1,"turquoise"
"LINC02348",0,"grey"
"ENSG00000286436",0,"grey"
"ENSG00000254186",1,"turquoise"
"KDM4A-AS1",1,"turquoise"
"ENSG00000261327",1,"turquoise"
"ENSG00000280023",1,"turquoise"
"ENSG00000261519",4,"yellow"
"LINC00355",1,"turquoise"
"ENSG00000228274",1,"turquoise"
"LINC02185",1,"turquoise"
"PCBP1-AS1",1,"turquoise"
"LINC01641",0,"grey"
"LINC02142",19,"lightyellow"
"LINC02935",0,"grey"
"SCARNA9",11,"greenyellow"
"DUXAP8",1,"turquoise"
"ENSG00000249429",0,"grey"
"ENSG00000240535",1,"turquoise"
"ENSG00000266340",1,"turquoise"
"LINC01203",1,"turquoise"
"ENSG00000255537",1,"turquoise"
"ENSG00000276308",1,"turquoise"
"ENSG00000233542",1,"turquoise"
"ENSG00000231140",0,"grey"
"ENSG00000270562",11,"greenyellow"
"ENSG00000232295",1,"turquoise"
"GSN-AS1",1,"turquoise"
"KTN1-AS1",1,"turquoise"
"ENSG00000279789",1,"turquoise"
"ENSG00000280244",0,"grey"
"ENSG00000286000",1,"turquoise"
"ENSG00000230100",0,"grey"
"ENSG00000263847",1,"turquoise"
"ENSG00000261592",19,"lightyellow"
"ENSG00000228862",1,"turquoise"
"ENSG00000259002",1,"turquoise"
"ENSG00000228107",1,"turquoise"
"ENSG00000237188",1,"turquoise"
"TOB1-AS1",1,"turquoise"
"ENSG00000287400",1,"turquoise"
"LINC02629",0,"grey"
"ENSG00000286084",1,"turquoise"
"ST20-AS1",0,"grey"
"ENSG00000279352",1,"turquoise"
"BBS7-DT",1,"turquoise"
"ENSG00000283907",0,"grey"
"ENSG00000228876",1,"turquoise"
"ENSG00000281091",1,"turquoise"
"ENSG00000228005",1,"turquoise"
"ENSG00000283352",4,"yellow"
"ENSG00000264116",14,"cyan"
"PWRN1",0,"grey"
"LAMTOR5-AS1",0,"grey"
"ENSG00000286155",1,"turquoise"
"ENSG00000253736",1,"turquoise"
"ENSG00000273618",1,"turquoise"
"ENSG00000287357",1,"turquoise"
"ZBTB11-AS1",1,"turquoise"
"LINC02327",1,"turquoise"
"GABPB1-IT1",0,"grey"
"ENSG00000289907",1,"turquoise"
"LINC01506",1,"turquoise"
"ENSG00000229672",1,"turquoise"
"ENSG00000280800",1,"turquoise"
"ENSG00000211683",0,"grey"
"ENSG00000236754",1,"turquoise"
"THBS4-AS1",1,"turquoise"
"ENSG00000214770",1,"turquoise"
"HLA-F-AS1",0,"grey"
"LYPLAL1-AS1",1,"turquoise"
"LINC01692",1,"turquoise"
"ENSG00000279494",1,"turquoise"
"POLG-DT",18,"lightgreen"
"LINC01511",0,"grey"
"ENSG00000269937",1,"turquoise"
"ENSG00000280117",1,"turquoise"
"CCNY-AS1",1,"turquoise"
"GATD1-DT",1,"turquoise"
"ENSG00000187904",1,"turquoise"
"ENSG00000234255",1,"turquoise"
"ENSG00000286669",1,"turquoise"
"ENSG00000230563",17,"grey60"
"ENSG00000287603",1,"turquoise"
"ENSG00000245667",1,"turquoise"
"CRTC3-AS1",8,"pink"
"ENSG00000224481",4,"yellow"
"LINC02710",1,"turquoise"
"ZNF529-AS1",0,"grey"
"CTNNA2-AS1",1,"turquoise"
"ENSG00000261829",0,"grey"
"ENSG00000278703",1,"turquoise"
"CD27-AS1",0,"grey"
"P4HA3-AS1",1,"turquoise"
"ENSG00000203402",1,"turquoise"
"EPB41L4A-AS1",0,"grey"
"ENSG00000287383",1,"turquoise"
"ENSG00000261799",0,"grey"
"ENSG00000224935",8,"pink"
"ENSG00000196566",1,"turquoise"
"NARF-AS2",1,"turquoise"
"LINC02595",1,"turquoise"
"ENSG00000261630",1,"turquoise"
"ZNF451-AS1",1,"turquoise"
"ENSG00000286470",1,"turquoise"
"LINC02694",0,"grey"
"LINC01702",1,"turquoise"
"ENSG00000286100",1,"turquoise"
"ENSG00000263494",19,"lightyellow"
"ENSG00000284685",1,"turquoise"
"TWSG1-DT",1,"turquoise"
"ENSG00000281181",1,"turquoise"
"LINC02021",1,"turquoise"
"FAM153CP",1,"turquoise"
"SRD5A3-AS1",1,"turquoise"
"ENSG00000272211",1,"turquoise"
"ENSG00000287299",1,"turquoise"
"LINC00926",1,"turquoise"
"ENSG00000286806",1,"turquoise"
"ENSG00000231876",0,"grey"
"ENSG00000226899",0,"grey"
"ENSG00000267205",1,"turquoise"
"ENSG00000280163",1,"turquoise"
"IRF1-AS1",0,"grey"
"AQP4-AS1",1,"turquoise"
"ENSG00000275799",0,"grey"
"LINC02878",1,"turquoise"
"ENSG00000233461",1,"turquoise"
"TEX26-AS1",8,"pink"
"ENSG00000260626",1,"turquoise"
"SNAI3-AS1",1,"turquoise"
"ENSG00000286248",1,"turquoise"
"ENSG00000285812",1,"turquoise"
"C21orf62-AS1",1,"turquoise"
"ENSG00000286401",1,"turquoise"
"LINC00501",1,"turquoise"
"MIR4307HG",1,"turquoise"
"PKN2-AS1",1,"turquoise"
"ENSG00000250038",0,"grey"
"BCL10-AS1",1,"turquoise"
"ENSG00000267834",1,"turquoise"
"SGO1-AS1",1,"turquoise"
"ENSG00000286355",1,"turquoise"
"ENSG00000257940",1,"turquoise"
"LINC02139",1,"turquoise"
"LINC02280",1,"turquoise"
"USP34-DT",0,"grey"
"ENSG00000279665",1,"turquoise"
"NUTM2A-AS1",1,"turquoise"
"SYT9-AS1",0,"grey"
"ENSG00000286341",1,"turquoise"
"PRR7-AS1",0,"grey"
"ENSG00000263338",1,"turquoise"
"ENSG00000269707",1,"turquoise"
"RBM33-DT",1,"turquoise"
"LINC01010",0,"grey"
"MMP25-AS1",0,"grey"
"TTLL1-AS1",1,"turquoise"
"ENSG00000259869",1,"turquoise"
"ENSG00000214919",1,"turquoise"
"ENSG00000264548",1,"turquoise"
"LINC02271",1,"turquoise"
"AKAP1-DT",1,"turquoise"
"ENSG00000203364",1,"turquoise"
"LINC00293",5,"green"
"SLC26A4-AS1",1,"turquoise"
"LINC00581",1,"turquoise"
"PRKCQ-AS1",0,"grey"
"ENSG00000232884",1,"turquoise"
"PBX3-DT",5,"green"
"VASH1-AS1",1,"turquoise"
"LINC01521",1,"turquoise"
"ENSG00000285941",5,"green"
"ENSG00000249892",1,"turquoise"
"ENSG00000251598",0,"grey"
"ENSG00000288888",1,"turquoise"
"ENSG00000286201",1,"turquoise"
"SNHG16",0,"grey"
"LINC02073",1,"turquoise"
"CAPN1-AS1",3,"brown"
"ENSG00000283635",1,"turquoise"
"ENSG00000269066",1,"turquoise"
"LY6E-DT",1,"turquoise"
"TCL6",1,"turquoise"
"ENSG00000286446",1,"turquoise"
"ENSG00000262899",18,"lightgreen"
"TAGAP-AS1",1,"turquoise"
"ZNF346-IT1",1,"turquoise"
"ENSG00000273218",1,"turquoise"
"DNAJC27-AS1",1,"turquoise"
"ENSG00000280087",1,"turquoise"
"LINC02397",0,"grey"
"LINC01515",1,"turquoise"
"KLC1-AS1",1,"turquoise"
"ENSG00000253553",1,"turquoise"
"ENSG00000280000",1,"turquoise"
"ENSG00000279443",1,"turquoise"
"ENSG00000203472",1,"turquoise"
"ENSG00000287537",13,"salmon"
"ENSG00000254251",1,"turquoise"
"ENSG00000287040",1,"turquoise"
"DLX6-AS1",1,"turquoise"
"ENSG00000262049",0,"grey"
"ENSG00000268746",1,"turquoise"
"PAQR9-AS1",1,"turquoise"
"ENSG00000279061",1,"turquoise"
"ENSG00000287260",1,"turquoise"
"LINC00330",1,"turquoise"
"ENSG00000289074",1,"turquoise"
"ENSG00000273711",1,"turquoise"
"LINC01358",1,"turquoise"
"LINC01936",1,"turquoise"
"ENSG00000289468",1,"turquoise"
"FIRRE",1,"turquoise"
"ENSG00000228541",1,"turquoise"
"LINC01304",1,"turquoise"
"ENSG00000280326",1,"turquoise"
"ENSG00000288557",1,"turquoise"
"ENSG00000286927",1,"turquoise"
"LINC01558",1,"turquoise"
"ENSG00000240240",1,"turquoise"
"ENSG00000279488",1,"turquoise"
"ENSG00000280353",1,"turquoise"
"ENSG00000227619",1,"turquoise"
"ENSG00000270055",3,"brown"
"ENSG00000248161",19,"lightyellow"
"SLC18A2-AS1",4,"yellow"
"BAALC-AS1",0,"grey"
"ENSG00000279298",1,"turquoise"
"LINC02890",1,"turquoise"
"ENSG00000290039",0,"grey"
"LINC00971",1,"turquoise"
"LINC02298",1,"turquoise"
"ATP6V0D1-DT",1,"turquoise"
"ENSG00000279900",1,"turquoise"
"GABPB1-AS1",0,"grey"
"ENSG00000263089",1,"turquoise"
"ENSG00000280441",0,"grey"
"LL22NC01-81G9.3",1,"turquoise"
"LINC02256",0,"grey"
"LINC02359",1,"turquoise"
"ENSG00000269898",1,"turquoise"
"NRIP3-DT",15,"midnightblue"
"LINC00174",0,"grey"
"LINC00324",18,"lightgreen"
"LINC02739",18,"lightgreen"
"ENSG00000278949",1,"turquoise"
"EAF1-AS1",1,"turquoise"
"ENSG00000288882",3,"brown"
"ENSG00000258170",1,"turquoise"
"ENSG00000286108",1,"turquoise"
"ENSG00000286677",0,"grey"
"P3H2-AS1",1,"turquoise"
"ENSG00000284601",1,"turquoise"
"LINC01814",1,"turquoise"
"ENSG00000268945",0,"grey"
"ENSG00000235127",1,"turquoise"
"ENSG00000284735",1,"turquoise"
"LINC01836",1,"turquoise"
"ZNRF3-AS1",1,"turquoise"
"ENSG00000287269",0,"grey"
"ENSG00000289272",1,"turquoise"
"ENSG00000267571",1,"turquoise"
"LINC02575",1,"turquoise"
"ENSG00000286944",1,"turquoise"
"COPB2-DT",1,"turquoise"
"ENSG00000289188",0,"grey"
"ENSG00000267731",1,"turquoise"
"LINC01088",0,"grey"
"ENSG00000256381",8,"pink"
"SNHG26",1,"turquoise"
"ENSG00000259744",1,"turquoise"
"ENSG00000250501",1,"turquoise"
"TALAM1",1,"turquoise"
"LINC02987",5,"green"
"ENSG00000289978",1,"turquoise"
"ENSG00000266743",5,"green"
"ENSG00000289621",3,"brown"
"ENSG00000279135",1,"turquoise"
"ENSG00000228302",1,"turquoise"
"ENSG00000260774",1,"turquoise"
"ENSG00000268520",1,"turquoise"
"LRIG2-DT",1,"turquoise"
"ENSG00000248544",1,"turquoise"
"KIAA2012-AS1",0,"grey"
"DNM3OS",7,"black"
"CASC15",1,"turquoise"
"CHUK-DT",1,"turquoise"
"ENSG00000232234",0,"grey"
"DPP3-DT",1,"turquoise"
"ENSG00000234710",1,"turquoise"
"ENSG00000266696",15,"midnightblue"
"ENSG00000230615",1,"turquoise"
"ATP1A1-AS1",1,"turquoise"
"ENSG00000257452",1,"turquoise"
"LINC00299",0,"grey"
"ENSG00000230746",0,"grey"
"PEG13",1,"turquoise"
"ENSG00000203605",1,"turquoise"
"ENSG00000289474",17,"grey60"
"ENSG00000280254",1,"turquoise"
"ENSG00000288852",1,"turquoise"
"ENSG00000229717",1,"turquoise"
"ENSG00000282572",1,"turquoise"
"ENSG00000286849",1,"turquoise"
"ENSG00000255456",0,"grey"
"ENSG00000250831",0,"grey"
"LINC02766",1,"turquoise"
"ENSG00000250069",1,"turquoise"
"MIR130AHG",1,"turquoise"
"ENSG00000231731",0,"grey"
"WAC-AS1",0,"grey"
"HCG15",1,"turquoise"
"HCG11",0,"grey"
"ENSG00000232611",1,"turquoise"
"ENSG00000246477",1,"turquoise"
"MAP4K3-DT",1,"turquoise"
"ENSG00000258820",1,"turquoise"
"ENSG00000284703",1,"turquoise"
"ENSG00000280214",1,"turquoise"
"ENSG00000289295",1,"turquoise"
"ENSG00000224746",1,"turquoise"
"ENSG00000236451",1,"turquoise"
"LINC01775",19,"lightyellow"
"ENSG00000288052",1,"turquoise"
"LINC00562",0,"grey"
"ENSG00000284977",0,"grey"
"ENSG00000288819",0,"grey"
"ENSG00000270072",1,"turquoise"
"ENSG00000268686",1,"turquoise"
"ENSG00000265907",1,"turquoise"
"ENSG00000264456",1,"turquoise"
"LINC01204",1,"turquoise"
"ENSG00000280036",5,"green"
"ENSG00000282602",0,"grey"
"PRAL",1,"turquoise"
"ENSG00000253854",0,"grey"
"ENSG00000238054",5,"green"
"ENSG00000254859",1,"turquoise"
"ENSG00000260436",1,"turquoise"
"LINC02976",1,"turquoise"
"ENSG00000286538",15,"midnightblue"
"ENSG00000258342",1,"turquoise"
"ENSG00000286293",1,"turquoise"
"HEATR5A-DT",1,"turquoise"
"ENSG00000286457",1,"turquoise"
"ASAH1-AS1",1,"turquoise"
"ENSG00000269982",1,"turquoise"
"TTTY10",1,"turquoise"
"ENSG00000277287",1,"turquoise"
"ATP13A3-DT",1,"turquoise"
"PURPL",1,"turquoise"
"C2orf74-DT",1,"turquoise"
"ENSG00000259715",1,"turquoise"
"SETD4-AS1",5,"green"
"ENSG00000279345",1,"turquoise"
"MTA1-DT",1,"turquoise"
"ENSG00000272682",1,"turquoise"
"ZCCHC14-DT",14,"cyan"
"LINC02802",1,"turquoise"
"ENSG00000266111",1,"turquoise"
"PPP3CB-AS1",1,"turquoise"
"ENSG00000226994",1,"turquoise"
"PSMA3-AS1",1,"turquoise"
"BCAN-AS1",1,"turquoise"
"ENSG00000266602",1,"turquoise"
"ENSG00000253939",13,"salmon"
"ENSG00000275016",0,"grey"
"PDC-AS1",1,"turquoise"
"TMEM139-AS1",1,"turquoise"
"ENSG00000258924",8,"pink"
"EIF3J-DT",1,"turquoise"
"IDH3B-DT",1,"turquoise"
"CCL3-AS1",1,"turquoise"
"ENSG00000278999",1,"turquoise"
"LINC00623",0,"grey"
"ENSG00000259087",0,"grey"
"ENSG00000224738",14,"cyan"
"ENSG00000286381",1,"turquoise"
"LINC00906",1,"turquoise"
"ENSG00000281383",0,"grey"
"ENSG00000289609",18,"lightgreen"
"ENSG00000272702",0,"grey"
"ENSG00000261170",1,"turquoise"
"ENSG00000289308",1,"turquoise"
"CCDC26",0,"grey"
"ENSG00000289102",19,"lightyellow"
"ENSG00000287362",1,"turquoise"
"MYG1-AS1",0,"grey"
"SNHG11",6,"red"
"ENSG00000279200",1,"turquoise"
"FNDC1-IT1",5,"green"
"LGALSL-DT",1,"turquoise"
"ENSG00000267559",1,"turquoise"
"MAP2K5-DT",1,"turquoise"
"LINC00649",1,"turquoise"
"ENSG00000279887",1,"turquoise"
"SEPTIN4-AS1",1,"turquoise"
"ENSG00000284612",1,"turquoise"
"LINC02972",0,"grey"
"C10orf95-AS1",1,"turquoise"
"ENSG00000261216",1,"turquoise"
"XACT",1,"turquoise"
"ENSG00000284430",1,"turquoise"
"ENSG00000287016",1,"turquoise"
"ENSG00000279946",1,"turquoise"
"LINC02246",1,"turquoise"
"ENSG00000236283",1,"turquoise"
"LCMT1-AS1",1,"turquoise"
"IQCH-AS1",1,"turquoise"
"ENSG00000284523",1,"turquoise"
"LINC01228",0,"grey"
"ENSG00000289316",0,"grey"
"ENSG00000274124",18,"lightgreen"
"LINC02018",1,"turquoise"
"LINC01840",1,"turquoise"
"SUCLG2-DT",1,"turquoise"
"ENSG00000260482",1,"turquoise"
"ENSG00000271860",0,"grey"
"DDX19A-DT",1,"turquoise"
"MIR3677HG",14,"cyan"
"ENSG00000235296",1,"turquoise"
"NDUFV2-AS1",5,"green"
"ENSG00000287671",1,"turquoise"
"ENSG00000287544",1,"turquoise"
"LINC00689",1,"turquoise"
"ENSG00000286662",1,"turquoise"
"ENSG00000253288",1,"turquoise"
"ENSG00000253708",1,"turquoise"
"COPS8-DT",1,"turquoise"
"RCAN2-DT",1,"turquoise"
"FAM78B-AS1",1,"turquoise"
"ZNF503-AS1",1,"turquoise"
"ENSG00000262879",1,"turquoise"
"ENSG00000280096",1,"turquoise"
"ENSG00000286954",1,"turquoise"
"SGSM2-AS1",1,"turquoise"
"ENSG00000279682",1,"turquoise"
"ENSG00000272008",5,"green"
"ENSG00000289194",0,"grey"
"ENSG00000265799",1,"turquoise"
"SAP30L-AS1",1,"turquoise"
"ENSG00000284634",0,"grey"
"ENSG00000289107",0,"grey"
"MIR3936HG",1,"turquoise"
"CXXC4-AS1",1,"turquoise"
"ENSG00000288934",0,"grey"
"ENSG00000279583",1,"turquoise"
"ENSG00000276115",0,"grey"
"ENSG00000253500",1,"turquoise"
"ST3GAL6-AS1",1,"turquoise"
"ENSG00000279652",1,"turquoise"
"ENSG00000174171",1,"turquoise"
"ENSG00000280011",1,"turquoise"
"ENSG00000261103",1,"turquoise"
"LINC00327",1,"turquoise"
"SAP30-DT",1,"turquoise"
"ENSG00000271771",1,"turquoise"
"ENSG00000258593",1,"turquoise"
"LINC00513",7,"black"
"SNHG5",11,"greenyellow"
"ENSG00000279110",1,"turquoise"
"LINC00664",1,"turquoise"
"C1orf167-AS1",1,"turquoise"
"GARS1-DT",1,"turquoise"
"ENSG00000254802",1,"turquoise"
"ENSG00000290032",3,"brown"
"ENSG00000279917",1,"turquoise"
"ENSG00000254649",0,"grey"
"ENSG00000259275",1,"turquoise"
"ENSG00000287549",1,"turquoise"
"ENSG00000284642",1,"turquoise"
"ENSG00000249679",1,"turquoise"
"ENSG00000278600",1,"turquoise"
"FOXP1-AS1",1,"turquoise"
"ZNF561-AS1",1,"turquoise"
"ENSG00000287830",1,"turquoise"
"LINC01733",1,"turquoise"
"ZNF691-DT",1,"turquoise"
"ENSG00000232328",1,"turquoise"
"GNAO1-DT",1,"turquoise"
"RPL34-DT",15,"midnightblue"
"ENSG00000235726",5,"green"
"ENSG00000254990",18,"lightgreen"
"ENSG00000279907",1,"turquoise"
"ENSG00000279432",1,"turquoise"
"ENSG00000272892",1,"turquoise"
"ENSG00000254321",1,"turquoise"
"LINC02915",3,"brown"
"ENSG00000259354",1,"turquoise"
"ENSG00000287845",1,"turquoise"
"NBR2",1,"turquoise"
"EMSY-DT",1,"turquoise"
"ENSG00000280113",1,"turquoise"
"ENSG00000278341",0,"grey"
"ENSG00000289627",1,"turquoise"
"ENSG00000287086",1,"turquoise"
"ENSG00000278834",1,"turquoise"
"ENSG00000279663",1,"turquoise"
"ENSG00000287277",1,"turquoise"
"LINC02882",1,"turquoise"
"ENSG00000206567",1,"turquoise"
"ENSG00000247934",0,"grey"
"GRAMD1A-AS1",1,"turquoise"
"ENSG00000287463",5,"green"
"ENSG00000261821",1,"turquoise"
"ZRANB2-DT",1,"turquoise"
"ENSG00000261659",1,"turquoise"
"LINC01482",1,"turquoise"
"SAMMSON",1,"turquoise"
"ENSG00000176320",14,"cyan"
"PAXBP1-AS1",1,"turquoise"
"ENSG00000279404",1,"turquoise"
"SLC2A1-DT",1,"turquoise"
"ENSG00000280061",1,"turquoise"
"ENSG00000287265",1,"turquoise"
"LINC01970",1,"turquoise"
"RNF213-AS1",1,"turquoise"
"TSBP1-AS1",1,"turquoise"
"ENSG00000272831",18,"lightgreen"
"ENSG00000251131",5,"green"
"ENSG00000280345",1,"turquoise"
"ENSG00000279549",1,"turquoise"
"ENSG00000286071",1,"turquoise"
"SLC12A2-DT",1,"turquoise"
"NLGN4Y-AS1",0,"grey"
"ENSG00000259342",1,"turquoise"
"LINC01630",1,"turquoise"
"ENSG00000289559",1,"turquoise"
"LINC00891",1,"turquoise"
"SCUBE1-AS1",1,"turquoise"
"ENSG00000260464",18,"lightgreen"
"ELOA-AS1",1,"turquoise"
"ENSG00000285540",1,"turquoise"
"LINC02080",1,"turquoise"
"ENSG00000229797",18,"lightgreen"
"LINC02864",1,"turquoise"
"ENSG00000249125",1,"turquoise"
"ENSG00000253720",1,"turquoise"
"ENSG00000276900",0,"grey"
"ENSG00000253829",1,"turquoise"
"ENSG00000267892",1,"turquoise"
"ENSG00000258792",19,"lightyellow"
"ENSG00000262999",1,"turquoise"
"LINC01138",0,"grey"
"LINC01915",1,"turquoise"
"ENSG00000272600",0,"grey"
"ST8SIA6-AS1",1,"turquoise"
"ENSG00000286582",1,"turquoise"
"ENSG00000279714",1,"turquoise"
"ENSG00000286990",1,"turquoise"
"LINC01574",19,"lightyellow"
"ENSG00000262228",1,"turquoise"
"ENSG00000290003",0,"grey"
"ENSG00000269842",1,"turquoise"
"ENSG00000273674",5,"green"
"FBXL19-AS1",1,"turquoise"
"KCNMA1-AS1",1,"turquoise"
"ENSG00000288869",3,"brown"
"ENSG00000261898",1,"turquoise"
"NRIR",0,"grey"
"VIM-AS1",3,"brown"
"RBFADN",1,"turquoise"
"MIR142HG",15,"midnightblue"
"OTX2-AS1",1,"turquoise"
"ENSG00000229403",8,"pink"
"ENSG00000270760",0,"grey"
"ENSG00000251148",8,"pink"
"ENSG00000279306",1,"turquoise"
"ENSG00000249102",1,"turquoise"
"LINC02886",1,"turquoise"
"ENSG00000251536",1,"turquoise"
"TDRKH-AS1",1,"turquoise"
"ENSG00000289901",17,"grey60"
"ENSG00000253190",0,"grey"
"KCTD21-AS1",1,"turquoise"
"LINC00682",0,"grey"
"ENSG00000269399",0,"grey"
"ENSG00000232732",1,"turquoise"
"CASC19",1,"turquoise"
"ENSG00000248762",0,"grey"
"DOCK8-AS1",1,"turquoise"
"ENSG00000267505",0,"grey"
"ENSG00000189229",1,"turquoise"
"DLGAP1-AS4",1,"turquoise"
"ENSG00000215841",1,"turquoise"
"ENSG00000288096",1,"turquoise"
"LNCATV",1,"turquoise"
"PCAT14",1,"turquoise"
"LINC01427",1,"turquoise"
"CHROMR",1,"turquoise"
"ENSG00000262692",1,"turquoise"
"ENSG00000290018",3,"brown"
"ENSG00000253361",1,"turquoise"
"ENSG00000287286",1,"turquoise"
"ENSG00000282915",0,"grey"
"STARD13-IT1",7,"black"
"ENSG00000287126",1,"turquoise"
"ENSG00000286340",1,"turquoise"
"ENSG00000267383",0,"grey"
"ENSG00000270066",11,"greenyellow"
"LINC01783",18,"lightgreen"
"ENSG00000280356",1,"turquoise"
"NR2F2-AS1",18,"lightgreen"
"ENSG00000254397",1,"turquoise"
"ENSG00000279602",4,"yellow"
"ADIRF-AS1",1,"turquoise"
"SNHG32",11,"greenyellow"
"ENSG00000289268",1,"turquoise"
"ENSG00000257120",1,"turquoise"
"ENSG00000271996",1,"turquoise"
"ENSG00000266541",14,"cyan"
"ENSG00000267373",1,"turquoise"
"AP1G2-AS1",0,"grey"
"KIF9-AS1",1,"turquoise"
"ENSG00000289574",1,"turquoise"
"LINC01483",1,"turquoise"
"TMED2-DT",1,"turquoise"
"ENSG00000229983",1,"turquoise"
"ENSG00000282386",1,"turquoise"
"LINC02193",1,"turquoise"
"ENSG00000273333",0,"grey"
"ENSG00000271933",14,"cyan"
"ENSG00000176593",1,"turquoise"
"ENSG00000288598",1,"turquoise"
"ENSG00000274105",1,"turquoise"
"ENSG00000255438",1,"turquoise"
"ENSG00000268205",0,"grey"
"ENSG00000224635",0,"grey"
"LINC02837",1,"turquoise"
"BTG2-DT",1,"turquoise"
"ENSG00000231329",1,"turquoise"
"HLCS-AS1",1,"turquoise"
"ENSG00000258559",1,"turquoise"
"ZNF790-AS1",1,"turquoise"
"RFPL1S",0,"grey"
"ENSG00000286782",1,"turquoise"
"OVCH1-AS1",1,"turquoise"
"ENSG00000225313",1,"turquoise"
"LINC02405",1,"turquoise"
"ENSG00000259697",1,"turquoise"
"INTS6-AS1",1,"turquoise"
"ENSG00000262050",1,"turquoise"
"ENSG00000253214",1,"turquoise"
"ENSG00000239791",1,"turquoise"
"ENSG00000287795",1,"turquoise"
"LINC00211",1,"turquoise"
"ENSG00000263159",19,"lightyellow"
"ENSG00000259523",1,"turquoise"
"ENSG00000262380",1,"turquoise"
"LINC01608",1,"turquoise"
"LINC00485",1,"turquoise"
"ENSG00000279590",1,"turquoise"
"ENSG00000277695",0,"grey"
"CFAP20DC-DT",8,"pink"
"LINC00970",1,"turquoise"
"ARHGEF35-AS1",0,"grey"
"LINC01299",1,"turquoise"
"ENSG00000239480",1,"turquoise"
"ENSG00000250723",1,"turquoise"
"ENSG00000284428",1,"turquoise"
"LUADT1",1,"turquoise"
"LINC01684",0,"grey"
"ENSG00000285751",1,"turquoise"
"GUSBP11",5,"green"
"ENSG00000254790",1,"turquoise"
"ENSG00000273328",1,"turquoise"
"ENSG00000263531",1,"turquoise"
"ENSG00000276449",1,"turquoise"
"ENSG00000254519",1,"turquoise"
"WEE2-AS1",5,"green"
"ENSG00000229618",1,"turquoise"
"ENSG00000257298",1,"turquoise"
"ENSG00000273476",0,"grey"
"ENSG00000279495",1,"turquoise"
"TPT1-AS1",19,"lightyellow"
"THAP9-AS1",0,"grey"
"MIR202HG",1,"turquoise"
"ENSG00000261177",1,"turquoise"
"ENSG00000285091",1,"turquoise"
"ENSG00000264207",0,"grey"
"ENSG00000260086",1,"turquoise"
"ENSG00000287181",1,"turquoise"
"LINC00607",1,"turquoise"
"ENSG00000235813",1,"turquoise"
"ENSG00000213062",1,"turquoise"
"EDIL3-DT",1,"turquoise"
"SNHG12",11,"greenyellow"
"ENSG00000285707",1,"turquoise"
"ENSG00000278979",1,"turquoise"
"LINC01962",5,"green"
"ENSG00000233862",1,"turquoise"
"ENSG00000289620",1,"turquoise"
"ENSG00000268056",0,"grey"
"ZNF433-AS1",1,"turquoise"
"PRNCR1",1,"turquoise"
"LINC00907",1,"turquoise"
"DARS1-AS1",1,"turquoise"
"ENSG00000289983",0,"grey"
"ENSG00000274220",1,"turquoise"
"ENSG00000266237",1,"turquoise"
"LENG8-AS1",1,"turquoise"
"ENSG00000255067",1,"turquoise"
"DNAJA4-DT",0,"grey"
"FRMD3-AS1",19,"lightyellow"
"ENSG00000286147",1,"turquoise"
"ENSG00000269560",1,"turquoise"
"ENSG00000277825",1,"turquoise"
"ENSG00000260351",1,"turquoise"
"ENSG00000235277",0,"grey"
"LINC02388",1,"turquoise"
"WDR11-DT",1,"turquoise"
"LINC01284",1,"turquoise"
"ENSG00000285669",1,"turquoise"
"TEDC2-AS1",1,"turquoise"
"MYO1D-DT",1,"turquoise"
"ENSG00000274023",1,"turquoise"
"LINC02465",1,"turquoise"
"LINC01405",1,"turquoise"
"LINC02418",1,"turquoise"
"ENSG00000248747",1,"turquoise"
"FAM13A-AS1",2,"blue"
"UBA6-DT",1,"turquoise"
"ENSG00000236951",1,"turquoise"
"ZNF407-AS1",1,"turquoise"
"LINC01742",8,"pink"
"LINC01220",1,"turquoise"
"ENSG00000261090",1,"turquoise"
"LINC02019",1,"turquoise"
"ENSG00000212663",1,"turquoise"
"ENSG00000288087",1,"turquoise"
"LINC00596",0,"grey"
"LINC00511",1,"turquoise"
"ATP11A-AS1",10,"purple"
"ENSG00000279409",1,"turquoise"
"ENSG00000228543",13,"salmon"
"ENSG00000259563",1,"turquoise"
"ENSG00000286196",1,"turquoise"
"ENSG00000259891",1,"turquoise"
"KCTD13-DT",1,"turquoise"
"GOLGA4-AS1",5,"green"
"NSMCE1-DT",1,"turquoise"
"ENSG00000273552",0,"grey"
"CENPN-AS1",1,"turquoise"
"WDR5B-DT",0,"grey"
"NEAT1",2,"blue"
"EPM2A-DT",1,"turquoise"
"ENSG00000261654",1,"turquoise"
"ENSG00000260588",1,"turquoise"
"ENSG00000289176",3,"brown"
"ENSG00000226471",13,"salmon"
"ENSG00000278668",1,"turquoise"
"ENSG00000273151",1,"turquoise"
"ENSG00000260289",0,"grey"
"LINC02552",1,"turquoise"
"ENSG00000286558",5,"green"
"ENSG00000288855",1,"turquoise"
"ENSG00000286349",1,"turquoise"
"ENSG00000276997",11,"greenyellow"
"ENSG00000255186",5,"green"
"ENSG00000286292",1,"turquoise"
"ENSG00000279134",1,"turquoise"
"EOLA2-DT",0,"grey"
"MICB-DT",1,"turquoise"
"ENSG00000278784",1,"turquoise"
"ENSG00000285877",1,"turquoise"
"ENSG00000288741",1,"turquoise"
"ENSG00000265287",14,"cyan"
"STXBP5-AS1",17,"grey60"
"ENSG00000287262",1,"turquoise"
"ENSG00000287860",8,"pink"
"ENSG00000286373",1,"turquoise"
"ENSG00000239415",1,"turquoise"
"HMGA2-AS1",1,"turquoise"
"ENSG00000286931",1,"turquoise"
"H19",0,"grey"
"NCK1-DT",1,"turquoise"
"LINC00667",0,"grey"
"ENSG00000278993",14,"cyan"
"ENSG00000259967",0,"grey"
"ENSG00000279840",1,"turquoise"
"ENSG00000280341",1,"turquoise"
"PRPF31-AS1",1,"turquoise"
"ENSG00000249150",1,"turquoise"
"XIAP-AS1",0,"grey"
"TTC14-DT",14,"cyan"
"ENSG00000286980",1,"turquoise"
"ENSG00000226043",1,"turquoise"
"ENSG00000244055",1,"turquoise"
"LINC02960",1,"turquoise"
"HIVEP2-DT",1,"turquoise"
"LINC02965",1,"turquoise"
"LINC02523",1,"turquoise"
"SOX9-AS1",1,"turquoise"
"ALDH1A3-AS1",1,"turquoise"
"ENSG00000260701",1,"turquoise"
"ENSG00000279759",1,"turquoise"
"ZFAND2A-DT",1,"turquoise"
"ENSG00000254676",1,"turquoise"
"ENSG00000237076",15,"midnightblue"
"ENSG00000253796",5,"green"
"LINC01588",8,"pink"
"NNT-AS1",1,"turquoise"
"ENSG00000287207",1,"turquoise"
"ENSG00000179577",1,"turquoise"
"SYNPO2L-AS1",1,"turquoise"
"MADCAM1-AS1",1,"turquoise"
"ENSG00000280162",1,"turquoise"
"ENSG00000248369",13,"salmon"
"LINC02604",0,"grey"
"MCPH1-AS1",1,"turquoise"
"ZNF337-AS1",0,"grey"
"ENSG00000203327",1,"turquoise"
"MIR181A2HG",0,"grey"
"NFATC2IP-AS1",1,"turquoise"
"LINC00710",0,"grey"
"ENSG00000287238",1,"turquoise"
"LINC02723",1,"turquoise"
"CEP83-DT",1,"turquoise"
"ENSG00000282993",1,"turquoise"
"OSBPL10-AS1",1,"turquoise"
"LINC01151",17,"grey60"
"MIR9-1HG",1,"turquoise"
"ENSG00000261250",1,"turquoise"
"LIX1L-AS1",19,"lightyellow"
"ENSG00000288737",18,"lightgreen"
"ST20",0,"grey"
"LINC01355",0,"grey"
"ENSG00000280381",1,"turquoise"
"LINC02328",0,"grey"
"ENSG00000285857",0,"grey"
"ENSG00000182376",1,"turquoise"
"CMKLR2-AS",0,"grey"
"LINC02236",8,"pink"
"ITGA9-AS1",1,"turquoise"
"ENSG00000287916",1,"turquoise"
"ENSG00000267625",1,"turquoise"
"LINC00449",1,"turquoise"
"ENSG00000235140",1,"turquoise"
"ENSG00000285928",1,"turquoise"
"ENSG00000266936",8,"pink"
"ENSG00000272622",1,"turquoise"
"ENSG00000213121",1,"turquoise"
"ENSG00000251417",1,"turquoise"
"ENSG00000273729",1,"turquoise"
"SOX2-OT",1,"turquoise"
"PGM5P3-AS1",1,"turquoise"
"ENSG00000258891",1,"turquoise"
"ENSG00000250377",1,"turquoise"
"CARD8-AS1",1,"turquoise"
"ENSG00000282742",1,"turquoise"
"ENSG00000281974",1,"turquoise"
"PGLS-DT",1,"turquoise"
"CD2BP2-DT",0,"grey"
"ENSG00000285966",1,"turquoise"
"MIR205HG",0,"grey"
"ENSG00000272582",1,"turquoise"
"ENSG00000197815",1,"turquoise"
"RPL26L1-AS1",1,"turquoise"
"LINC03013",1,"turquoise"
"ENSG00000233251",1,"turquoise"
"IGBP1-AS1",1,"turquoise"
"ENSG00000266947",1,"turquoise"
"ENSG00000254092",1,"turquoise"
"ENSG00000279738",1,"turquoise"
"RAP2C-AS1",1,"turquoise"
"EFCAB6-AS1",1,"turquoise"
"NDUFA6-DT",18,"lightgreen"
"MALAT1",11,"greenyellow"
"ENSG00000285486",1,"turquoise"
"ENSG00000256705",1,"turquoise"
"ENSG00000235749",14,"cyan"
"LINC00578",1,"turquoise"
"ENSG00000269688",1,"turquoise"
"ENSG00000280377",1,"turquoise"
"LINC00702",1,"turquoise"
"HULC",1,"turquoise"
"ENSG00000275734",1,"turquoise"
"PPP1R26-AS1",1,"turquoise"
"LINC01180",1,"turquoise"
"ENSG00000288565",1,"turquoise"
"ENSG00000259771",0,"grey"
"ENSG00000265010",19,"lightyellow"
"LINC01568",0,"grey"
"BHLHE40-AS1",1,"turquoise"
"LNCARSR",1,"turquoise"
"CELF2-DT",1,"turquoise"
"PRKAR2A-AS1",1,"turquoise"
"ENSG00000289955",1,"turquoise"
"GAS5",11,"greenyellow"
"ENSG00000287743",1,"turquoise"
"ENSG00000280422",1,"turquoise"
"ENSG00000279879",1,"turquoise"
"PTPRG-AS1",1,"turquoise"
"ENSG00000286627",1,"turquoise"
"LINC02363",0,"grey"
"SNHG25",0,"grey"
"SRRM2-AS1",1,"turquoise"
"MAP3K9-DT",1,"turquoise"
"LINC01198",1,"turquoise"
"ENSG00000280850",1,"turquoise"
"LINC02980",1,"turquoise"
"ENSG00000264546",1,"turquoise"
"ENSG00000287851",1,"turquoise"
"LINC02574",0,"grey"
"ENSG00000290097",1,"turquoise"
"LINC01764",1,"turquoise"
"GRASLND",1,"turquoise"
"LINC00608",1,"turquoise"
"ENSG00000278276",7,"black"
"PPM1F-AS1",1,"turquoise"
"ENSG00000255046",1,"turquoise"
"ENSG00000287896",1,"turquoise"
"ENSG00000269444",1,"turquoise"
"ENSG00000237529",19,"lightyellow"
"ENSG00000260814",1,"turquoise"
"ENSG00000269807",1,"turquoise"
"ENSG00000286620",0,"grey"
"ENSG00000260361",1,"turquoise"
"RBM26-AS1",1,"turquoise"
"ENSG00000227486",1,"turquoise"
"LINC01090",14,"cyan"
"ENSG00000223502",1,"turquoise"
"SCAT8",1,"turquoise"
"ENSG00000285886",1,"turquoise"
"ENSG00000280434",4,"yellow"
"ENSG00000286888",1,"turquoise"
"ANKRD10-IT1",8,"pink"
"ENSG00000285977",1,"turquoise"
"ENSG00000272368",1,"turquoise"
"PCA3",1,"turquoise"
"ENSG00000261104",5,"green"
"ENSG00000280217",1,"turquoise"
"ENSG00000272501",1,"turquoise"
"ENSG00000234147",1,"turquoise"
"LINC02861",1,"turquoise"
"ENSG00000286447",8,"pink"
"LMCD1-AS1",0,"grey"
"LINC00887",1,"turquoise"
"LINC02605",1,"turquoise"
"OLMALINC",1,"turquoise"
"ENSG00000267745",8,"pink"
"ENSG00000279872",1,"turquoise"
"ENSG00000264772",11,"greenyellow"
"PSMD7-DT",0,"grey"
"PAPLN-AS1",1,"turquoise"
"ENSG00000266896",1,"turquoise"
"SNHG28",19,"lightyellow"
"BSN-DT",0,"grey"
"CABP1-DT",15,"midnightblue"
"ENSG00000285177",5,"green"
"ARRDC3-AS1",1,"turquoise"
"ENSG00000226530",1,"turquoise"
"WASF3-AS1",1,"turquoise"
"ASAP1-IT2",1,"turquoise"
"ENSG00000280122",1,"turquoise"
"LINC01205",1,"turquoise"
"ZNF710-AS1",1,"turquoise"
"LINC01978",1,"turquoise"
"ENSG00000260592",0,"grey"
"ENSG00000257027",0,"grey"
"LINC02530",1,"turquoise"
"ENSG00000285796",1,"turquoise"
"ENSG00000280474",1,"turquoise"
"ENSG00000273659",1,"turquoise"
"VAC14-AS1",1,"turquoise"
"ENSG00000230074",1,"turquoise"
"LINC00921",1,"turquoise"
"ENSG00000260719",1,"turquoise"
"DIP2C-AS1",0,"grey"
"TSIX",1,"turquoise"
"UXT-AS1",1,"turquoise"
"ENSG00000279035",1,"turquoise"
"ENSG00000228031",1,"turquoise"
"ENSG00000233866",1,"turquoise"
"ENSG00000279491",1,"turquoise"
"CD109-AS1",1,"turquoise"
"ENSG00000287701",1,"turquoise"
"ENSG00000287346",1,"turquoise"
"ENSG00000288562",1,"turquoise"
"ENSG00000283737",1,"turquoise"
"RFPL3S",1,"turquoise"
"LINC01694",1,"turquoise"
"ENSG00000287417",1,"turquoise"
"BACE1-AS",1,"turquoise"
"ENSG00000203643",1,"turquoise"
"ENSG00000257279",1,"turquoise"
"GTF3C2-AS1",1,"turquoise"
"ENSG00000248634",19,"lightyellow"
"ZNF213-AS1",1,"turquoise"
"ENSG00000289182",5,"green"
"ENSG00000286382",13,"salmon"
"ENSG00000289963",1,"turquoise"
"ENSG00000287185",5,"green"
"INE2",1,"turquoise"
"ENSG00000264188",1,"turquoise"
"LINC02840",1,"turquoise"
"ENSG00000285867",1,"turquoise"
"ENSG00000228395",1,"turquoise"
"ENSG00000249684",1,"turquoise"
"LINC01012",1,"turquoise"
"ENSG00000276259",1,"turquoise"
"ENSG00000249456",0,"grey"
"LINC01089",11,"greenyellow"
"ENSG00000261864",4,"yellow"
"ENSG00000283662",1,"turquoise"
"ENSG00000265702",1,"turquoise"
"ENSG00000279199",1,"turquoise"
"LINC02517",1,"turquoise"
"ENSG00000257475",1,"turquoise"
"LINC01550",1,"turquoise"
"ENSG00000262691",1,"turquoise"
"ENSG00000287512",0,"grey"
"ENSG00000251330",0,"grey"
"ENSG00000289353",1,"turquoise"
"ENSG00000259737",1,"turquoise"
"ENSG00000287519",1,"turquoise"
"ENSG00000230423",1,"turquoise"
"SLFNL1-AS1",1,"turquoise"
"ENSG00000284633",0,"grey"
"LINC00467",0,"grey"
"ENSG00000270871",1,"turquoise"
"ENSG00000280193",1,"turquoise"
"LINC01948",1,"turquoise"
"SNHG1",11,"greenyellow"
"ENSG00000279801",1,"turquoise"
"MIRLET7BHG",7,"black"
"ENSG00000224848",1,"turquoise"
"ENSG00000279217",1,"turquoise"
"ENSG00000287095",1,"turquoise"
"PCAT7",1,"turquoise"
"RAMP2-AS1",1,"turquoise"
"ENSG00000264727",18,"lightgreen"
"ENSG00000282393",1,"turquoise"
"ENSG00000286397",1,"turquoise"
"ENSG00000286763",1,"turquoise"
"ENSG00000278920",1,"turquoise"
"ERICH6-AS1",1,"turquoise"
"ENSG00000279705",1,"turquoise"
"ENSG00000268087",1,"turquoise"
"JAKMIP2-AS1",1,"turquoise"
"ENSG00000286947",1,"turquoise"
"ADAM7-AS1",1,"turquoise"
"ZBTB20-AS4",1,"turquoise"
"PPP1CB-DT",1,"turquoise"
"ENSG00000259994",1,"turquoise"
"ENSG00000263904",1,"turquoise"
"TMEM11-DT",1,"turquoise"
"LINC00939",1,"turquoise"
"ENSG00000272720",1,"turquoise"
"ENSG00000285824",1,"turquoise"
"ENSG00000288758",3,"brown"
"LINC00847",1,"turquoise"
"ENSG00000274261",5,"green"
"LINC02832",1,"turquoise"
"ENSG00000287079",1,"turquoise"
"SIAH2-AS1",1,"turquoise"
"ENSG00000261078",0,"grey"
"LINC01905",0,"grey"
"ENSG00000232748",1,"turquoise"
"ENSG00000287100",1,"turquoise"
"ALOX12-AS1",1,"turquoise"
"ENSG00000198106",1,"turquoise"
"SNHG4",1,"turquoise"
"ENSG00000276216",11,"greenyellow"
"ENSG00000286118",1,"turquoise"
"ENSG00000262815",1,"turquoise"
"ENSG00000250934",14,"cyan"
"EPN2-AS1",1,"turquoise"
"ENSG00000279161",1,"turquoise"
"ENSG00000268970",1,"turquoise"
"ENSG00000277324",1,"turquoise"
"ENSG00000279159",1,"turquoise"
"LINC01934",1,"turquoise"
"ENSG00000278996",1,"turquoise"
"LINC00499",1,"turquoise"
"ENSG00000289130",3,"brown"
"LINC00173",0,"grey"
"ENSG00000258661",5,"green"
"ENSG00000264635",1,"turquoise"
"ENSG00000279653",1,"turquoise"
"ENSG00000277440",1,"turquoise"
"ENSG00000240499",1,"turquoise"
"ENSG00000286271",1,"turquoise"
"ENSG00000253477",1,"turquoise"
"ENSG00000260293",1,"turquoise"
"ARRDC1-AS1",0,"grey"
"ENSG00000267484",1,"turquoise"
"ENSG00000225209",1,"turquoise"
"CDKN2B-AS1",1,"turquoise"
"ING2-DT",1,"turquoise"
"ENSG00000289579",1,"turquoise"
"CDC42-IT1",1,"turquoise"
"ENSG00000273076",7,"black"
"LINC01564",15,"midnightblue"
"ENSG00000227733",1,"turquoise"
"LINC01366",1,"turquoise"
"ENSG00000289507",1,"turquoise"
"ENSG00000259782",1,"turquoise"
"PACRG-AS1",1,"turquoise"
"ZSCAN16-AS1",1,"turquoise"
"LINC00963",1,"turquoise"
"ENSG00000280332",5,"green"
"ENSG00000250075",1,"turquoise"
"ZBED3-AS1",1,"turquoise"
"SHANK2-AS3",0,"grey"
"ENSG00000261669",1,"turquoise"
"ENSG00000268201",1,"turquoise"
"ENSG00000236304",3,"brown"
"LINC01322",0,"grey"
"ENSG00000279662",1,"turquoise"
"ENSG00000286773",0,"grey"
"ENSG00000289123",1,"turquoise"
"ENSG00000289172",2,"blue"
"ENSG00000286412",1,"turquoise"
"ENSG00000278576",1,"turquoise"
"LINC01160",0,"grey"
"ENSG00000267666",1,"turquoise"
"LINC02024",1,"turquoise"
"ENSG00000267665",1,"turquoise"
"ENSG00000260059",1,"turquoise"
"ENSG00000287737",1,"turquoise"
"LINC02897",1,"turquoise"
"ENSG00000288156",1,"turquoise"
"ENSG00000226824",0,"grey"
"ENSG00000260918",1,"turquoise"
"ENSG00000287134",1,"turquoise"
"ENSG00000280327",1,"turquoise"
"ENSG00000203392",1,"turquoise"
"ENSG00000285517",1,"turquoise"
"ENSG00000217576",1,"turquoise"
"ENSG00000237126",0,"grey"
"ENSG00000224301",5,"green"
"ENSG00000266990",1,"turquoise"
"ENSG00000235023",1,"turquoise"
"ENSG00000198671",1,"turquoise"
"LINC01531",1,"turquoise"
"LINC00632",1,"turquoise"
"ENSG00000286918",1,"turquoise"
"ENSG00000226872",0,"grey"
"ENSG00000249753",0,"grey"
"ENSG00000263990",1,"turquoise"
"LINC00844",5,"green"
"ENSG00000287633",1,"turquoise"
"ENSG00000280189",0,"grey"
"PACRG-AS3",0,"grey"
"TMEM51-AS1",1,"turquoise"
"ENSG00000255348",1,"turquoise"
"PDCD4-AS1",1,"turquoise"
"ENSG00000257522",0,"grey"
"MYADM-AS1",0,"grey"
"ENSG00000253238",1,"turquoise"
"ENSG00000257252",1,"turquoise"
"OR2A1-AS1",19,"lightyellow"
"ENSG00000287398",8,"pink"
"ENSG00000279187",1,"turquoise"
"ENSG00000290123",1,"turquoise"
"ENSG00000287979",11,"greenyellow"
"PARP11-AS1",1,"turquoise"
"ENSG00000288075",0,"grey"
"ENSG00000236064",1,"turquoise"
"ENSG00000267633",1,"turquoise"
"ENSG00000286867",1,"turquoise"
"ENSG00000247402",0,"grey"
"ENSG00000279021",0,"grey"
"ENSG00000289254",1,"turquoise"
"ENSG00000271958",0,"grey"
"ENSG00000249028",5,"green"
"ENSG00000279442",1,"turquoise"
"ENSG00000289161",1,"turquoise"
"ENSG00000204814",0,"grey"
"ENSG00000268575",1,"turquoise"
"ENSG00000265927",5,"green"
"TMEM161B-DT",1,"turquoise"
"WDFY3-AS2",0,"grey"
"ENSG00000249392",19,"lightyellow"
"ENSG00000287933",1,"turquoise"
"LINC01348",1,"turquoise"
"ENSG00000251002",1,"turquoise"
"TONSL-AS1",1,"turquoise"
"ENSG00000279588",1,"turquoise"
"GLIDR",1,"turquoise"
"ENSG00000256278",0,"grey"
"CTBP1-DT",1,"turquoise"
"ENSG00000254366",1,"turquoise"
"ENSG00000261765",19,"lightyellow"
"LINC02301",1,"turquoise"
"ENSG00000286792",7,"black"
"LINC01992",1,"turquoise"
"LINC02449",1,"turquoise"
"DTX2P1-UPK3BP1-PMS2P11",0,"grey"
"ENSG00000259200",0,"grey"
"ENSG00000285784",1,"turquoise"
"ERICH2-DT",1,"turquoise"
"ENSG00000280225",1,"turquoise"
"NOP14-AS1",0,"grey"
"ENSG00000260963",0,"grey"
"LINC00265",1,"turquoise"
"ENSG00000280362",0,"grey"
"MED28-DT",1,"turquoise"
"ENSG00000261610",1,"turquoise"
"ENSG00000286456",1,"turquoise"
"LINC00642",1,"turquoise"
"LINC01672",1,"turquoise"
"ENSG00000286687",1,"turquoise"
"PLAC4",12,"tan"
"LINC01234",1,"turquoise"
"ENSG00000254307",1,"turquoise"
"ENSG00000243818",1,"turquoise"
"PVT1",4,"yellow"
"ENSG00000268818",1,"turquoise"
"ENSG00000285673",1,"turquoise"
"ENSG00000228933",1,"turquoise"
"TPBGL-AS1",5,"green"
"LINC00506",1,"turquoise"
"ENSG00000257239",0,"grey"
"DLEU1",1,"turquoise"
"ENSG00000279699",1,"turquoise"
"ENSG00000241860",1,"turquoise"
"ENSG00000268401",1,"turquoise"
"ENSG00000275846",0,"grey"
"LINC01238",1,"turquoise"
"ENSG00000283897",1,"turquoise"
"SCGB1B2P",8,"pink"
"LINC01359",1,"turquoise"
"ICMT-DT",0,"grey"
"SP2-DT",1,"turquoise"
"HCG25",1,"turquoise"
"DUT-AS1",1,"turquoise"
"LINC01806",5,"green"
"ENSG00000271788",1,"turquoise"
"ENSG00000274080",1,"turquoise"
"ENSG00000275898",1,"turquoise"
"ENSG00000286045",1,"turquoise"
"RSF1-IT1",0,"grey"
"ENSG00000231760",1,"turquoise"
"HEIH",0,"grey"
"ENSG00000285747",0,"grey"
"LINC02249",8,"pink"
"LINC02374",1,"turquoise"
"ENSG00000287011",1,"turquoise"
"ENSG00000285907",1,"turquoise"
"ENSG00000286320",1,"turquoise"
"ENSG00000259647",15,"midnightblue"
"ENSG00000286739",1,"turquoise"
"ENSG00000259460",8,"pink"
"LINC03000",1,"turquoise"
"ENSG00000267002",0,"grey"
"ENSG00000263120",1,"turquoise"
"ENSG00000279957",1,"turquoise"
"ENSG00000260495",1,"turquoise"
"LINC00486",1,"turquoise"
"MIR3945HG",1,"turquoise"
"DENND3-AS1",1,"turquoise"
"PXN-AS1",1,"turquoise"
"COX10-DT",1,"turquoise"
"ENSG00000225096",5,"green"
"ENSG00000278891",1,"turquoise"
"FMNL1-DT",19,"lightyellow"
"ENSG00000260412",14,"cyan"
"ENSG00000286976",1,"turquoise"
"FGD5-AS1",0,"grey"
"LINC02934",1,"turquoise"
"ENSG00000260163",1,"turquoise"
"ENSG00000276698",1,"turquoise"
"ENSG00000254467",0,"grey"
"ENSG00000280057",1,"turquoise"
"SMIM14-DT",1,"turquoise"
"ENSG00000262732",1,"turquoise"
"ILF3-DT",1,"turquoise"
"CHD1-DT",1,"turquoise"
"FRG1-DT",5,"green"
"ZFAS1",2,"blue"
"DICER1-AS1",1,"turquoise"
"ENSG00000264125",1,"turquoise"
"LINC01567",1,"turquoise"
"LINC-PINT",1,"turquoise"
"LINC00641",1,"turquoise"
"ENSG00000287429",1,"turquoise"
"ENSG00000267033",1,"turquoise"
"ENSG00000286195",1,"turquoise"
"ENSG00000283674",1,"turquoise"
"MIR1302-2HG",8,"pink"
"RRM1-AS1",1,"turquoise"
"ENSG00000270605",1,"turquoise"
"OTUD6B-AS1",4,"yellow"
"ZBTB46-AS1",18,"lightgreen"
"MORC2-AS1",14,"cyan"
"ZNF778-DT",1,"turquoise"
"LINC01922",1,"turquoise"
"ENSG00000270083",1,"turquoise"
"ENSG00000268583",1,"turquoise"
"RNF217-AS1",0,"grey"
"ENSG00000246090",1,"turquoise"
"ZNF571-AS1",0,"grey"
"ENSG00000269553",0,"grey"
"ENSG00000267939",1,"turquoise"
"ENSG00000274383",13,"salmon"
"ENSG00000237224",1,"turquoise"
"ZNF652-AS1",1,"turquoise"
"ENSG00000286069",1,"turquoise"
"ENSG00000287991",1,"turquoise"
"ENSG00000260786",1,"turquoise"
"FAM153B",1,"turquoise"
"ENSG00000280486",1,"turquoise"
"MKLN1-AS",1,"turquoise"
"ENSG00000280340",0,"grey"
"USP46-DT",5,"green"
"ENSG00000289277",1,"turquoise"
"ENSG00000286808",1,"turquoise"
"LINC01849",8,"pink"
"SPEN-AS1",1,"turquoise"
"ENSG00000288863",0,"grey"
"ENSG00000270103",4,"yellow"
"MIR99AHG",1,"turquoise"
"USP2-AS1",1,"turquoise"
"C1RL-AS1",0,"grey"
"ENSG00000266456",1,"turquoise"
"ENSG00000271789",0,"grey"
"ENSG00000253519",1,"turquoise"
"ENSG00000266951",0,"grey"
"ENSG00000274253",1,"turquoise"
"ENSG00000287271",1,"turquoise"
"ENSG00000260750",1,"turquoise"
"ENSG00000253925",0,"grey"
"PCCA-DT",1,"turquoise"
"LINC02727",1,"turquoise"
"DENND6A-DT",1,"turquoise"
"LINC02065",8,"pink"
"ENSG00000256969",13,"salmon"
"ENSG00000227218",1,"turquoise"
"FAM182A",1,"turquoise"
"ENSG00000289947",1,"turquoise"
"TP53TG1",0,"grey"
"ENSG00000286241",1,"turquoise"
"ENSG00000289209",1,"turquoise"
"ENSG00000279927",1,"turquoise"
"ENSG00000289003",1,"turquoise"
"VPS33B-DT",1,"turquoise"
"LEMD1-DT",1,"turquoise"
"ENSG00000287576",0,"grey"
"LINC01562",1,"turquoise"
"ENSG00000289340",1,"turquoise"
"TAT-AS1",1,"turquoise"
"LINC02408",1,"turquoise"
"ENSG00000286364",1,"turquoise"
"CFAP100-DT",5,"green"
"OIP5-AS1",0,"grey"
"ENSG00000253106",1,"turquoise"
"MIR4500HG",8,"pink"
"ENSG00000215014",1,"turquoise"
"CCDC144NL-AS1",1,"turquoise"
"ENSG00000275552",1,"turquoise"
"ENSG00000288577",1,"turquoise"
"ENSG00000253715",1,"turquoise"
"ENSG00000286011",1,"turquoise"
"ENSG00000287872",1,"turquoise"
"KIAA1671-AS1",0,"grey"
"ENSG00000286667",1,"turquoise"
"ENSG00000228427",1,"turquoise"
"ENSG00000286333",1,"turquoise"
"ENSG00000280105",1,"turquoise"
"BAIAP2-DT",1,"turquoise"
"ENSG00000286865",5,"green"
"ENSG00000254428",15,"midnightblue"
"LINC01320",1,"turquoise"
"ENSG00000229498",1,"turquoise"
"ENSG00000236885",0,"grey"
"ENSG00000265094",19,"lightyellow"
"LINC02982",1,"turquoise"
"ENSG00000262420",8,"pink"
"ENSG00000287001",1,"turquoise"
"MEF2C-AS1",0,"grey"
"ENSG00000280378",1,"turquoise"
"ENSG00000284602",1,"turquoise"
"ENSG00000260949",1,"turquoise"
"ENSG00000231896",1,"turquoise"
"HCP5",0,"grey"
"LINC02732",1,"turquoise"
"LINC02930",1,"turquoise"
"STX18-AS1",1,"turquoise"
"ENSG00000287741",1,"turquoise"
"LINC02917",0,"grey"
"ENSG00000257373",0,"grey"
"G2E3-AS1",0,"grey"
"ENSG00000267980",1,"turquoise"
"GS1-24F4.2",1,"turquoise"
"ENSG00000284607",1,"turquoise"
"IDI2-AS1",0,"grey"
"ENSG00000286943",14,"cyan"
"ENSG00000272335",5,"green"
"PART1",8,"pink"
"ENSG00000274591",1,"turquoise"
"TMEM30A-DT",19,"lightyellow"
"ODC1-DT",18,"lightgreen"
"ENSG00000231714",0,"grey"
"LINC00958",1,"turquoise"
"RABGAP1L-DT",1,"turquoise"
"ENSG00000255421",1,"turquoise"
"NUDT16-DT",1,"turquoise"
"ENSG00000255328",0,"grey"
"OSER1-DT",0,"grey"
"ENSG00000279467",1,"turquoise"
"ENSG00000206249",1,"turquoise"
"ENSG00000249476",1,"turquoise"
"ENSG00000289707",1,"turquoise"
"ENSG00000229065",0,"grey"
"LINC00862",0,"grey"
"MIR7515HG",0,"grey"
"ENSG00000278390",1,"turquoise"
"ZNF232-AS1",1,"turquoise"
"ENSG00000287769",1,"turquoise"
"KCNQ1OT1",1,"turquoise"
"RNF216P1",0,"grey"
"ENSG00000275512",1,"turquoise"
"LINC01513",1,"turquoise"
"ENSG00000279929",1,"turquoise"
"MIR100HG",1,"turquoise"
"ZEB1-AS1",1,"turquoise"
"ENSG00000288084",1,"turquoise"
"ENSG00000262445",1,"turquoise"
"LINC01091",1,"turquoise"
"ENSG00000245156",1,"turquoise"
"ROR1-AS1",1,"turquoise"
"ARHGEF18-AS1",1,"turquoise"
"ENSG00000269446",1,"turquoise"
"GNAS-AS1",7,"black"
"ENSG00000286998",1,"turquoise"
"GTF2I-AS1",1,"turquoise"
"ENSG00000232774",1,"turquoise"
"ENSG00000253143",18,"lightgreen"
"SNHG7",11,"greenyellow"
"NEXN-AS1",0,"grey"
"ENSG00000290053",1,"turquoise"
"ENSG00000253891",1,"turquoise"
"LINC00158",8,"pink"
"ENSG00000253636",1,"turquoise"
"ENSG00000285702",4,"yellow"
"MIR193BHG",1,"turquoise"
"FAM157C",1,"turquoise"
"ENSG00000250493",1,"turquoise"
"ENSG00000145063",1,"turquoise"
"ENSG00000261670",1,"turquoise"
"LINC02975",1,"turquoise"
"ENSG00000289380",1,"turquoise"
"ENSG00000242539",1,"turquoise"
"LINC00861",0,"grey"
"ENSG00000288010",1,"turquoise"
"ENSG00000242880",1,"turquoise"
"ENSG00000235059",1,"turquoise"
"ENSG00000251661",0,"grey"
"ENSG00000225044",0,"grey"
"LINC02427",1,"turquoise"
"ENSG00000258256",1,"turquoise"
"ENSG00000287187",8,"pink"
"ENSG00000226996",1,"turquoise"
"ENSG00000256314",0,"grey"
"LINC03014",1,"turquoise"
"SNHG20",1,"turquoise"
"RORB-AS1",1,"turquoise"
"ENSG00000279790",1,"turquoise"
"LINC01503",1,"turquoise"
"LINC01842",18,"lightgreen"
"ENSG00000288900",5,"green"
"ENSG00000287241",1,"turquoise"
"ENSG00000276791",0,"grey"
"ENSG00000279762",1,"turquoise"
"CDH8-AS1",1,"turquoise"
"ENSG00000274281",1,"turquoise"
"ENSG00000277170",1,"turquoise"
"ENSG00000251423",1,"turquoise"
"PAXIP1-DT",1,"turquoise"
"CDR2-DT",1,"turquoise"
"ENSG00000228010",14,"cyan"
"ENSG00000279168",0,"grey"
"ENSG00000265739",0,"grey"
"NEK2-DT",1,"turquoise"
"FAM27C",0,"grey"
"MYO3B-AS1",1,"turquoise"
"ENTPD3-AS1",1,"turquoise"
"ITPK1-AS1",1,"turquoise"
"SNHG17",1,"turquoise"
"EXTL3-AS1",1,"turquoise"
"LINC01044",1,"turquoise"
"SNHG8",0,"grey"
"FAM151B-DT",1,"turquoise"
"H2AZ1-DT",1,"turquoise"
"ENSG00000249731",1,"turquoise"
"NR2F1-AS1",5,"green"
"ENSG00000232719",1,"turquoise"
"ENSG00000274341",1,"turquoise"
"ENSG00000264083",1,"turquoise"
"STAU2-AS1",1,"turquoise"
"ENSG00000259363",1,"turquoise"
"LINC01911",1,"turquoise"
"ENSG00000280067",1,"turquoise"
"ENSG00000271151",1,"turquoise"
"LINC01634",1,"turquoise"
"ENSG00000287263",0,"grey"
"DNMBP-AS1",1,"turquoise"
"ENSG00000285919",1,"turquoise"
"ENSG00000271046",1,"turquoise"
"ENSG00000283064",1,"turquoise"
"CBR3-AS1",1,"turquoise"
"ENSG00000277412",1,"turquoise"
"ENSG00000286314",8,"pink"
"ENSG00000271976",1,"turquoise"
"ELF3-AS1",1,"turquoise"
"NRAV",1,"turquoise"
"LINC01426",1,"turquoise"
"INHBA-AS1",1,"turquoise"
"PENK-AS1",1,"turquoise"
"ENSG00000279133",1,"turquoise"
"TTN-AS1",0,"grey"
"ENSG00000286230",1,"turquoise"
"OSGEPL1-AS1",1,"turquoise"
"APP-DT",1,"turquoise"
"ENSG00000286205",1,"turquoise"
"LINC02254",1,"turquoise"
"ENSG00000269752",1,"turquoise"
"ENSG00000266527",5,"green"
"ENSG00000260288",1,"turquoise"
"ENSG00000285658",1,"turquoise"
"LINC00687",1,"turquoise"
"RNF139-DT",1,"turquoise"
"ENSG00000282904",5,"green"
"ENSG00000273055",1,"turquoise"
"H1-10-AS1",1,"turquoise"
"ENSG00000289511",1,"turquoise"
"ENSG00000266677",1,"turquoise"
"KANSL1-AS1",0,"grey"
"HRG-AS1",1,"turquoise"
"ENSG00000280285",1,"turquoise"
"FAM106A",1,"turquoise"
"ENSG00000279202",1,"turquoise"
"CNPY2-AS1",0,"grey"
"ENSG00000258711",1,"turquoise"
"RMRP",0,"grey"
"ENSG00000231533",1,"turquoise"
"ENSG00000289476",1,"turquoise"
"ENSG00000236230",14,"cyan"
"LINC01569",19,"lightyellow"
"TAB3-AS1",1,"turquoise"
"LINC00670",1,"turquoise"
"ENSG00000279598",1,"turquoise"
"ENSG00000258851",1,"turquoise"
"ENSG00000259921",1,"turquoise"
"ENSG00000288663",1,"turquoise"
"ENSG00000280145",0,"grey"
"JADRR",1,"turquoise"
"ENSG00000279337",1,"turquoise"
"RAB30-DT",1,"turquoise"
"INE1",18,"lightgreen"
"ENSG00000279365",1,"turquoise"
"ENSG00000240591",1,"turquoise"
"ENSG00000279311",1,"turquoise"
"ENSG00000289221",1,"turquoise"
"ENSG00000266908",1,"turquoise"
"ENSG00000289100",1,"turquoise"
"ENSG00000282998",1,"turquoise"
"LINC01857",0,"grey"
"ENSG00000261324",1,"turquoise"
"ENSG00000285676",1,"turquoise"
"ENSG00000280138",1,"turquoise"
"EPHA1-AS1",1,"turquoise"
"ENSG00000269107",0,"grey"
"ENSG00000287039",1,"turquoise"
"MEG8",1,"turquoise"
"ENSG00000285851",2,"blue"
"SPANXA2-OT1",1,"turquoise"
"LINC00943",1,"turquoise"
"ENSG00000237773",0,"grey"
"CYP51A1-AS1",1,"turquoise"
"ENSG00000279861",1,"turquoise"
"LINC00938",3,"brown"
"ENSG00000255334",14,"cyan"
"ENSG00000236501",1,"turquoise"
"ENSG00000267287",1,"turquoise"
"ENSG00000250333",1,"turquoise"
"PWAR5",11,"greenyellow"
"SLC5A4-AS1",1,"turquoise"
"ENSG00000286267",1,"turquoise"
"ENSG00000278985",1,"turquoise"
"PAX8-AS1",0,"grey"
"LINC02309",13,"salmon"
"ENSG00000275139",1,"turquoise"
"SLC16A1-AS1",1,"turquoise"
"MALINC1",0,"grey"
"ENSG00000249642",5,"green"
"ENSG00000279154",1,"turquoise"
"LINC02325",5,"green"
"LINC00471",1,"turquoise"
"ENSG00000254162",1,"turquoise"
"ENSG00000280194",0,"grey"
"ENSG00000280007",1,"turquoise"
"LINC01237",0,"grey"
"LINC00352",1,"turquoise"
"LINC00240",18,"lightgreen"
"LINC01823",1,"turquoise"
"KLRK1-AS1",1,"turquoise"
"SKAP1-AS1",1,"turquoise"
"ENSG00000262410",1,"turquoise"
"LINC00507",1,"turquoise"
"ENSG00000230709",1,"turquoise"
"ENSG00000289311",0,"grey"
"DLEU2",1,"turquoise"
"ENSG00000272175",0,"grey"
"ENSG00000214942",1,"turquoise"
"ENSG00000272909",1,"turquoise"
"LINC01226",1,"turquoise"
"CFLAR-AS1",1,"turquoise"
"ENSG00000279029",1,"turquoise"
"ENSG00000288398",1,"turquoise"
"ENSG00000267632",1,"turquoise"
"LINC02843",1,"turquoise"
"LINC00391",18,"lightgreen"
"KIF25-AS1",5,"green"
"ENSG00000278926",1,"turquoise"
"CKMT2-AS1",1,"turquoise"
"FOXO6-AS1",1,"turquoise"
"LINC00824",0,"grey"
"ENSG00000279532",1,"turquoise"
"LINC00621",1,"turquoise"
"LINC01152",1,"turquoise"
"ENSG00000245651",1,"turquoise"
"ENSG00000248475",1,"turquoise"
"ENSG00000286933",1,"turquoise"
"RASSF8-AS1",1,"turquoise"
"ENSG00000272918",1,"turquoise"
"ENSG00000241772",0,"grey"
"EPB41L1-AS1",1,"turquoise"
"LINC01985",14,"cyan"
"ENSG00000247416",1,"turquoise"
"RTCA-AS1",1,"turquoise"
"LINC02362",1,"turquoise"
"FAM181A-AS1",1,"turquoise"
"LINC02432",0,"grey"
"ENSG00000289576",14,"cyan"
"TYMSOS",1,"turquoise"
"PRKAR2B-AS1",1,"turquoise"
"PKD1P6-NPIPP1",4,"yellow"
"ENSG00000279434",1,"turquoise"
"ENSG00000274751",1,"turquoise"
"SPRY4-AS1",1,"turquoise"
"ENSG00000240915",1,"turquoise"
"ENSG00000250258",0,"grey"
"LINC02606",1,"turquoise"
"ENSG00000286488",1,"turquoise"
"ENSG00000287190",11,"greenyellow"
"LINC01570",1,"turquoise"
"ENSG00000279520",1,"turquoise"
"GASK1B-AS1",5,"green"
"ENSG00000272316",8,"pink"
"LINC02069",1,"turquoise"
"ENSG00000288953",1,"turquoise"
"LINC00910",12,"tan"
"LINC03021",1,"turquoise"
"ENSG00000287707",1,"turquoise"
"ENSG00000285756",0,"grey"
"SMIM2-AS1",1,"turquoise"
"PRKCH-AS1",1,"turquoise"
"ENSG00000255097",1,"turquoise"
"ENSG00000232512",4,"yellow"
"ENSG00000285887",1,"turquoise"
"LINC00339",1,"turquoise"
"LIMD1-AS1",18,"lightgreen"
"ENSG00000280305",1,"turquoise"
"ENSG00000272630",1,"turquoise"
"ENSG00000279525",1,"turquoise"
"ENSG00000259327",0,"grey"
"ENSG00000286819",1,"turquoise"
"ENSG00000151303",1,"turquoise"
"ENSG00000289015",0,"grey"
"ENSG00000284702",1,"turquoise"
"NUP50-DT",1,"turquoise"
"ENSG00000236393",1,"turquoise"
"LINC00836",1,"turquoise"
"ENSG00000287611",1,"turquoise"
"DIRC3-AS1",1,"turquoise"
"LINC02453",1,"turquoise"
"DDR1-DT",1,"turquoise"
"SBF2-AS1",1,"turquoise"
"ENSG00000288897",1,"turquoise"
"SLC20A1-DT",1,"turquoise"
"ENSG00000289973",1,"turquoise"
"ENSG00000276232",11,"greenyellow"
"MLF1-DT",1,"turquoise"
"ENSG00000277283",5,"green"
"LINC01977",1,"turquoise"
"LINC02444",1,"turquoise"
"ENSG00000224884",1,"turquoise"
"ENSG00000289892",1,"turquoise"
"ENSG00000279684",0,"grey"
"LINC01344",1,"turquoise"
"ENSG00000267234",1,"turquoise"
"ENSG00000268460",1,"turquoise"
"ENSG00000236434",1,"turquoise"
"ENSG00000279821",1,"turquoise"
"LINC00332",5,"green"
"LINC01547",1,"turquoise"
"ENSG00000203635",1,"turquoise"
"ENSG00000253901",1,"turquoise"
"LINC01484",1,"turquoise"
"ENSG00000226032",13,"salmon"
"ENSG00000279807",1,"turquoise"
"ENSG00000227769",1,"turquoise"
"ENSG00000278867",1,"turquoise"
"FLJ12825",1,"turquoise"
"ENSG00000282890",5,"green"
"TMEM9B-AS1",1,"turquoise"
"ENSG00000279085",1,"turquoise"
"LUCAT1",0,"grey"
"ENSG00000253604",0,"grey"
"ENSG00000233519",1,"turquoise"
"BDNF-AS",1,"turquoise"
"ENSG00000279668",1,"turquoise"
"ENSG00000261800",14,"cyan"
"ENSG00000283633",3,"brown"
"ENSG00000213279",1,"turquoise"
"LINC02395",1,"turquoise"
"ENSG00000282772",1,"turquoise"
"LINC02848",1,"turquoise"
"ENSG00000289554",1,"turquoise"
"PTPN23-DT",0,"grey"
"ENSG00000251293",5,"green"
"ENSG00000253392",0,"grey"
"ENSG00000285820",1,"turquoise"
"DDX39B-AS1",1,"turquoise"
"ENSG00000258140",1,"turquoise"
"ENSG00000279960",1,"turquoise"
"ENSG00000231092",1,"turquoise"
"ENSG00000240401",1,"turquoise"
"ENSG00000288066",1,"turquoise"
"ENSG00000260569",1,"turquoise"
"SLC25A25-AS1",1,"turquoise"
"ENSG00000285095",1,"turquoise"
"ENSG00000287539",1,"turquoise"
"TMEM167B-DT",1,"turquoise"
"ENSG00000258760",0,"grey"
"DNAJC9-AS1",1,"turquoise"
"UGDH-AS1",1,"turquoise"
"ENSG00000233783",1,"turquoise"
"LINC02242",5,"green"
"ENSG00000286679",1,"turquoise"
"ENSG00000246851",1,"turquoise"
"MAPT-AS1",1,"turquoise"
"ENSG00000269044",1,"turquoise"
"ENSG00000264112",1,"turquoise"
"ENSG00000235389",1,"turquoise"
"POLH-AS1",0,"grey"
"ENSG00000267054",19,"lightyellow"
"ENSG00000285728",1,"turquoise"
"ENSG00000268931",1,"turquoise"
"LINC02680",1,"turquoise"
"LINC01819",15,"midnightblue"
"ENSG00000269984",1,"turquoise"
"PDGFA-DT",3,"brown"
"ENSG00000279330",0,"grey"
"ENSG00000273156",19,"lightyellow"
"TMEM147-AS1",1,"turquoise"
"ENSG00000277545",1,"turquoise"
"ENSG00000227388",1,"turquoise"
"ENSG00000287454",1,"turquoise"
"ENSG00000286746",1,"turquoise"
"ENSG00000275880",1,"turquoise"
"ENSG00000253645",8,"pink"
"ENSG00000258526",1,"turquoise"
"RIPK2-DT",1,"turquoise"
"ENSG00000226571",0,"grey"
"ENSG00000280176",19,"lightyellow"
"DGCR11",1,"turquoise"
"ZNF584-DT",0,"grey"
"ENSG00000278953",1,"turquoise"
"ENSG00000231616",1,"turquoise"
"ENSG00000254973",1,"turquoise"
"ENSG00000287516",1,"turquoise"
"GAS6-DT",1,"turquoise"
"ENSG00000243349",1,"turquoise"
"ENSG00000263234",1,"turquoise"
"ENSG00000227716",0,"grey"
"ENSG00000243433",1,"turquoise"
"ENSG00000279107",1,"turquoise"
"SUGCT-AS1",1,"turquoise"
"TNFRSF10A-DT",1,"turquoise"
"ENSG00000273507",1,"turquoise"
"ENSG00000288703",1,"turquoise"
"ENSG00000256286",1,"turquoise"
"BSN-AS1",0,"grey"
"ENSG00000287494",1,"turquoise"
"ENSG00000267138",0,"grey"
"TRIM8-DT",0,"grey"
"LIN28B-AS1",1,"turquoise"
"ENSG00000235782",0,"grey"
"MIR924HG",0,"grey"
"ENSG00000267412",1,"turquoise"
"ENSG00000259539",1,"turquoise"
"ENSG00000287983",1,"turquoise"
"ENSG00000287236",1,"turquoise"
"MAP3K2-DT",1,"turquoise"
"TSPOAP1-AS1",3,"brown"
"LINC00654",0,"grey"
"ENSG00000278730",8,"pink"
"ENSG00000262580",1,"turquoise"
"GMDS-DT",0,"grey"
"ENSG00000261338",1,"turquoise"
"L3MBTL2-AS1",1,"turquoise"
"LINC02570",1,"turquoise"
"ENSG00000286209",1,"turquoise"
"CYP1B1-AS1",1,"turquoise"
"ENSG00000285667",1,"turquoise"
"ZNF528-AS1",1,"turquoise"
"MAMDC2-AS1",1,"turquoise"
"HIPK1-AS1",1,"turquoise"
"LINC01002",2,"blue"
"ENSG00000235077",1,"turquoise"
"LINC01422",1,"turquoise"
"PCSK6-AS1",1,"turquoise"
"NIPBL-DT",1,"turquoise"
"ENSG00000278917",1,"turquoise"
"ENSG00000289397",1,"turquoise"
"ENSG00000288752",1,"turquoise"
"ENSG00000248148",1,"turquoise"
"LACTB2-AS1",1,"turquoise"
"ENSG00000252690",7,"black"
"ENSG00000280182",1,"turquoise"
"ENSG00000269091",1,"turquoise"
"LINC00989",3,"brown"
"MIR223HG",8,"pink"
"MRPL20-DT",1,"turquoise"
"ENSG00000254653",1,"turquoise"
"ENSG00000275210",1,"turquoise"
"ENSG00000214719",1,"turquoise"
"LINC02055",0,"grey"
"MEG3",0,"grey"
"LINC02896",0,"grey"
"ENSG00000280665",1,"turquoise"
"ENSG00000287005",1,"turquoise"
"ENSG00000271806",1,"turquoise"
"CLRN1-AS1",1,"turquoise"
"ENSG00000285544",1,"turquoise"
"LINC00343",1,"turquoise"
"GOT1-DT",1,"turquoise"
"ENSG00000259639",1,"turquoise"
"ENSG00000259986",1,"turquoise"
"LINC02340",0,"grey"
"ENSG00000285671",1,"turquoise"
"ENSG00000284968",1,"turquoise"
"ENSG00000237356",1,"turquoise"
"LINC02762",1,"turquoise"
"ENSG00000287899",1,"turquoise"
"MAGEA6-DT",1,"turquoise"
"ENSG00000278895",1,"turquoise"
"SEPSECS-AS1",1,"turquoise"
"ENSG00000284705",1,"turquoise"
"ENSG00000262668",14,"cyan"
"ENSG00000272945",1,"turquoise"
"ENSG00000279616",1,"turquoise"
"ENSG00000284959",1,"turquoise"
"LINC02548",1,"turquoise"
"LINC01224",1,"turquoise"
"DHRS4-AS1",0,"grey"
"ENSG00000272789",1,"turquoise"
"ENSG00000289425",1,"turquoise"
"PCED1B-AS1",1,"turquoise"
"ENSG00000285280",1,"turquoise"
"ICAM4-AS1",1,"turquoise"
"ENSG00000266805",1,"turquoise"
"EMSLR",1,"turquoise"
"FTX",1,"turquoise"
"ENSG00000260664",1,"turquoise"
"LINC01004",0,"grey"
"KCNMB2-AS1",1,"turquoise"
"FLJ40194",1,"turquoise"
"ENSG00000279407",1,"turquoise"
"LINC02624",1,"turquoise"
"ENSG00000287170",1,"turquoise"
"LINC01744",1,"turquoise"
"ENSG00000224691",1,"turquoise"
"SOCS3-DT",1,"turquoise"
"ENSG00000285744",1,"turquoise"
"ARHGEF26-AS1",1,"turquoise"
"ENSG00000289351",14,"cyan"
"ENSG00000231252",1,"turquoise"
"KLF3-AS1",1,"turquoise"
"ENSG00000225489",1,"turquoise"
"ENSG00000261329",1,"turquoise"
"ENSG00000289400",3,"brown"
"ENSG00000249349",1,"turquoise"
"ENSG00000272754",1,"turquoise"
"LINC02035",1,"turquoise"
"PRR29-AS1",1,"turquoise"
"LINC02726",5,"green"
"ERCC6L2-AS1",1,"turquoise"
"LINC02895",1,"turquoise"
"ENSG00000217455",0,"grey"
"UBL7-DT",1,"turquoise"
"ENSG00000261502",8,"pink"
"LINC01431",0,"grey"
"ENSG00000235292",1,"turquoise"
"ENSG00000232124",1,"turquoise"
"JPX",1,"turquoise"
"PCAT1",1,"turquoise"
"ENSG00000290068",1,"turquoise"
"ENSG00000273906",1,"turquoise"
"ENSG00000285636",1,"turquoise"
"ENSG00000250039",1,"turquoise"
"ENSG00000268051",1,"turquoise"
"LINC02176",1,"turquoise"
"ENSG00000261505",1,"turquoise"
"MAP9-AS1",1,"turquoise"
"ENSG00000231868",1,"turquoise"
"RAB4A-AS1",1,"turquoise"
"ENSG00000250602",1,"turquoise"
"ENSG00000287833",1,"turquoise"
"ENSG00000283148",19,"lightyellow"
"LINC00863",0,"grey"
"ENSG00000235725",1,"turquoise"
"ENSG00000267943",8,"pink"
"ENSG00000258535",1,"turquoise"
"ENSG00000289440",1,"turquoise"
"LINC01194",5,"green"
"PSMB8-AS1",0,"grey"
"TTC28-AS1",1,"turquoise"
"ENSG00000266718",1,"turquoise"
"ENSG00000235659",13,"salmon"
"ENSG00000250992",1,"turquoise"
"LINC00882",0,"grey"
"ENSG00000258240",1,"turquoise"
"ENSG00000268181",5,"green"
"ENSG00000280160",1,"turquoise"
"ENSG00000225889",0,"grey"
"NUTM2B-AS1",1,"turquoise"
"RASAL2-AS1",1,"turquoise"
"PYDC2-AS1",1,"turquoise"
"SHANK2-AS1",1,"turquoise"
"L3MBTL4-AS1",1,"turquoise"
"ENSG00000258904",1,"turquoise"
"ENSG00000284721",1,"turquoise"
"LINC00662",4,"yellow"
"FZD10-AS1",1,"turquoise"
"CRNDE",1,"turquoise"
"OXA1L-DT",1,"turquoise"
"ENSG00000285664",1,"turquoise"
"LINC01638",1,"turquoise"
"ENSG00000175604",1,"turquoise"
"LNCRNA-IUR",1,"turquoise"
"LINC00504",1,"turquoise"
"ENSG00000251413",1,"turquoise"
"ENSG00000254983",1,"turquoise"
"LINC00900",1,"turquoise"
"ENSG00000280202",1,"turquoise"
"LINC00964",1,"turquoise"
"LINC02822",1,"turquoise"
"ENSG00000269480",1,"turquoise"
"ENSG00000258017",1,"turquoise"
"C5orf64",1,"turquoise"
"ENSG00000280248",1,"turquoise"
"ENSG00000286212",0,"grey"
"ENSG00000253858",13,"salmon"
"LINC00630",1,"turquoise"
"ENSG00000279147",19,"lightyellow"
"ENSG00000289688",1,"turquoise"
"ENSG00000230303",1,"turquoise"
"APTR",1,"turquoise"
"ENSG00000280383",1,"turquoise"
"LINC02202",1,"turquoise"
"ENSG00000267992",1,"turquoise"
"ENSG00000275672",5,"green"
"ENSG00000279281",1,"turquoise"
"LINC01968",14,"cyan"
"ENSG00000272021",1,"turquoise"
"ENSG00000288585",1,"turquoise"
"ENSG00000277715",1,"turquoise"
"ENSG00000225647",1,"turquoise"
"ENSG00000274414",1,"turquoise"
"ENSG00000230612",1,"turquoise"
"SLC7A14-AS1",1,"turquoise"
"ENSG00000254337",1,"turquoise"
"ENSG00000289927",1,"turquoise"
"LINC01766",0,"grey"
"ENSG00000289852",0,"grey"
"ENSG00000263466",1,"turquoise"
"ENSG00000286797",1,"turquoise"
"LINC00598",8,"pink"
"ENSG00000254187",1,"turquoise"
"ENSG00000251600",1,"turquoise"
"HHLA3",0,"grey"
"FAM66C",1,"turquoise"
"RPP38-DT",1,"turquoise"
"ENSG00000287292",1,"turquoise"
"LINC01492",1,"turquoise"
"ENSG00000267011",1,"turquoise"
"ENSG00000287474",1,"turquoise"
"PDK1-AS1",0,"grey"
"ENSG00000286710",1,"turquoise"
"HAND2-AS1",1,"turquoise"
"ENSG00000264853",1,"turquoise"
"PRKG1-AS1",1,"turquoise"
"ENSG00000268289",1,"turquoise"
"DRAIC",1,"turquoise"
"CPB2-AS1",1,"turquoise"
"ENSG00000229227",1,"turquoise"
"ENSG00000251434",14,"cyan"
"ENSG00000264812",1,"turquoise"
"SNHG6",11,"greenyellow"
"ENSG00000265100",1,"turquoise"
"NRSN2-AS1",1,"turquoise"
"ENSG00000250132",1,"turquoise"
"ENSG00000255372",1,"turquoise"
"GEMIN7-AS1",1,"turquoise"
"SCOC-AS1",1,"turquoise"
"PABPC4-AS1",1,"turquoise"
"ENSG00000280092",1,"turquoise"
"ENSG00000235934",8,"pink"
"ENSG00000275897",1,"turquoise"
"LINC02108",1,"turquoise"
"ENSG00000285169",5,"green"
"ENSG00000279221",1,"turquoise"
"ENSG00000287759",1,"turquoise"
"LINC02482",1,"turquoise"
"ENSG00000263924",14,"cyan"
"ENSG00000287045",1,"turquoise"
"LINC01707",0,"grey"
"ZNF674-AS1",0,"grey"
"ENSG00000285906",1,"turquoise"
"ENSG00000240291",1,"turquoise"
"ENSG00000260228",0,"grey"
"FHAD1-AS1",1,"turquoise"
"ENSG00000261392",19,"lightyellow"
"ENSG00000287428",1,"turquoise"
"ENSG00000236299",1,"turquoise"
"LINC02078",1,"turquoise"
"ENSG00000183308",1,"turquoise"
"ENSG00000286388",0,"grey"
"ENSG00000287313",1,"turquoise"
"LINC01013",1,"turquoise"
"ENSG00000287855",1,"turquoise"
"SLC22A18AS",5,"green"
"ENSG00000288759",1,"turquoise"
"ENSG00000232353",1,"turquoise"
"ENSG00000267177",1,"turquoise"
"ENSG00000244675",1,"turquoise"
"ENSG00000260711",0,"grey"
"ENSG00000279339",1,"turquoise"
"ENSG00000267644",15,"midnightblue"
"LINC01496",1,"turquoise"
"LINC01772",1,"turquoise"
"MAPKAPK5-AS1",0,"grey"
"ENSG00000286565",1,"turquoise"
"ENSG00000254561",1,"turquoise"
"LINC01209",1,"turquoise"
"GTF3C2-AS2",0,"grey"
"ENSG00000277159",1,"turquoise"
"ENSG00000271119",5,"green"
"ENSG00000286622",0,"grey"
"ENSG00000267004",19,"lightyellow"
"ENSG00000275383",1,"turquoise"
"ENSG00000255237",1,"turquoise"
"LINC01504",1,"turquoise"
"ARLNC1",1,"turquoise"
"ENSG00000240521",1,"turquoise"
"ENSG00000287640",11,"greenyellow"
"ENSG00000235189",1,"turquoise"
"SNHG30",14,"cyan"
"EPIC1",1,"turquoise"
"LINC02866",1,"turquoise"
"LINC01695",1,"turquoise"
"ENSG00000285646",7,"black"
"TRG-AS1",0,"grey"
"LINC02693",0,"grey"
"ENSG00000262223",1,"turquoise"
"ENSG00000279080",1,"turquoise"
"ENSG00000234083",0,"grey"
"ENSG00000236723",1,"turquoise"
"ENSG00000232063",0,"grey"
"YWHAH-AS1",1,"turquoise"
"ST8SIA5-DT",1,"turquoise"
"PCMTD1-DT",14,"cyan"
"ENSG00000238009",1,"turquoise"
"ENSG00000225173",1,"turquoise"
"RRAGC-DT",1,"turquoise"
"ENSG00000286572",1,"turquoise"
"LINC00092",1,"turquoise"
"ENSG00000267353",1,"turquoise"
"ENSG00000236209",1,"turquoise"
"MRTFA-AS1",1,"turquoise"
"LINC01902",1,"turquoise"
"EMX2OS",1,"turquoise"
"ENSG00000259519",1,"turquoise"
"CTBP1-AS",1,"turquoise"
"B4GAT1-DT",19,"lightyellow"
"ENSG00000269148",1,"turquoise"
"ENSG00000279997",0,"grey"
"ENSG00000285679",1,"turquoise"
"ZNF436-AS1",11,"greenyellow"
"ENSG00000260798",1,"turquoise"
"ENSG00000280037",0,"grey"
"SERPINB9P1",0,"grey"
"ERVK13-1",0,"grey"
"ENSG00000260541",1,"turquoise"
"ENSG00000228528",5,"green"
"RN7SL832P",1,"turquoise"
"CPEB1-AS1",1,"turquoise"
"ENSG00000203395",1,"turquoise"
"PANTR1",1,"turquoise"
"DLGAP1-AS2",1,"turquoise"
"ENSG00000286130",1,"turquoise"
"ENSG00000230492",0,"grey"
"ENSG00000237596",1,"turquoise"
"ARIH2OS",1,"turquoise"
"ENSG00000228692",1,"turquoise"
"ENSG00000289864",15,"midnightblue"
"ENSG00000287249",1,"turquoise"
"ENSG00000251023",1,"turquoise"
"LINC02211",0,"grey"
"COQ7-DT",1,"turquoise"
"ENSG00000278890",1,"turquoise"
"LINC01060",1,"turquoise"
"LINC01128",1,"turquoise"
"SLC8A1-AS1",19,"lightyellow"
"ENSG00000279632",1,"turquoise"
"ENSG00000287797",1,"turquoise"
"ENSG00000241525",0,"grey"
"ENSG00000263731",1,"turquoise"
"ENSG00000273329",1,"turquoise"
"ENSG00000243176",1,"turquoise"
"LINC02471",1,"turquoise"
"ENSG00000285600",1,"turquoise"
"HIF1A-AS3",1,"turquoise"
"ENSG00000238158",19,"lightyellow"
"ENSG00000270022",0,"grey"
"MZF1-AS1",1,"turquoise"
"ENSG00000260360",1,"turquoise"
"CCDC18-AS1",1,"turquoise"
"HELLPAR",1,"turquoise"
"ENSG00000280395",1,"turquoise"
"RABGAP1L-IT1",1,"turquoise"
"ENSG00000269514",1,"turquoise"
"LINC00937",0,"grey"
"LINC00342",1,"turquoise"
"TEX41",5,"green"
"PKD2L2-DT",1,"turquoise"
"ENSG00000286784",9,"magenta"
"LINC02321",1,"turquoise"
"LINC00957",1,"turquoise"
"STX17-DT",1,"turquoise"
"ENSG00000286523",1,"turquoise"
"ENSG00000257294",1,"turquoise"
"ENSG00000279734",1,"turquoise"
"ENSG00000261367",1,"turquoise"
"ENSG00000230647",1,"turquoise"
"MAP3K5-AS2",0,"grey"
"ENSG00000263212",15,"midnightblue"
"LBX2-AS1",8,"pink"
"ENSG00000264067",1,"turquoise"
"ENSG00000266821",18,"lightgreen"
"LINC02611",1,"turquoise"
"ENSG00000254202",1,"turquoise"
"ENSG00000249803",1,"turquoise"
"LINC02649",1,"turquoise"
"RNF157-AS1",1,"turquoise"
"MIR646HG",1,"turquoise"
"ENSG00000262202",11,"greenyellow"
"ENSG00000288924",0,"grey"
"ENSG00000276054",1,"turquoise"
"ENSG00000203434",1,"turquoise"
"MUC20-OT1",1,"turquoise"
"ENSG00000259001",11,"greenyellow"
"ENSG00000212939",1,"turquoise"
"LINC01551",1,"turquoise"
"ENSG00000279394",1,"turquoise"
"ENSG00000205959",1,"turquoise"
"REL-DT",1,"turquoise"
"ENSG00000261211",1,"turquoise"
"ENSG00000279476",1,"turquoise"
"ENSG00000279962",1,"turquoise"
"CYP4F26P",1,"turquoise"
"ENSG00000258168",1,"turquoise"
"ENSG00000261560",1,"turquoise"
"ADD3-AS1",1,"turquoise"
"SNHG14",5,"green"
"ENSG00000280118",1,"turquoise"
"LINC02909",1,"turquoise"
"ENSG00000263272",1,"turquoise"
"PINK1-AS",1,"turquoise"
"SDAD1-AS1",0,"grey"
"ENSG00000255745",1,"turquoise"
"LINC01252",0,"grey"
"ENSG00000286171",7,"black"
"ENSG00000260257",1,"turquoise"
"ENSG00000242588",1,"turquoise"
"NEPRO-AS1",1,"turquoise"
"ENSG00000286018",1,"turquoise"
"LINC00665",1,"turquoise"
"LINC02664",1,"turquoise"
"PLCG1-AS1",1,"turquoise"
"ENSG00000264666",0,"grey"
"MIR4435-2HG",0,"grey"
"ENSG00000285632",1,"turquoise"
"ENSG00000262358",0,"grey"
"ENSG00000269482",1,"turquoise"
"LINC02137",1,"turquoise"
"ENSG00000286290",1,"turquoise"
"ENSG00000276337",1,"turquoise"
"BISPR",1,"turquoise"
"ENSG00000280334",1,"turquoise"
"ENSG00000266268",1,"turquoise"
"ENSG00000287208",8,"pink"
"ENSG00000263657",1,"turquoise"
"ENSG00000261789",1,"turquoise"
"ENSG00000226355",0,"grey"
"ENSG00000225339",1,"turquoise"
"ENSG00000232628",1,"turquoise"
"ENSG00000225885",1,"turquoise"
"ENSG00000233288",1,"turquoise"
"ENSG00000237015",1,"turquoise"
"LINC02558",1,"turquoise"
"ENSG00000285755",1,"turquoise"
"TERC",11,"greenyellow"
"WT1-AS",0,"grey"
"ENSG00000261187",1,"turquoise"
"IRF2-DT",1,"turquoise"
"ENSG00000245025",1,"turquoise"
"ZNF747-DT",15,"midnightblue"
"FENDRR",1,"turquoise"
"ENSG00000233928",1,"turquoise"
"ENSG00000288670",1,"turquoise"
"LINC01579",1,"turquoise"
"ENSG00000288973",1,"turquoise"
"ENSG00000286713",1,"turquoise"
"MIR4280HG",1,"turquoise"
"GP6-AS1",1,"turquoise"
"LINC02284",3,"brown"
"COLCA1",1,"turquoise"
"ENSG00000275764",1,"turquoise"
"ENSG00000277550",1,"turquoise"
"ENSG00000267703",1,"turquoise"
"ENSG00000285653",1,"turquoise"
"ENSG00000270823",1,"turquoise"
"ENSG00000288632",0,"grey"
"ENSG00000288044",0,"grey"
"RC3H1-IT1",1,"turquoise"
"MIR29B2CHG",2,"blue"
"ENSG00000279567",1,"turquoise"
"ENSG00000286475",1,"turquoise"
"ENSG00000248954",1,"turquoise"
"ENSG00000230732",1,"turquoise"
"ENSG00000279114",1,"turquoise"
"ENSG00000250790",1,"turquoise"
"ENSG00000279175",1,"turquoise"
"LINC00639",1,"turquoise"
"ENSG00000273080",1,"turquoise"
"ENSG00000253452",1,"turquoise"
"DGCR5",5,"green"
"ENSG00000275223",1,"turquoise"
"ENSG00000261684",1,"turquoise"
"ENSG00000280187",1,"turquoise"
"ENSG00000269945",1,"turquoise"
"LINC02371",0,"grey"
"ENSG00000289965",1,"turquoise"
"KDM7A-DT",0,"grey"
"ENSG00000279839",5,"green"
"ENSG00000287135",1,"turquoise"
"ENSG00000282041",1,"turquoise"
"LINC02031",1,"turquoise"
"ENSG00000225963",1,"turquoise"
"ENSG00000286302",1,"turquoise"
"TRDN-AS1",1,"turquoise"
"GPRC5D-AS1",1,"turquoise"
"ENSG00000242798",1,"turquoise"
"LINC02627",1,"turquoise"
"NQO2-AS1",8,"pink"
"ENSG00000198358",0,"grey"
"ENSG00000286776",1,"turquoise"
"ENSG00000287774",1,"turquoise"
"RAB33B-AS1",1,"turquoise"
"ENSG00000232386",19,"lightyellow"
"ENSG00000286125",1,"turquoise"
"ENSG00000261123",1,"turquoise"
"ENSG00000274265",1,"turquoise"
"ENSG00000279344",1,"turquoise"
"ENSG00000279259",0,"grey"
"LINC02969",1,"turquoise"
"C1orf220",1,"turquoise"
"KHDC1-AS1",1,"turquoise"
"MIATNB",0,"grey"
"ENSG00000261889",18,"lightgreen"
"LINC02826",0,"grey"
"FLVCR1-DT",1,"turquoise"
"LERFS",1,"turquoise"
"ENSG00000275678",1,"turquoise"
"LINC02219",1,"turquoise"
"LINC02447",1,"turquoise"
"ENSG00000285563",1,"turquoise"
"ENSG00000203565",1,"turquoise"
"LINC01134",1,"turquoise"
"ENSG00000267462",0,"grey"
"ENSG00000280069",1,"turquoise"
"TMCO1-AS1",1,"turquoise"
"ENSG00000254287",1,"turquoise"
"ENSG00000287684",1,"turquoise"
"DANCR",11,"greenyellow"
"ENTPD1-AS1",1,"turquoise"
"ENSG00000241490",0,"grey"
"ENSG00000260425",1,"turquoise"
"ENSG00000282542",1,"turquoise"
"DDX59-AS1",1,"turquoise"
"ENSG00000250999",1,"turquoise"
"MIR31HG",1,"turquoise"
"ENSG00000288067",1,"turquoise"
"ENSG00000249738",5,"green"
"XIST",2,"blue"
"ENSG00000251034",1,"turquoise"
"LINC00877",0,"grey"
"ENSG00000274979",1,"turquoise"
"ENSG00000272356",1,"turquoise"
"ENSG00000258875",1,"turquoise"
"LOXL1-AS1",1,"turquoise"
"ENSG00000235051",18,"lightgreen"
"ENSG00000229625",1,"turquoise"
"ENSG00000225399",0,"grey"
"ENSG00000287041",1,"turquoise"
"RBMS3-AS2",1,"turquoise"
"ENSG00000250626",1,"turquoise"
"ENSG00000259616",1,"turquoise"
"ENSG00000237735",1,"turquoise"
"ENSG00000279122",1,"turquoise"
"ENSG00000260167",1,"turquoise"
"LINC01285",1,"turquoise"
"ZNF496-DT",1,"turquoise"
"RBPMS-AS1",0,"grey"
"ENSG00000258942",0,"grey"
"ENSG00000279593",1,"turquoise"
"ENSG00000259106",19,"lightyellow"
"ENSG00000281566",0,"grey"
"LINC01476",1,"turquoise"
"ENSG00000284540",1,"turquoise"
"CARMN",1,"turquoise"
"SNHG19",11,"greenyellow"
"ENSG00000259242",1,"turquoise"
"ENSG00000259644",1,"turquoise"
"LINC01232",1,"turquoise"
"ENSG00000284624",14,"cyan"
"LINC00968",1,"turquoise"
"ENSG00000286668",1,"turquoise"
"SGMS1-AS1",0,"grey"
"LINC02263",0,"grey"
"ENSG00000260072",1,"turquoise"
"ENSG00000261467",1,"turquoise"
"ENSG00000285184",1,"turquoise"
"ENSG00000289939",14,"cyan"
"ENSG00000268756",1,"turquoise"
"LY86-AS1",0,"grey"
"SILC1",1,"turquoise"
"CSTF3-DT",1,"turquoise"
"ENSG00000257894",1,"turquoise"
"ENSG00000271851",1,"turquoise"
"ENSG00000279356",1,"turquoise"
"ENSG00000289273",0,"grey"
"PROSER2-AS1",1,"turquoise"
"LINC01001",2,"blue"
"ENSG00000279573",1,"turquoise"
"UBR5-DT",0,"grey"
"ENSG00000267401",14,"cyan"
"LINC02012",1,"turquoise"
"ENSG00000278963",1,"turquoise"
"ENSG00000237063",1,"turquoise"
"ENSG00000269050",1,"turquoise"
"ENSG00000279180",1,"turquoise"
"BCDIN3D-AS1",1,"turquoise"
"SKAP1-AS2",4,"yellow"
"ENSG00000280351",1,"turquoise"
"ENSG00000278903",8,"pink"
"LINC01858",1,"turquoise"
"MIRLET7A1HG",0,"grey"
"ENSG00000278862",1,"turquoise"
"ENSG00000283445",1,"turquoise"
"LHX1-DT",15,"midnightblue"
"ENSG00000231873",14,"cyan"
"DBET",0,"grey"
"ENSG00000256654",0,"grey"
"ENSG00000288961",1,"turquoise"
"ENSG00000261553",0,"grey"
"ENSG00000277938",1,"turquoise"
"RELA-DT",1,"turquoise"
"ENSG00000285725",0,"grey"
"LINC01624",5,"green"
"ENSG00000205890",1,"turquoise"
"MIR7-3HG",1,"turquoise"
"ENSG00000226308",1,"turquoise"
"ENSG00000287625",1,"turquoise"
"LINC02214",1,"turquoise"
"ENSG00000285871",1,"turquoise"
"ENSG00000286834",1,"turquoise"
"THRIL",1,"turquoise"
"LINC02884",3,"brown"
"ENSG00000279108",1,"turquoise"
"ZNF594-DT",1,"turquoise"
"LINC00294",1,"turquoise"
"FBXO38-DT",1,"turquoise"
"ENSG00000253227",1,"turquoise"
"EBLN3P",0,"grey"
"CLN8-AS1",0,"grey"
"LINC01719",1,"turquoise"
"ENSG00000265073",0,"grey"
"ENSG00000284726",1,"turquoise"
"ENSG00000279548",1,"turquoise"
"PAXIP1-AS2",1,"turquoise"
"ENSG00000279742",0,"grey"
"TMEM72-AS1",1,"turquoise"
"ENSG00000286625",1,"turquoise"
"LINC01572",0,"grey"
"ENSG00000267787",1,"turquoise"
"ENSG00000288597",1,"turquoise"
"ENSG00000270212",1,"turquoise"
"LINC01229",13,"salmon"
"ENSG00000287226",1,"turquoise"
"ENSG00000258603",1,"turquoise"
"ENSG00000286535",5,"green"
"ENSG00000224905",5,"green"
"SLX1A-SULT1A3",1,"turquoise"
"RAD51-AS1",0,"grey"
"ENSG00000268555",3,"brown"
"ENSG00000268027",0,"grey"
"ENSG00000259341",1,"turquoise"
"ENSG00000289698",0,"grey"
"ENSG00000232035",8,"pink"
"ENSG00000271983",1,"turquoise"
"ENSG00000287306",1,"turquoise"
"LINC02054",1,"turquoise"
"FMR1-IT1",1,"turquoise"
"EIF1B-AS1",1,"turquoise"
"ENSG00000255118",0,"grey"
"ENSG00000280132",1,"turquoise"
"ENSG00000260077",1,"turquoise"
"ENSG00000263276",1,"turquoise"
"MIAT",0,"grey"
"EML4-AS1",0,"grey"
"UCKL1-AS1",1,"turquoise"
"ECI1-AS1",1,"turquoise"
"ENSG00000279785",0,"grey"
"LINC00106",1,"turquoise"
"ENSG00000286449",1,"turquoise"
"ENSG00000230551",0,"grey"
"ENSG00000285572",1,"turquoise"
"LINC01036",0,"grey"
"ENSG00000279273",18,"lightgreen"
"ENSG00000289437",1,"turquoise"
"BOLA3-DT",1,"turquoise"
"ZNF567-DT",1,"turquoise"
"ENSG00000260507",1,"turquoise"
"CHASERR",11,"greenyellow"
"ASB16-AS1",1,"turquoise"
"SNHG3",1,"turquoise"
"LINC00996",1,"turquoise"
"HAR1B",1,"turquoise"
"ENSG00000230773",1,"turquoise"
"LINC00899",1,"turquoise"
"ENSG00000261248",1,"turquoise"
"LINC01146",0,"grey"
"ENSG00000279310",1,"turquoise"
"ENSG00000206129",1,"turquoise"
"LINC01485",1,"turquoise"
"MHENCR",15,"midnightblue"
"ENSG00000287957",1,"turquoise"
"MIR23AHG",1,"turquoise"
"ENSG00000285863",1,"turquoise"
"ENSG00000278133",1,"turquoise"
"MIR4300HG",1,"turquoise"
"TNS2-AS1",1,"turquoise"
"PSMD14-DT",5,"green"
"ENSG00000279103",1,"turquoise"
"ENSG00000286619",11,"greenyellow"
"RNU6ATAC35P",0,"grey"
"ENSG00000280088",0,"grey"
"ENSG00000287096",1,"turquoise"
"ENSG00000280388",0,"grey"
"POT1-AS1",1,"turquoise"
"ENSG00000286149",1,"turquoise"
"CYTOR",0,"grey"
"ENSG00000259876",0,"grey"
"ENSG00000265115",0,"grey"
"LINC02533",18,"lightgreen"
"ENSG00000273270",1,"turquoise"
"TMEM105",1,"turquoise"
"ENSG00000287726",1,"turquoise"
"DISC1-IT1",1,"turquoise"
"LINC02615",1,"turquoise"
"C8orf17",8,"pink"
"ALG1L9P",1,"turquoise"
"ENSG00000267239",1,"turquoise"
"ENSG00000214559",0,"grey"
"LINC01697",1,"turquoise"
"SNHG10",11,"greenyellow"
"ENSG00000257275",1,"turquoise"
"LINC02731",1,"turquoise"
"ENSG00000246225",1,"turquoise"
"C18orf15",1,"turquoise"
"ENSG00000287221",1,"turquoise"
"ENSG00000271670",1,"turquoise"
"ENSG00000254459",0,"grey"
"ENSG00000285821",1,"turquoise"
"ENSG00000234139",1,"turquoise"
"LINC00671",1,"turquoise"
"ENSG00000251393",1,"turquoise"
"ENSG00000267543",1,"turquoise"
"ENSG00000267277",1,"turquoise"
"PROX1-AS1",1,"turquoise"
"CHL1-AS2",5,"green"
"ZNF667-AS1",1,"turquoise"
"NHSL1-AS1",1,"turquoise"
"LINC00426",1,"turquoise"
"ENSG00000278071",1,"turquoise"
"ENSG00000284294",1,"turquoise"
"ENSG00000284719",5,"green"
"LINC02245",1,"turquoise"
"ENSG00000286301",1,"turquoise"
"ADPGK-AS1",1,"turquoise"
"LINC01811",1,"turquoise"
"NORAD",3,"brown"
"ENSG00000271755",1,"turquoise"
"ENSG00000267082",1,"turquoise"
"ENSG00000259654",1,"turquoise"
"LINC00534",5,"green"
"GAPLINC",0,"grey"
"ENSG00000286759",5,"green"
"ENSG00000268119",1,"turquoise"
"STAG3L5P-PVRIG2P-PILRB",0,"grey"
"ENSG00000286829",1,"turquoise"
"ENSG00000230686",1,"turquoise"
"ENSG00000287560",0,"grey"
"MIR3659HG",0,"grey"
"KBTBD11-AS1",1,"turquoise"
"ENSG00000287077",1,"turquoise"
"LINC01762",1,"turquoise"
"LINC02324",1,"turquoise"
"HCCS-DT",1,"turquoise"
